[0.159s] DEBUG:colcon:Command line arguments: ['/usr/bin/colcon', 'build']
[0.159s] DEBUG:colcon:Parsed command line arguments: Namespace(log_base=None, log_level=None, verb_name='build', build_base='build', install_base='install', merge_install=False, symlink_install=False, test_result_base=None, continue_on_error=False, executor='parallel', parallel_workers=4, event_handlers=None, ignore_user_meta=False, metas=['./colcon.meta'], base_paths=['.'], packages_ignore=None, packages_ignore_regex=None, paths=None, packages_up_to=None, packages_up_to_regex=None, packages_above=None, packages_above_and_dependencies=None, packages_above_depth=None, packages_select_by_dep=None, packages_skip_by_dep=None, packages_skip_up_to=None, packages_select_build_failed=False, packages_skip_build_finished=False, packages_select_test_failures=False, packages_skip_test_passed=False, packages_select=None, packages_skip=None, packages_select_regex=None, packages_skip_regex=None, packages_start=None, packages_end=None, allow_overriding=[], cmake_args=None, cmake_target=None, cmake_target_skip_unavailable=False, cmake_clean_cache=False, cmake_clean_first=False, cmake_force_configure=False, ament_cmake_args=None, catkin_cmake_args=None, catkin_skip_building_tests=False, verb_parser=<colcon_defaults.argument_parser.defaults.DefaultArgumentsDecorator object at 0x777748bc72b0>, verb_extension=<colcon_core.verb.build.BuildVerb object at 0x777748bc6d40>, main=<bound method BuildVerb.main of <colcon_core.verb.build.BuildVerb object at 0x777748bc6d40>>)
[0.352s] Level 1:colcon.colcon_core.package_discovery:discover_packages(colcon_meta) check parameters
[0.352s] Level 1:colcon.colcon_core.package_discovery:discover_packages(recursive) check parameters
[0.352s] Level 1:colcon.colcon_core.package_discovery:discover_packages(ignore) check parameters
[0.352s] Level 1:colcon.colcon_core.package_discovery:discover_packages(path) check parameters
[0.352s] Level 1:colcon.colcon_core.package_discovery:discover_packages(colcon_meta) discover
[0.352s] Level 1:colcon.colcon_core.package_discovery:discover_packages(recursive) discover
[0.352s] INFO:colcon.colcon_core.package_discovery:Crawling recursively for packages in '/home/abc/ROS2_SIM_WS'
[0.352s] Level 1:colcon.colcon_core.package_identification:_identify(.) by extensions ['ignore', 'ignore_ament_install']
[0.352s] Level 1:colcon.colcon_core.package_identification:_identify(.) by extension 'ignore'
[0.352s] Level 1:colcon.colcon_core.package_identification:_identify(.) by extension 'ignore_ament_install'
[0.352s] Level 1:colcon.colcon_core.package_identification:_identify(.) by extensions ['colcon_pkg']
[0.352s] Level 1:colcon.colcon_core.package_identification:_identify(.) by extension 'colcon_pkg'
[0.352s] Level 1:colcon.colcon_core.package_identification:_identify(.) by extensions ['colcon_meta']
[0.352s] Level 1:colcon.colcon_core.package_identification:_identify(.) by extension 'colcon_meta'
[0.353s] Level 1:colcon.colcon_core.package_identification:_identify(.) by extensions ['ros']
[0.353s] Level 1:colcon.colcon_core.package_identification:_identify(.) by extension 'ros'
[0.363s] Level 1:colcon.colcon_core.package_identification:_identify(.) by extensions ['cmake', 'python']
[0.363s] Level 1:colcon.colcon_core.package_identification:_identify(.) by extension 'cmake'
[0.364s] Level 1:colcon.colcon_core.package_identification:_identify(.) by extension 'python'
[0.364s] Level 1:colcon.colcon_core.package_identification:_identify(.) by extensions ['python_setup_py']
[0.364s] Level 1:colcon.colcon_core.package_identification:_identify(.) by extension 'python_setup_py'
[0.364s] Level 1:colcon.colcon_core.package_identification:_identify(build) by extensions ['ignore', 'ignore_ament_install']
[0.364s] Level 1:colcon.colcon_core.package_identification:_identify(build) by extension 'ignore'
[0.364s] Level 1:colcon.colcon_core.package_identification:_identify(build) ignored
[0.364s] Level 1:colcon.colcon_core.package_identification:_identify(ign_models) by extensions ['ignore', 'ignore_ament_install']
[0.364s] Level 1:colcon.colcon_core.package_identification:_identify(ign_models) by extension 'ignore'
[0.364s] Level 1:colcon.colcon_core.package_identification:_identify(ign_models) by extension 'ignore_ament_install'
[0.364s] Level 1:colcon.colcon_core.package_identification:_identify(ign_models) by extensions ['colcon_pkg']
[0.364s] Level 1:colcon.colcon_core.package_identification:_identify(ign_models) by extension 'colcon_pkg'
[0.364s] Level 1:colcon.colcon_core.package_identification:_identify(ign_models) by extensions ['colcon_meta']
[0.364s] Level 1:colcon.colcon_core.package_identification:_identify(ign_models) by extension 'colcon_meta'
[0.364s] Level 1:colcon.colcon_core.package_identification:_identify(ign_models) by extensions ['ros']
[0.364s] Level 1:colcon.colcon_core.package_identification:_identify(ign_models) by extension 'ros'
[0.364s] Level 1:colcon.colcon_core.package_identification:_identify(ign_models) by extensions ['cmake', 'python']
[0.364s] Level 1:colcon.colcon_core.package_identification:_identify(ign_models) by extension 'cmake'
[0.364s] Level 1:colcon.colcon_core.package_identification:_identify(ign_models) by extension 'python'
[0.364s] Level 1:colcon.colcon_core.package_identification:_identify(ign_models) by extensions ['python_setup_py']
[0.364s] Level 1:colcon.colcon_core.package_identification:_identify(ign_models) by extension 'python_setup_py'
[0.364s] Level 1:colcon.colcon_core.package_identification:_identify(ign_models/Bathtub) by extensions ['ignore', 'ignore_ament_install']
[0.364s] Level 1:colcon.colcon_core.package_identification:_identify(ign_models/Bathtub) by extension 'ignore'
[0.365s] Level 1:colcon.colcon_core.package_identification:_identify(ign_models/Bathtub) by extension 'ignore_ament_install'
[0.365s] Level 1:colcon.colcon_core.package_identification:_identify(ign_models/Bathtub) by extensions ['colcon_pkg']
[0.365s] Level 1:colcon.colcon_core.package_identification:_identify(ign_models/Bathtub) by extension 'colcon_pkg'
[0.365s] Level 1:colcon.colcon_core.package_identification:_identify(ign_models/Bathtub) by extensions ['colcon_meta']
[0.365s] Level 1:colcon.colcon_core.package_identification:_identify(ign_models/Bathtub) by extension 'colcon_meta'
[0.365s] Level 1:colcon.colcon_core.package_identification:_identify(ign_models/Bathtub) by extensions ['ros']
[0.365s] Level 1:colcon.colcon_core.package_identification:_identify(ign_models/Bathtub) by extension 'ros'
[0.365s] Level 1:colcon.colcon_core.package_identification:_identify(ign_models/Bathtub) by extensions ['cmake', 'python']
[0.365s] Level 1:colcon.colcon_core.package_identification:_identify(ign_models/Bathtub) by extension 'cmake'
[0.365s] Level 1:colcon.colcon_core.package_identification:_identify(ign_models/Bathtub) by extension 'python'
[0.365s] Level 1:colcon.colcon_core.package_identification:_identify(ign_models/Bathtub) by extensions ['python_setup_py']
[0.365s] Level 1:colcon.colcon_core.package_identification:_identify(ign_models/Bathtub) by extension 'python_setup_py'
[0.365s] Level 1:colcon.colcon_core.package_identification:_identify(ign_models/Bathtub/materials) by extensions ['ignore', 'ignore_ament_install']
[0.365s] Level 1:colcon.colcon_core.package_identification:_identify(ign_models/Bathtub/materials) by extension 'ignore'
[0.365s] Level 1:colcon.colcon_core.package_identification:_identify(ign_models/Bathtub/materials) by extension 'ignore_ament_install'
[0.365s] Level 1:colcon.colcon_core.package_identification:_identify(ign_models/Bathtub/materials) by extensions ['colcon_pkg']
[0.365s] Level 1:colcon.colcon_core.package_identification:_identify(ign_models/Bathtub/materials) by extension 'colcon_pkg'
[0.365s] Level 1:colcon.colcon_core.package_identification:_identify(ign_models/Bathtub/materials) by extensions ['colcon_meta']
[0.365s] Level 1:colcon.colcon_core.package_identification:_identify(ign_models/Bathtub/materials) by extension 'colcon_meta'
[0.365s] Level 1:colcon.colcon_core.package_identification:_identify(ign_models/Bathtub/materials) by extensions ['ros']
[0.365s] Level 1:colcon.colcon_core.package_identification:_identify(ign_models/Bathtub/materials) by extension 'ros'
[0.365s] Level 1:colcon.colcon_core.package_identification:_identify(ign_models/Bathtub/materials) by extensions ['cmake', 'python']
[0.365s] Level 1:colcon.colcon_core.package_identification:_identify(ign_models/Bathtub/materials) by extension 'cmake'
[0.365s] Level 1:colcon.colcon_core.package_identification:_identify(ign_models/Bathtub/materials) by extension 'python'
[0.365s] Level 1:colcon.colcon_core.package_identification:_identify(ign_models/Bathtub/materials) by extensions ['python_setup_py']
[0.365s] Level 1:colcon.colcon_core.package_identification:_identify(ign_models/Bathtub/materials) by extension 'python_setup_py'
[0.365s] Level 1:colcon.colcon_core.package_identification:_identify(ign_models/Bathtub/materials/textures) by extensions ['ignore', 'ignore_ament_install']
[0.365s] Level 1:colcon.colcon_core.package_identification:_identify(ign_models/Bathtub/materials/textures) by extension 'ignore'
[0.365s] Level 1:colcon.colcon_core.package_identification:_identify(ign_models/Bathtub/materials/textures) by extension 'ignore_ament_install'
[0.365s] Level 1:colcon.colcon_core.package_identification:_identify(ign_models/Bathtub/materials/textures) by extensions ['colcon_pkg']
[0.365s] Level 1:colcon.colcon_core.package_identification:_identify(ign_models/Bathtub/materials/textures) by extension 'colcon_pkg'
[0.366s] Level 1:colcon.colcon_core.package_identification:_identify(ign_models/Bathtub/materials/textures) by extensions ['colcon_meta']
[0.366s] Level 1:colcon.colcon_core.package_identification:_identify(ign_models/Bathtub/materials/textures) by extension 'colcon_meta'
[0.366s] Level 1:colcon.colcon_core.package_identification:_identify(ign_models/Bathtub/materials/textures) by extensions ['ros']
[0.366s] Level 1:colcon.colcon_core.package_identification:_identify(ign_models/Bathtub/materials/textures) by extension 'ros'
[0.366s] Level 1:colcon.colcon_core.package_identification:_identify(ign_models/Bathtub/materials/textures) by extensions ['cmake', 'python']
[0.366s] Level 1:colcon.colcon_core.package_identification:_identify(ign_models/Bathtub/materials/textures) by extension 'cmake'
[0.366s] Level 1:colcon.colcon_core.package_identification:_identify(ign_models/Bathtub/materials/textures) by extension 'python'
[0.366s] Level 1:colcon.colcon_core.package_identification:_identify(ign_models/Bathtub/materials/textures) by extensions ['python_setup_py']
[0.366s] Level 1:colcon.colcon_core.package_identification:_identify(ign_models/Bathtub/materials/textures) by extension 'python_setup_py'
[0.366s] Level 1:colcon.colcon_core.package_identification:_identify(ign_models/Bathtub/meshes) by extensions ['ignore', 'ignore_ament_install']
[0.366s] Level 1:colcon.colcon_core.package_identification:_identify(ign_models/Bathtub/meshes) by extension 'ignore'
[0.366s] Level 1:colcon.colcon_core.package_identification:_identify(ign_models/Bathtub/meshes) by extension 'ignore_ament_install'
[0.366s] Level 1:colcon.colcon_core.package_identification:_identify(ign_models/Bathtub/meshes) by extensions ['colcon_pkg']
[0.366s] Level 1:colcon.colcon_core.package_identification:_identify(ign_models/Bathtub/meshes) by extension 'colcon_pkg'
[0.366s] Level 1:colcon.colcon_core.package_identification:_identify(ign_models/Bathtub/meshes) by extensions ['colcon_meta']
[0.366s] Level 1:colcon.colcon_core.package_identification:_identify(ign_models/Bathtub/meshes) by extension 'colcon_meta'
[0.366s] Level 1:colcon.colcon_core.package_identification:_identify(ign_models/Bathtub/meshes) by extensions ['ros']
[0.366s] Level 1:colcon.colcon_core.package_identification:_identify(ign_models/Bathtub/meshes) by extension 'ros'
[0.366s] Level 1:colcon.colcon_core.package_identification:_identify(ign_models/Bathtub/meshes) by extensions ['cmake', 'python']
[0.366s] Level 1:colcon.colcon_core.package_identification:_identify(ign_models/Bathtub/meshes) by extension 'cmake'
[0.366s] Level 1:colcon.colcon_core.package_identification:_identify(ign_models/Bathtub/meshes) by extension 'python'
[0.366s] Level 1:colcon.colcon_core.package_identification:_identify(ign_models/Bathtub/meshes) by extensions ['python_setup_py']
[0.366s] Level 1:colcon.colcon_core.package_identification:_identify(ign_models/Bathtub/meshes) by extension 'python_setup_py'
[0.366s] Level 1:colcon.colcon_core.package_identification:_identify(ign_models/Bathtub/thumbnails) by extensions ['ignore', 'ignore_ament_install']
[0.366s] Level 1:colcon.colcon_core.package_identification:_identify(ign_models/Bathtub/thumbnails) by extension 'ignore'
[0.366s] Level 1:colcon.colcon_core.package_identification:_identify(ign_models/Bathtub/thumbnails) by extension 'ignore_ament_install'
[0.366s] Level 1:colcon.colcon_core.package_identification:_identify(ign_models/Bathtub/thumbnails) by extensions ['colcon_pkg']
[0.366s] Level 1:colcon.colcon_core.package_identification:_identify(ign_models/Bathtub/thumbnails) by extension 'colcon_pkg'
[0.366s] Level 1:colcon.colcon_core.package_identification:_identify(ign_models/Bathtub/thumbnails) by extensions ['colcon_meta']
[0.366s] Level 1:colcon.colcon_core.package_identification:_identify(ign_models/Bathtub/thumbnails) by extension 'colcon_meta'
[0.366s] Level 1:colcon.colcon_core.package_identification:_identify(ign_models/Bathtub/thumbnails) by extensions ['ros']
[0.366s] Level 1:colcon.colcon_core.package_identification:_identify(ign_models/Bathtub/thumbnails) by extension 'ros'
[0.367s] Level 1:colcon.colcon_core.package_identification:_identify(ign_models/Bathtub/thumbnails) by extensions ['cmake', 'python']
[0.367s] Level 1:colcon.colcon_core.package_identification:_identify(ign_models/Bathtub/thumbnails) by extension 'cmake'
[0.367s] Level 1:colcon.colcon_core.package_identification:_identify(ign_models/Bathtub/thumbnails) by extension 'python'
[0.367s] Level 1:colcon.colcon_core.package_identification:_identify(ign_models/Bathtub/thumbnails) by extensions ['python_setup_py']
[0.367s] Level 1:colcon.colcon_core.package_identification:_identify(ign_models/Bathtub/thumbnails) by extension 'python_setup_py'
[0.367s] Level 1:colcon.colcon_core.package_identification:_identify(ign_models/Bed) by extensions ['ignore', 'ignore_ament_install']
[0.367s] Level 1:colcon.colcon_core.package_identification:_identify(ign_models/Bed) by extension 'ignore'
[0.367s] Level 1:colcon.colcon_core.package_identification:_identify(ign_models/Bed) by extension 'ignore_ament_install'
[0.367s] Level 1:colcon.colcon_core.package_identification:_identify(ign_models/Bed) by extensions ['colcon_pkg']
[0.367s] Level 1:colcon.colcon_core.package_identification:_identify(ign_models/Bed) by extension 'colcon_pkg'
[0.367s] Level 1:colcon.colcon_core.package_identification:_identify(ign_models/Bed) by extensions ['colcon_meta']
[0.367s] Level 1:colcon.colcon_core.package_identification:_identify(ign_models/Bed) by extension 'colcon_meta'
[0.367s] Level 1:colcon.colcon_core.package_identification:_identify(ign_models/Bed) by extensions ['ros']
[0.367s] Level 1:colcon.colcon_core.package_identification:_identify(ign_models/Bed) by extension 'ros'
[0.367s] Level 1:colcon.colcon_core.package_identification:_identify(ign_models/Bed) by extensions ['cmake', 'python']
[0.367s] Level 1:colcon.colcon_core.package_identification:_identify(ign_models/Bed) by extension 'cmake'
[0.367s] Level 1:colcon.colcon_core.package_identification:_identify(ign_models/Bed) by extension 'python'
[0.367s] Level 1:colcon.colcon_core.package_identification:_identify(ign_models/Bed) by extensions ['python_setup_py']
[0.367s] Level 1:colcon.colcon_core.package_identification:_identify(ign_models/Bed) by extension 'python_setup_py'
[0.367s] Level 1:colcon.colcon_core.package_identification:_identify(ign_models/Bed/materials) by extensions ['ignore', 'ignore_ament_install']
[0.367s] Level 1:colcon.colcon_core.package_identification:_identify(ign_models/Bed/materials) by extension 'ignore'
[0.367s] Level 1:colcon.colcon_core.package_identification:_identify(ign_models/Bed/materials) by extension 'ignore_ament_install'
[0.367s] Level 1:colcon.colcon_core.package_identification:_identify(ign_models/Bed/materials) by extensions ['colcon_pkg']
[0.367s] Level 1:colcon.colcon_core.package_identification:_identify(ign_models/Bed/materials) by extension 'colcon_pkg'
[0.367s] Level 1:colcon.colcon_core.package_identification:_identify(ign_models/Bed/materials) by extensions ['colcon_meta']
[0.367s] Level 1:colcon.colcon_core.package_identification:_identify(ign_models/Bed/materials) by extension 'colcon_meta'
[0.367s] Level 1:colcon.colcon_core.package_identification:_identify(ign_models/Bed/materials) by extensions ['ros']
[0.367s] Level 1:colcon.colcon_core.package_identification:_identify(ign_models/Bed/materials) by extension 'ros'
[0.367s] Level 1:colcon.colcon_core.package_identification:_identify(ign_models/Bed/materials) by extensions ['cmake', 'python']
[0.367s] Level 1:colcon.colcon_core.package_identification:_identify(ign_models/Bed/materials) by extension 'cmake'
[0.367s] Level 1:colcon.colcon_core.package_identification:_identify(ign_models/Bed/materials) by extension 'python'
[0.367s] Level 1:colcon.colcon_core.package_identification:_identify(ign_models/Bed/materials) by extensions ['python_setup_py']
[0.367s] Level 1:colcon.colcon_core.package_identification:_identify(ign_models/Bed/materials) by extension 'python_setup_py'
[0.367s] Level 1:colcon.colcon_core.package_identification:_identify(ign_models/Bed/materials/textures) by extensions ['ignore', 'ignore_ament_install']
[0.368s] Level 1:colcon.colcon_core.package_identification:_identify(ign_models/Bed/materials/textures) by extension 'ignore'
[0.368s] Level 1:colcon.colcon_core.package_identification:_identify(ign_models/Bed/materials/textures) by extension 'ignore_ament_install'
[0.368s] Level 1:colcon.colcon_core.package_identification:_identify(ign_models/Bed/materials/textures) by extensions ['colcon_pkg']
[0.368s] Level 1:colcon.colcon_core.package_identification:_identify(ign_models/Bed/materials/textures) by extension 'colcon_pkg'
[0.368s] Level 1:colcon.colcon_core.package_identification:_identify(ign_models/Bed/materials/textures) by extensions ['colcon_meta']
[0.368s] Level 1:colcon.colcon_core.package_identification:_identify(ign_models/Bed/materials/textures) by extension 'colcon_meta'
[0.368s] Level 1:colcon.colcon_core.package_identification:_identify(ign_models/Bed/materials/textures) by extensions ['ros']
[0.368s] Level 1:colcon.colcon_core.package_identification:_identify(ign_models/Bed/materials/textures) by extension 'ros'
[0.368s] Level 1:colcon.colcon_core.package_identification:_identify(ign_models/Bed/materials/textures) by extensions ['cmake', 'python']
[0.368s] Level 1:colcon.colcon_core.package_identification:_identify(ign_models/Bed/materials/textures) by extension 'cmake'
[0.368s] Level 1:colcon.colcon_core.package_identification:_identify(ign_models/Bed/materials/textures) by extension 'python'
[0.368s] Level 1:colcon.colcon_core.package_identification:_identify(ign_models/Bed/materials/textures) by extensions ['python_setup_py']
[0.368s] Level 1:colcon.colcon_core.package_identification:_identify(ign_models/Bed/materials/textures) by extension 'python_setup_py'
[0.368s] Level 1:colcon.colcon_core.package_identification:_identify(ign_models/Bed/meshes) by extensions ['ignore', 'ignore_ament_install']
[0.368s] Level 1:colcon.colcon_core.package_identification:_identify(ign_models/Bed/meshes) by extension 'ignore'
[0.368s] Level 1:colcon.colcon_core.package_identification:_identify(ign_models/Bed/meshes) by extension 'ignore_ament_install'
[0.368s] Level 1:colcon.colcon_core.package_identification:_identify(ign_models/Bed/meshes) by extensions ['colcon_pkg']
[0.368s] Level 1:colcon.colcon_core.package_identification:_identify(ign_models/Bed/meshes) by extension 'colcon_pkg'
[0.368s] Level 1:colcon.colcon_core.package_identification:_identify(ign_models/Bed/meshes) by extensions ['colcon_meta']
[0.368s] Level 1:colcon.colcon_core.package_identification:_identify(ign_models/Bed/meshes) by extension 'colcon_meta'
[0.368s] Level 1:colcon.colcon_core.package_identification:_identify(ign_models/Bed/meshes) by extensions ['ros']
[0.368s] Level 1:colcon.colcon_core.package_identification:_identify(ign_models/Bed/meshes) by extension 'ros'
[0.368s] Level 1:colcon.colcon_core.package_identification:_identify(ign_models/Bed/meshes) by extensions ['cmake', 'python']
[0.368s] Level 1:colcon.colcon_core.package_identification:_identify(ign_models/Bed/meshes) by extension 'cmake'
[0.368s] Level 1:colcon.colcon_core.package_identification:_identify(ign_models/Bed/meshes) by extension 'python'
[0.368s] Level 1:colcon.colcon_core.package_identification:_identify(ign_models/Bed/meshes) by extensions ['python_setup_py']
[0.368s] Level 1:colcon.colcon_core.package_identification:_identify(ign_models/Bed/meshes) by extension 'python_setup_py'
[0.369s] Level 1:colcon.colcon_core.package_identification:_identify(ign_models/Bed/thumbnails) by extensions ['ignore', 'ignore_ament_install']
[0.369s] Level 1:colcon.colcon_core.package_identification:_identify(ign_models/Bed/thumbnails) by extension 'ignore'
[0.369s] Level 1:colcon.colcon_core.package_identification:_identify(ign_models/Bed/thumbnails) by extension 'ignore_ament_install'
[0.369s] Level 1:colcon.colcon_core.package_identification:_identify(ign_models/Bed/thumbnails) by extensions ['colcon_pkg']
[0.369s] Level 1:colcon.colcon_core.package_identification:_identify(ign_models/Bed/thumbnails) by extension 'colcon_pkg'
[0.369s] Level 1:colcon.colcon_core.package_identification:_identify(ign_models/Bed/thumbnails) by extensions ['colcon_meta']
[0.369s] Level 1:colcon.colcon_core.package_identification:_identify(ign_models/Bed/thumbnails) by extension 'colcon_meta'
[0.369s] Level 1:colcon.colcon_core.package_identification:_identify(ign_models/Bed/thumbnails) by extensions ['ros']
[0.369s] Level 1:colcon.colcon_core.package_identification:_identify(ign_models/Bed/thumbnails) by extension 'ros'
[0.369s] Level 1:colcon.colcon_core.package_identification:_identify(ign_models/Bed/thumbnails) by extensions ['cmake', 'python']
[0.369s] Level 1:colcon.colcon_core.package_identification:_identify(ign_models/Bed/thumbnails) by extension 'cmake'
[0.369s] Level 1:colcon.colcon_core.package_identification:_identify(ign_models/Bed/thumbnails) by extension 'python'
[0.369s] Level 1:colcon.colcon_core.package_identification:_identify(ign_models/Bed/thumbnails) by extensions ['python_setup_py']
[0.369s] Level 1:colcon.colcon_core.package_identification:_identify(ign_models/Bed/thumbnails) by extension 'python_setup_py'
[0.369s] Level 1:colcon.colcon_core.package_identification:_identify(ign_models/Dining Table) by extensions ['ignore', 'ignore_ament_install']
[0.369s] Level 1:colcon.colcon_core.package_identification:_identify(ign_models/Dining Table) by extension 'ignore'
[0.369s] Level 1:colcon.colcon_core.package_identification:_identify(ign_models/Dining Table) by extension 'ignore_ament_install'
[0.369s] Level 1:colcon.colcon_core.package_identification:_identify(ign_models/Dining Table) by extensions ['colcon_pkg']
[0.369s] Level 1:colcon.colcon_core.package_identification:_identify(ign_models/Dining Table) by extension 'colcon_pkg'
[0.369s] Level 1:colcon.colcon_core.package_identification:_identify(ign_models/Dining Table) by extensions ['colcon_meta']
[0.369s] Level 1:colcon.colcon_core.package_identification:_identify(ign_models/Dining Table) by extension 'colcon_meta'
[0.369s] Level 1:colcon.colcon_core.package_identification:_identify(ign_models/Dining Table) by extensions ['ros']
[0.369s] Level 1:colcon.colcon_core.package_identification:_identify(ign_models/Dining Table) by extension 'ros'
[0.369s] Level 1:colcon.colcon_core.package_identification:_identify(ign_models/Dining Table) by extensions ['cmake', 'python']
[0.369s] Level 1:colcon.colcon_core.package_identification:_identify(ign_models/Dining Table) by extension 'cmake'
[0.369s] Level 1:colcon.colcon_core.package_identification:_identify(ign_models/Dining Table) by extension 'python'
[0.369s] Level 1:colcon.colcon_core.package_identification:_identify(ign_models/Dining Table) by extensions ['python_setup_py']
[0.369s] Level 1:colcon.colcon_core.package_identification:_identify(ign_models/Dining Table) by extension 'python_setup_py'
[0.369s] Level 1:colcon.colcon_core.package_identification:_identify(ign_models/Dining Table/materials) by extensions ['ignore', 'ignore_ament_install']
[0.369s] Level 1:colcon.colcon_core.package_identification:_identify(ign_models/Dining Table/materials) by extension 'ignore'
[0.370s] Level 1:colcon.colcon_core.package_identification:_identify(ign_models/Dining Table/materials) by extension 'ignore_ament_install'
[0.370s] Level 1:colcon.colcon_core.package_identification:_identify(ign_models/Dining Table/materials) by extensions ['colcon_pkg']
[0.370s] Level 1:colcon.colcon_core.package_identification:_identify(ign_models/Dining Table/materials) by extension 'colcon_pkg'
[0.370s] Level 1:colcon.colcon_core.package_identification:_identify(ign_models/Dining Table/materials) by extensions ['colcon_meta']
[0.370s] Level 1:colcon.colcon_core.package_identification:_identify(ign_models/Dining Table/materials) by extension 'colcon_meta'
[0.370s] Level 1:colcon.colcon_core.package_identification:_identify(ign_models/Dining Table/materials) by extensions ['ros']
[0.370s] Level 1:colcon.colcon_core.package_identification:_identify(ign_models/Dining Table/materials) by extension 'ros'
[0.370s] Level 1:colcon.colcon_core.package_identification:_identify(ign_models/Dining Table/materials) by extensions ['cmake', 'python']
[0.370s] Level 1:colcon.colcon_core.package_identification:_identify(ign_models/Dining Table/materials) by extension 'cmake'
[0.370s] Level 1:colcon.colcon_core.package_identification:_identify(ign_models/Dining Table/materials) by extension 'python'
[0.370s] Level 1:colcon.colcon_core.package_identification:_identify(ign_models/Dining Table/materials) by extensions ['python_setup_py']
[0.370s] Level 1:colcon.colcon_core.package_identification:_identify(ign_models/Dining Table/materials) by extension 'python_setup_py'
[0.370s] Level 1:colcon.colcon_core.package_identification:_identify(ign_models/Dining Table/materials/textures) by extensions ['ignore', 'ignore_ament_install']
[0.370s] Level 1:colcon.colcon_core.package_identification:_identify(ign_models/Dining Table/materials/textures) by extension 'ignore'
[0.370s] Level 1:colcon.colcon_core.package_identification:_identify(ign_models/Dining Table/materials/textures) by extension 'ignore_ament_install'
[0.370s] Level 1:colcon.colcon_core.package_identification:_identify(ign_models/Dining Table/materials/textures) by extensions ['colcon_pkg']
[0.370s] Level 1:colcon.colcon_core.package_identification:_identify(ign_models/Dining Table/materials/textures) by extension 'colcon_pkg'
[0.370s] Level 1:colcon.colcon_core.package_identification:_identify(ign_models/Dining Table/materials/textures) by extensions ['colcon_meta']
[0.370s] Level 1:colcon.colcon_core.package_identification:_identify(ign_models/Dining Table/materials/textures) by extension 'colcon_meta'
[0.370s] Level 1:colcon.colcon_core.package_identification:_identify(ign_models/Dining Table/materials/textures) by extensions ['ros']
[0.370s] Level 1:colcon.colcon_core.package_identification:_identify(ign_models/Dining Table/materials/textures) by extension 'ros'
[0.370s] Level 1:colcon.colcon_core.package_identification:_identify(ign_models/Dining Table/materials/textures) by extensions ['cmake', 'python']
[0.370s] Level 1:colcon.colcon_core.package_identification:_identify(ign_models/Dining Table/materials/textures) by extension 'cmake'
[0.370s] Level 1:colcon.colcon_core.package_identification:_identify(ign_models/Dining Table/materials/textures) by extension 'python'
[0.370s] Level 1:colcon.colcon_core.package_identification:_identify(ign_models/Dining Table/materials/textures) by extensions ['python_setup_py']
[0.370s] Level 1:colcon.colcon_core.package_identification:_identify(ign_models/Dining Table/materials/textures) by extension 'python_setup_py'
[0.370s] Level 1:colcon.colcon_core.package_identification:_identify(ign_models/Dining Table/meshes) by extensions ['ignore', 'ignore_ament_install']
[0.370s] Level 1:colcon.colcon_core.package_identification:_identify(ign_models/Dining Table/meshes) by extension 'ignore'
[0.370s] Level 1:colcon.colcon_core.package_identification:_identify(ign_models/Dining Table/meshes) by extension 'ignore_ament_install'
[0.370s] Level 1:colcon.colcon_core.package_identification:_identify(ign_models/Dining Table/meshes) by extensions ['colcon_pkg']
[0.371s] Level 1:colcon.colcon_core.package_identification:_identify(ign_models/Dining Table/meshes) by extension 'colcon_pkg'
[0.371s] Level 1:colcon.colcon_core.package_identification:_identify(ign_models/Dining Table/meshes) by extensions ['colcon_meta']
[0.371s] Level 1:colcon.colcon_core.package_identification:_identify(ign_models/Dining Table/meshes) by extension 'colcon_meta'
[0.371s] Level 1:colcon.colcon_core.package_identification:_identify(ign_models/Dining Table/meshes) by extensions ['ros']
[0.371s] Level 1:colcon.colcon_core.package_identification:_identify(ign_models/Dining Table/meshes) by extension 'ros'
[0.371s] Level 1:colcon.colcon_core.package_identification:_identify(ign_models/Dining Table/meshes) by extensions ['cmake', 'python']
[0.371s] Level 1:colcon.colcon_core.package_identification:_identify(ign_models/Dining Table/meshes) by extension 'cmake'
[0.371s] Level 1:colcon.colcon_core.package_identification:_identify(ign_models/Dining Table/meshes) by extension 'python'
[0.371s] Level 1:colcon.colcon_core.package_identification:_identify(ign_models/Dining Table/meshes) by extensions ['python_setup_py']
[0.371s] Level 1:colcon.colcon_core.package_identification:_identify(ign_models/Dining Table/meshes) by extension 'python_setup_py'
[0.371s] Level 1:colcon.colcon_core.package_identification:_identify(ign_models/Dining Table/thumbnails) by extensions ['ignore', 'ignore_ament_install']
[0.371s] Level 1:colcon.colcon_core.package_identification:_identify(ign_models/Dining Table/thumbnails) by extension 'ignore'
[0.371s] Level 1:colcon.colcon_core.package_identification:_identify(ign_models/Dining Table/thumbnails) by extension 'ignore_ament_install'
[0.371s] Level 1:colcon.colcon_core.package_identification:_identify(ign_models/Dining Table/thumbnails) by extensions ['colcon_pkg']
[0.371s] Level 1:colcon.colcon_core.package_identification:_identify(ign_models/Dining Table/thumbnails) by extension 'colcon_pkg'
[0.371s] Level 1:colcon.colcon_core.package_identification:_identify(ign_models/Dining Table/thumbnails) by extensions ['colcon_meta']
[0.371s] Level 1:colcon.colcon_core.package_identification:_identify(ign_models/Dining Table/thumbnails) by extension 'colcon_meta'
[0.371s] Level 1:colcon.colcon_core.package_identification:_identify(ign_models/Dining Table/thumbnails) by extensions ['ros']
[0.371s] Level 1:colcon.colcon_core.package_identification:_identify(ign_models/Dining Table/thumbnails) by extension 'ros'
[0.371s] Level 1:colcon.colcon_core.package_identification:_identify(ign_models/Dining Table/thumbnails) by extensions ['cmake', 'python']
[0.371s] Level 1:colcon.colcon_core.package_identification:_identify(ign_models/Dining Table/thumbnails) by extension 'cmake'
[0.371s] Level 1:colcon.colcon_core.package_identification:_identify(ign_models/Dining Table/thumbnails) by extension 'python'
[0.371s] Level 1:colcon.colcon_core.package_identification:_identify(ign_models/Dining Table/thumbnails) by extensions ['python_setup_py']
[0.371s] Level 1:colcon.colcon_core.package_identification:_identify(ign_models/Dining Table/thumbnails) by extension 'python_setup_py'
[0.371s] Level 1:colcon.colcon_core.package_identification:_identify(ign_models/Office Desk) by extensions ['ignore', 'ignore_ament_install']
[0.371s] Level 1:colcon.colcon_core.package_identification:_identify(ign_models/Office Desk) by extension 'ignore'
[0.371s] Level 1:colcon.colcon_core.package_identification:_identify(ign_models/Office Desk) by extension 'ignore_ament_install'
[0.371s] Level 1:colcon.colcon_core.package_identification:_identify(ign_models/Office Desk) by extensions ['colcon_pkg']
[0.372s] Level 1:colcon.colcon_core.package_identification:_identify(ign_models/Office Desk) by extension 'colcon_pkg'
[0.372s] Level 1:colcon.colcon_core.package_identification:_identify(ign_models/Office Desk) by extensions ['colcon_meta']
[0.372s] Level 1:colcon.colcon_core.package_identification:_identify(ign_models/Office Desk) by extension 'colcon_meta'
[0.372s] Level 1:colcon.colcon_core.package_identification:_identify(ign_models/Office Desk) by extensions ['ros']
[0.372s] Level 1:colcon.colcon_core.package_identification:_identify(ign_models/Office Desk) by extension 'ros'
[0.372s] Level 1:colcon.colcon_core.package_identification:_identify(ign_models/Office Desk) by extensions ['cmake', 'python']
[0.372s] Level 1:colcon.colcon_core.package_identification:_identify(ign_models/Office Desk) by extension 'cmake'
[0.372s] Level 1:colcon.colcon_core.package_identification:_identify(ign_models/Office Desk) by extension 'python'
[0.372s] Level 1:colcon.colcon_core.package_identification:_identify(ign_models/Office Desk) by extensions ['python_setup_py']
[0.372s] Level 1:colcon.colcon_core.package_identification:_identify(ign_models/Office Desk) by extension 'python_setup_py'
[0.372s] Level 1:colcon.colcon_core.package_identification:_identify(ign_models/Office Desk/materials) by extensions ['ignore', 'ignore_ament_install']
[0.372s] Level 1:colcon.colcon_core.package_identification:_identify(ign_models/Office Desk/materials) by extension 'ignore'
[0.372s] Level 1:colcon.colcon_core.package_identification:_identify(ign_models/Office Desk/materials) by extension 'ignore_ament_install'
[0.372s] Level 1:colcon.colcon_core.package_identification:_identify(ign_models/Office Desk/materials) by extensions ['colcon_pkg']
[0.372s] Level 1:colcon.colcon_core.package_identification:_identify(ign_models/Office Desk/materials) by extension 'colcon_pkg'
[0.372s] Level 1:colcon.colcon_core.package_identification:_identify(ign_models/Office Desk/materials) by extensions ['colcon_meta']
[0.372s] Level 1:colcon.colcon_core.package_identification:_identify(ign_models/Office Desk/materials) by extension 'colcon_meta'
[0.372s] Level 1:colcon.colcon_core.package_identification:_identify(ign_models/Office Desk/materials) by extensions ['ros']
[0.372s] Level 1:colcon.colcon_core.package_identification:_identify(ign_models/Office Desk/materials) by extension 'ros'
[0.372s] Level 1:colcon.colcon_core.package_identification:_identify(ign_models/Office Desk/materials) by extensions ['cmake', 'python']
[0.372s] Level 1:colcon.colcon_core.package_identification:_identify(ign_models/Office Desk/materials) by extension 'cmake'
[0.372s] Level 1:colcon.colcon_core.package_identification:_identify(ign_models/Office Desk/materials) by extension 'python'
[0.372s] Level 1:colcon.colcon_core.package_identification:_identify(ign_models/Office Desk/materials) by extensions ['python_setup_py']
[0.372s] Level 1:colcon.colcon_core.package_identification:_identify(ign_models/Office Desk/materials) by extension 'python_setup_py'
[0.372s] Level 1:colcon.colcon_core.package_identification:_identify(ign_models/Office Desk/materials/textures) by extensions ['ignore', 'ignore_ament_install']
[0.372s] Level 1:colcon.colcon_core.package_identification:_identify(ign_models/Office Desk/materials/textures) by extension 'ignore'
[0.372s] Level 1:colcon.colcon_core.package_identification:_identify(ign_models/Office Desk/materials/textures) by extension 'ignore_ament_install'
[0.372s] Level 1:colcon.colcon_core.package_identification:_identify(ign_models/Office Desk/materials/textures) by extensions ['colcon_pkg']
[0.372s] Level 1:colcon.colcon_core.package_identification:_identify(ign_models/Office Desk/materials/textures) by extension 'colcon_pkg'
[0.372s] Level 1:colcon.colcon_core.package_identification:_identify(ign_models/Office Desk/materials/textures) by extensions ['colcon_meta']
[0.372s] Level 1:colcon.colcon_core.package_identification:_identify(ign_models/Office Desk/materials/textures) by extension 'colcon_meta'
[0.372s] Level 1:colcon.colcon_core.package_identification:_identify(ign_models/Office Desk/materials/textures) by extensions ['ros']
[0.372s] Level 1:colcon.colcon_core.package_identification:_identify(ign_models/Office Desk/materials/textures) by extension 'ros'
[0.373s] Level 1:colcon.colcon_core.package_identification:_identify(ign_models/Office Desk/materials/textures) by extensions ['cmake', 'python']
[0.373s] Level 1:colcon.colcon_core.package_identification:_identify(ign_models/Office Desk/materials/textures) by extension 'cmake'
[0.373s] Level 1:colcon.colcon_core.package_identification:_identify(ign_models/Office Desk/materials/textures) by extension 'python'
[0.373s] Level 1:colcon.colcon_core.package_identification:_identify(ign_models/Office Desk/materials/textures) by extensions ['python_setup_py']
[0.373s] Level 1:colcon.colcon_core.package_identification:_identify(ign_models/Office Desk/materials/textures) by extension 'python_setup_py'
[0.373s] Level 1:colcon.colcon_core.package_identification:_identify(ign_models/Office Desk/meshes) by extensions ['ignore', 'ignore_ament_install']
[0.373s] Level 1:colcon.colcon_core.package_identification:_identify(ign_models/Office Desk/meshes) by extension 'ignore'
[0.373s] Level 1:colcon.colcon_core.package_identification:_identify(ign_models/Office Desk/meshes) by extension 'ignore_ament_install'
[0.373s] Level 1:colcon.colcon_core.package_identification:_identify(ign_models/Office Desk/meshes) by extensions ['colcon_pkg']
[0.373s] Level 1:colcon.colcon_core.package_identification:_identify(ign_models/Office Desk/meshes) by extension 'colcon_pkg'
[0.373s] Level 1:colcon.colcon_core.package_identification:_identify(ign_models/Office Desk/meshes) by extensions ['colcon_meta']
[0.373s] Level 1:colcon.colcon_core.package_identification:_identify(ign_models/Office Desk/meshes) by extension 'colcon_meta'
[0.373s] Level 1:colcon.colcon_core.package_identification:_identify(ign_models/Office Desk/meshes) by extensions ['ros']
[0.373s] Level 1:colcon.colcon_core.package_identification:_identify(ign_models/Office Desk/meshes) by extension 'ros'
[0.373s] Level 1:colcon.colcon_core.package_identification:_identify(ign_models/Office Desk/meshes) by extensions ['cmake', 'python']
[0.373s] Level 1:colcon.colcon_core.package_identification:_identify(ign_models/Office Desk/meshes) by extension 'cmake'
[0.373s] Level 1:colcon.colcon_core.package_identification:_identify(ign_models/Office Desk/meshes) by extension 'python'
[0.373s] Level 1:colcon.colcon_core.package_identification:_identify(ign_models/Office Desk/meshes) by extensions ['python_setup_py']
[0.373s] Level 1:colcon.colcon_core.package_identification:_identify(ign_models/Office Desk/meshes) by extension 'python_setup_py'
[0.373s] Level 1:colcon.colcon_core.package_identification:_identify(ign_models/Office Desk/thumbnails) by extensions ['ignore', 'ignore_ament_install']
[0.373s] Level 1:colcon.colcon_core.package_identification:_identify(ign_models/Office Desk/thumbnails) by extension 'ignore'
[0.373s] Level 1:colcon.colcon_core.package_identification:_identify(ign_models/Office Desk/thumbnails) by extension 'ignore_ament_install'
[0.373s] Level 1:colcon.colcon_core.package_identification:_identify(ign_models/Office Desk/thumbnails) by extensions ['colcon_pkg']
[0.373s] Level 1:colcon.colcon_core.package_identification:_identify(ign_models/Office Desk/thumbnails) by extension 'colcon_pkg'
[0.373s] Level 1:colcon.colcon_core.package_identification:_identify(ign_models/Office Desk/thumbnails) by extensions ['colcon_meta']
[0.373s] Level 1:colcon.colcon_core.package_identification:_identify(ign_models/Office Desk/thumbnails) by extension 'colcon_meta'
[0.373s] Level 1:colcon.colcon_core.package_identification:_identify(ign_models/Office Desk/thumbnails) by extensions ['ros']
[0.373s] Level 1:colcon.colcon_core.package_identification:_identify(ign_models/Office Desk/thumbnails) by extension 'ros'
[0.373s] Level 1:colcon.colcon_core.package_identification:_identify(ign_models/Office Desk/thumbnails) by extensions ['cmake', 'python']
[0.373s] Level 1:colcon.colcon_core.package_identification:_identify(ign_models/Office Desk/thumbnails) by extension 'cmake'
[0.373s] Level 1:colcon.colcon_core.package_identification:_identify(ign_models/Office Desk/thumbnails) by extension 'python'
[0.373s] Level 1:colcon.colcon_core.package_identification:_identify(ign_models/Office Desk/thumbnails) by extensions ['python_setup_py']
[0.374s] Level 1:colcon.colcon_core.package_identification:_identify(ign_models/Office Desk/thumbnails) by extension 'python_setup_py'
[0.374s] Level 1:colcon.colcon_core.package_identification:_identify(ign_models/Pickup) by extensions ['ignore', 'ignore_ament_install']
[0.374s] Level 1:colcon.colcon_core.package_identification:_identify(ign_models/Pickup) by extension 'ignore'
[0.374s] Level 1:colcon.colcon_core.package_identification:_identify(ign_models/Pickup) by extension 'ignore_ament_install'
[0.374s] Level 1:colcon.colcon_core.package_identification:_identify(ign_models/Pickup) by extensions ['colcon_pkg']
[0.374s] Level 1:colcon.colcon_core.package_identification:_identify(ign_models/Pickup) by extension 'colcon_pkg'
[0.374s] Level 1:colcon.colcon_core.package_identification:_identify(ign_models/Pickup) by extensions ['colcon_meta']
[0.374s] Level 1:colcon.colcon_core.package_identification:_identify(ign_models/Pickup) by extension 'colcon_meta'
[0.374s] Level 1:colcon.colcon_core.package_identification:_identify(ign_models/Pickup) by extensions ['ros']
[0.374s] Level 1:colcon.colcon_core.package_identification:_identify(ign_models/Pickup) by extension 'ros'
[0.374s] Level 1:colcon.colcon_core.package_identification:_identify(ign_models/Pickup) by extensions ['cmake', 'python']
[0.374s] Level 1:colcon.colcon_core.package_identification:_identify(ign_models/Pickup) by extension 'cmake'
[0.374s] Level 1:colcon.colcon_core.package_identification:_identify(ign_models/Pickup) by extension 'python'
[0.374s] Level 1:colcon.colcon_core.package_identification:_identify(ign_models/Pickup) by extensions ['python_setup_py']
[0.374s] Level 1:colcon.colcon_core.package_identification:_identify(ign_models/Pickup) by extension 'python_setup_py'
[0.374s] Level 1:colcon.colcon_core.package_identification:_identify(ign_models/Pickup/materials) by extensions ['ignore', 'ignore_ament_install']
[0.374s] Level 1:colcon.colcon_core.package_identification:_identify(ign_models/Pickup/materials) by extension 'ignore'
[0.374s] Level 1:colcon.colcon_core.package_identification:_identify(ign_models/Pickup/materials) by extension 'ignore_ament_install'
[0.374s] Level 1:colcon.colcon_core.package_identification:_identify(ign_models/Pickup/materials) by extensions ['colcon_pkg']
[0.374s] Level 1:colcon.colcon_core.package_identification:_identify(ign_models/Pickup/materials) by extension 'colcon_pkg'
[0.374s] Level 1:colcon.colcon_core.package_identification:_identify(ign_models/Pickup/materials) by extensions ['colcon_meta']
[0.374s] Level 1:colcon.colcon_core.package_identification:_identify(ign_models/Pickup/materials) by extension 'colcon_meta'
[0.374s] Level 1:colcon.colcon_core.package_identification:_identify(ign_models/Pickup/materials) by extensions ['ros']
[0.374s] Level 1:colcon.colcon_core.package_identification:_identify(ign_models/Pickup/materials) by extension 'ros'
[0.374s] Level 1:colcon.colcon_core.package_identification:_identify(ign_models/Pickup/materials) by extensions ['cmake', 'python']
[0.374s] Level 1:colcon.colcon_core.package_identification:_identify(ign_models/Pickup/materials) by extension 'cmake'
[0.374s] Level 1:colcon.colcon_core.package_identification:_identify(ign_models/Pickup/materials) by extension 'python'
[0.374s] Level 1:colcon.colcon_core.package_identification:_identify(ign_models/Pickup/materials) by extensions ['python_setup_py']
[0.374s] Level 1:colcon.colcon_core.package_identification:_identify(ign_models/Pickup/materials) by extension 'python_setup_py'
[0.375s] Level 1:colcon.colcon_core.package_identification:_identify(ign_models/Pickup/materials/textures) by extensions ['ignore', 'ignore_ament_install']
[0.375s] Level 1:colcon.colcon_core.package_identification:_identify(ign_models/Pickup/materials/textures) by extension 'ignore'
[0.375s] Level 1:colcon.colcon_core.package_identification:_identify(ign_models/Pickup/materials/textures) by extension 'ignore_ament_install'
[0.375s] Level 1:colcon.colcon_core.package_identification:_identify(ign_models/Pickup/materials/textures) by extensions ['colcon_pkg']
[0.375s] Level 1:colcon.colcon_core.package_identification:_identify(ign_models/Pickup/materials/textures) by extension 'colcon_pkg'
[0.375s] Level 1:colcon.colcon_core.package_identification:_identify(ign_models/Pickup/materials/textures) by extensions ['colcon_meta']
[0.375s] Level 1:colcon.colcon_core.package_identification:_identify(ign_models/Pickup/materials/textures) by extension 'colcon_meta'
[0.375s] Level 1:colcon.colcon_core.package_identification:_identify(ign_models/Pickup/materials/textures) by extensions ['ros']
[0.375s] Level 1:colcon.colcon_core.package_identification:_identify(ign_models/Pickup/materials/textures) by extension 'ros'
[0.375s] Level 1:colcon.colcon_core.package_identification:_identify(ign_models/Pickup/materials/textures) by extensions ['cmake', 'python']
[0.375s] Level 1:colcon.colcon_core.package_identification:_identify(ign_models/Pickup/materials/textures) by extension 'cmake'
[0.375s] Level 1:colcon.colcon_core.package_identification:_identify(ign_models/Pickup/materials/textures) by extension 'python'
[0.375s] Level 1:colcon.colcon_core.package_identification:_identify(ign_models/Pickup/materials/textures) by extensions ['python_setup_py']
[0.375s] Level 1:colcon.colcon_core.package_identification:_identify(ign_models/Pickup/materials/textures) by extension 'python_setup_py'
[0.375s] Level 1:colcon.colcon_core.package_identification:_identify(ign_models/Pickup/meshes) by extensions ['ignore', 'ignore_ament_install']
[0.375s] Level 1:colcon.colcon_core.package_identification:_identify(ign_models/Pickup/meshes) by extension 'ignore'
[0.375s] Level 1:colcon.colcon_core.package_identification:_identify(ign_models/Pickup/meshes) by extension 'ignore_ament_install'
[0.375s] Level 1:colcon.colcon_core.package_identification:_identify(ign_models/Pickup/meshes) by extensions ['colcon_pkg']
[0.375s] Level 1:colcon.colcon_core.package_identification:_identify(ign_models/Pickup/meshes) by extension 'colcon_pkg'
[0.375s] Level 1:colcon.colcon_core.package_identification:_identify(ign_models/Pickup/meshes) by extensions ['colcon_meta']
[0.375s] Level 1:colcon.colcon_core.package_identification:_identify(ign_models/Pickup/meshes) by extension 'colcon_meta'
[0.375s] Level 1:colcon.colcon_core.package_identification:_identify(ign_models/Pickup/meshes) by extensions ['ros']
[0.375s] Level 1:colcon.colcon_core.package_identification:_identify(ign_models/Pickup/meshes) by extension 'ros'
[0.375s] Level 1:colcon.colcon_core.package_identification:_identify(ign_models/Pickup/meshes) by extensions ['cmake', 'python']
[0.375s] Level 1:colcon.colcon_core.package_identification:_identify(ign_models/Pickup/meshes) by extension 'cmake'
[0.375s] Level 1:colcon.colcon_core.package_identification:_identify(ign_models/Pickup/meshes) by extension 'python'
[0.375s] Level 1:colcon.colcon_core.package_identification:_identify(ign_models/Pickup/meshes) by extensions ['python_setup_py']
[0.375s] Level 1:colcon.colcon_core.package_identification:_identify(ign_models/Pickup/meshes) by extension 'python_setup_py'
[0.376s] Level 1:colcon.colcon_core.package_identification:_identify(ign_models/Pickup/thumbnails) by extensions ['ignore', 'ignore_ament_install']
[0.376s] Level 1:colcon.colcon_core.package_identification:_identify(ign_models/Pickup/thumbnails) by extension 'ignore'
[0.376s] Level 1:colcon.colcon_core.package_identification:_identify(ign_models/Pickup/thumbnails) by extension 'ignore_ament_install'
[0.376s] Level 1:colcon.colcon_core.package_identification:_identify(ign_models/Pickup/thumbnails) by extensions ['colcon_pkg']
[0.376s] Level 1:colcon.colcon_core.package_identification:_identify(ign_models/Pickup/thumbnails) by extension 'colcon_pkg'
[0.376s] Level 1:colcon.colcon_core.package_identification:_identify(ign_models/Pickup/thumbnails) by extensions ['colcon_meta']
[0.376s] Level 1:colcon.colcon_core.package_identification:_identify(ign_models/Pickup/thumbnails) by extension 'colcon_meta'
[0.376s] Level 1:colcon.colcon_core.package_identification:_identify(ign_models/Pickup/thumbnails) by extensions ['ros']
[0.376s] Level 1:colcon.colcon_core.package_identification:_identify(ign_models/Pickup/thumbnails) by extension 'ros'
[0.376s] Level 1:colcon.colcon_core.package_identification:_identify(ign_models/Pickup/thumbnails) by extensions ['cmake', 'python']
[0.376s] Level 1:colcon.colcon_core.package_identification:_identify(ign_models/Pickup/thumbnails) by extension 'cmake'
[0.376s] Level 1:colcon.colcon_core.package_identification:_identify(ign_models/Pickup/thumbnails) by extension 'python'
[0.376s] Level 1:colcon.colcon_core.package_identification:_identify(ign_models/Pickup/thumbnails) by extensions ['python_setup_py']
[0.376s] Level 1:colcon.colcon_core.package_identification:_identify(ign_models/Pickup/thumbnails) by extension 'python_setup_py'
[0.376s] Level 1:colcon.colcon_core.package_identification:_identify(ign_models/Sofa) by extensions ['ignore', 'ignore_ament_install']
[0.376s] Level 1:colcon.colcon_core.package_identification:_identify(ign_models/Sofa) by extension 'ignore'
[0.376s] Level 1:colcon.colcon_core.package_identification:_identify(ign_models/Sofa) by extension 'ignore_ament_install'
[0.376s] Level 1:colcon.colcon_core.package_identification:_identify(ign_models/Sofa) by extensions ['colcon_pkg']
[0.376s] Level 1:colcon.colcon_core.package_identification:_identify(ign_models/Sofa) by extension 'colcon_pkg'
[0.376s] Level 1:colcon.colcon_core.package_identification:_identify(ign_models/Sofa) by extensions ['colcon_meta']
[0.376s] Level 1:colcon.colcon_core.package_identification:_identify(ign_models/Sofa) by extension 'colcon_meta'
[0.376s] Level 1:colcon.colcon_core.package_identification:_identify(ign_models/Sofa) by extensions ['ros']
[0.376s] Level 1:colcon.colcon_core.package_identification:_identify(ign_models/Sofa) by extension 'ros'
[0.376s] Level 1:colcon.colcon_core.package_identification:_identify(ign_models/Sofa) by extensions ['cmake', 'python']
[0.376s] Level 1:colcon.colcon_core.package_identification:_identify(ign_models/Sofa) by extension 'cmake'
[0.376s] Level 1:colcon.colcon_core.package_identification:_identify(ign_models/Sofa) by extension 'python'
[0.376s] Level 1:colcon.colcon_core.package_identification:_identify(ign_models/Sofa) by extensions ['python_setup_py']
[0.376s] Level 1:colcon.colcon_core.package_identification:_identify(ign_models/Sofa) by extension 'python_setup_py'
[0.376s] Level 1:colcon.colcon_core.package_identification:_identify(ign_models/Sofa/meshes) by extensions ['ignore', 'ignore_ament_install']
[0.376s] Level 1:colcon.colcon_core.package_identification:_identify(ign_models/Sofa/meshes) by extension 'ignore'
[0.377s] Level 1:colcon.colcon_core.package_identification:_identify(ign_models/Sofa/meshes) by extension 'ignore_ament_install'
[0.377s] Level 1:colcon.colcon_core.package_identification:_identify(ign_models/Sofa/meshes) by extensions ['colcon_pkg']
[0.377s] Level 1:colcon.colcon_core.package_identification:_identify(ign_models/Sofa/meshes) by extension 'colcon_pkg'
[0.377s] Level 1:colcon.colcon_core.package_identification:_identify(ign_models/Sofa/meshes) by extensions ['colcon_meta']
[0.377s] Level 1:colcon.colcon_core.package_identification:_identify(ign_models/Sofa/meshes) by extension 'colcon_meta'
[0.377s] Level 1:colcon.colcon_core.package_identification:_identify(ign_models/Sofa/meshes) by extensions ['ros']
[0.377s] Level 1:colcon.colcon_core.package_identification:_identify(ign_models/Sofa/meshes) by extension 'ros'
[0.377s] Level 1:colcon.colcon_core.package_identification:_identify(ign_models/Sofa/meshes) by extensions ['cmake', 'python']
[0.377s] Level 1:colcon.colcon_core.package_identification:_identify(ign_models/Sofa/meshes) by extension 'cmake'
[0.377s] Level 1:colcon.colcon_core.package_identification:_identify(ign_models/Sofa/meshes) by extension 'python'
[0.377s] Level 1:colcon.colcon_core.package_identification:_identify(ign_models/Sofa/meshes) by extensions ['python_setup_py']
[0.377s] Level 1:colcon.colcon_core.package_identification:_identify(ign_models/Sofa/meshes) by extension 'python_setup_py'
[0.377s] Level 1:colcon.colcon_core.package_identification:_identify(ign_models/Sofa/thumbnails) by extensions ['ignore', 'ignore_ament_install']
[0.377s] Level 1:colcon.colcon_core.package_identification:_identify(ign_models/Sofa/thumbnails) by extension 'ignore'
[0.377s] Level 1:colcon.colcon_core.package_identification:_identify(ign_models/Sofa/thumbnails) by extension 'ignore_ament_install'
[0.377s] Level 1:colcon.colcon_core.package_identification:_identify(ign_models/Sofa/thumbnails) by extensions ['colcon_pkg']
[0.377s] Level 1:colcon.colcon_core.package_identification:_identify(ign_models/Sofa/thumbnails) by extension 'colcon_pkg'
[0.377s] Level 1:colcon.colcon_core.package_identification:_identify(ign_models/Sofa/thumbnails) by extensions ['colcon_meta']
[0.377s] Level 1:colcon.colcon_core.package_identification:_identify(ign_models/Sofa/thumbnails) by extension 'colcon_meta'
[0.377s] Level 1:colcon.colcon_core.package_identification:_identify(ign_models/Sofa/thumbnails) by extensions ['ros']
[0.377s] Level 1:colcon.colcon_core.package_identification:_identify(ign_models/Sofa/thumbnails) by extension 'ros'
[0.377s] Level 1:colcon.colcon_core.package_identification:_identify(ign_models/Sofa/thumbnails) by extensions ['cmake', 'python']
[0.377s] Level 1:colcon.colcon_core.package_identification:_identify(ign_models/Sofa/thumbnails) by extension 'cmake'
[0.377s] Level 1:colcon.colcon_core.package_identification:_identify(ign_models/Sofa/thumbnails) by extension 'python'
[0.377s] Level 1:colcon.colcon_core.package_identification:_identify(ign_models/Sofa/thumbnails) by extensions ['python_setup_py']
[0.377s] Level 1:colcon.colcon_core.package_identification:_identify(ign_models/Sofa/thumbnails) by extension 'python_setup_py'
[0.377s] Level 1:colcon.colcon_core.package_identification:_identify(ign_models/Vanity) by extensions ['ignore', 'ignore_ament_install']
[0.377s] Level 1:colcon.colcon_core.package_identification:_identify(ign_models/Vanity) by extension 'ignore'
[0.377s] Level 1:colcon.colcon_core.package_identification:_identify(ign_models/Vanity) by extension 'ignore_ament_install'
[0.377s] Level 1:colcon.colcon_core.package_identification:_identify(ign_models/Vanity) by extensions ['colcon_pkg']
[0.377s] Level 1:colcon.colcon_core.package_identification:_identify(ign_models/Vanity) by extension 'colcon_pkg'
[0.377s] Level 1:colcon.colcon_core.package_identification:_identify(ign_models/Vanity) by extensions ['colcon_meta']
[0.377s] Level 1:colcon.colcon_core.package_identification:_identify(ign_models/Vanity) by extension 'colcon_meta'
[0.377s] Level 1:colcon.colcon_core.package_identification:_identify(ign_models/Vanity) by extensions ['ros']
[0.378s] Level 1:colcon.colcon_core.package_identification:_identify(ign_models/Vanity) by extension 'ros'
[0.378s] Level 1:colcon.colcon_core.package_identification:_identify(ign_models/Vanity) by extensions ['cmake', 'python']
[0.378s] Level 1:colcon.colcon_core.package_identification:_identify(ign_models/Vanity) by extension 'cmake'
[0.378s] Level 1:colcon.colcon_core.package_identification:_identify(ign_models/Vanity) by extension 'python'
[0.378s] Level 1:colcon.colcon_core.package_identification:_identify(ign_models/Vanity) by extensions ['python_setup_py']
[0.378s] Level 1:colcon.colcon_core.package_identification:_identify(ign_models/Vanity) by extension 'python_setup_py'
[0.378s] Level 1:colcon.colcon_core.package_identification:_identify(ign_models/Vanity/materials) by extensions ['ignore', 'ignore_ament_install']
[0.378s] Level 1:colcon.colcon_core.package_identification:_identify(ign_models/Vanity/materials) by extension 'ignore'
[0.378s] Level 1:colcon.colcon_core.package_identification:_identify(ign_models/Vanity/materials) by extension 'ignore_ament_install'
[0.378s] Level 1:colcon.colcon_core.package_identification:_identify(ign_models/Vanity/materials) by extensions ['colcon_pkg']
[0.378s] Level 1:colcon.colcon_core.package_identification:_identify(ign_models/Vanity/materials) by extension 'colcon_pkg'
[0.378s] Level 1:colcon.colcon_core.package_identification:_identify(ign_models/Vanity/materials) by extensions ['colcon_meta']
[0.378s] Level 1:colcon.colcon_core.package_identification:_identify(ign_models/Vanity/materials) by extension 'colcon_meta'
[0.378s] Level 1:colcon.colcon_core.package_identification:_identify(ign_models/Vanity/materials) by extensions ['ros']
[0.378s] Level 1:colcon.colcon_core.package_identification:_identify(ign_models/Vanity/materials) by extension 'ros'
[0.378s] Level 1:colcon.colcon_core.package_identification:_identify(ign_models/Vanity/materials) by extensions ['cmake', 'python']
[0.378s] Level 1:colcon.colcon_core.package_identification:_identify(ign_models/Vanity/materials) by extension 'cmake'
[0.378s] Level 1:colcon.colcon_core.package_identification:_identify(ign_models/Vanity/materials) by extension 'python'
[0.378s] Level 1:colcon.colcon_core.package_identification:_identify(ign_models/Vanity/materials) by extensions ['python_setup_py']
[0.378s] Level 1:colcon.colcon_core.package_identification:_identify(ign_models/Vanity/materials) by extension 'python_setup_py'
[0.378s] Level 1:colcon.colcon_core.package_identification:_identify(ign_models/Vanity/materials/textures) by extensions ['ignore', 'ignore_ament_install']
[0.378s] Level 1:colcon.colcon_core.package_identification:_identify(ign_models/Vanity/materials/textures) by extension 'ignore'
[0.378s] Level 1:colcon.colcon_core.package_identification:_identify(ign_models/Vanity/materials/textures) by extension 'ignore_ament_install'
[0.378s] Level 1:colcon.colcon_core.package_identification:_identify(ign_models/Vanity/materials/textures) by extensions ['colcon_pkg']
[0.378s] Level 1:colcon.colcon_core.package_identification:_identify(ign_models/Vanity/materials/textures) by extension 'colcon_pkg'
[0.378s] Level 1:colcon.colcon_core.package_identification:_identify(ign_models/Vanity/materials/textures) by extensions ['colcon_meta']
[0.378s] Level 1:colcon.colcon_core.package_identification:_identify(ign_models/Vanity/materials/textures) by extension 'colcon_meta'
[0.378s] Level 1:colcon.colcon_core.package_identification:_identify(ign_models/Vanity/materials/textures) by extensions ['ros']
[0.378s] Level 1:colcon.colcon_core.package_identification:_identify(ign_models/Vanity/materials/textures) by extension 'ros'
[0.378s] Level 1:colcon.colcon_core.package_identification:_identify(ign_models/Vanity/materials/textures) by extensions ['cmake', 'python']
[0.378s] Level 1:colcon.colcon_core.package_identification:_identify(ign_models/Vanity/materials/textures) by extension 'cmake'
[0.378s] Level 1:colcon.colcon_core.package_identification:_identify(ign_models/Vanity/materials/textures) by extension 'python'
[0.378s] Level 1:colcon.colcon_core.package_identification:_identify(ign_models/Vanity/materials/textures) by extensions ['python_setup_py']
[0.378s] Level 1:colcon.colcon_core.package_identification:_identify(ign_models/Vanity/materials/textures) by extension 'python_setup_py'
[0.379s] Level 1:colcon.colcon_core.package_identification:_identify(ign_models/Vanity/meshes) by extensions ['ignore', 'ignore_ament_install']
[0.379s] Level 1:colcon.colcon_core.package_identification:_identify(ign_models/Vanity/meshes) by extension 'ignore'
[0.379s] Level 1:colcon.colcon_core.package_identification:_identify(ign_models/Vanity/meshes) by extension 'ignore_ament_install'
[0.379s] Level 1:colcon.colcon_core.package_identification:_identify(ign_models/Vanity/meshes) by extensions ['colcon_pkg']
[0.379s] Level 1:colcon.colcon_core.package_identification:_identify(ign_models/Vanity/meshes) by extension 'colcon_pkg'
[0.379s] Level 1:colcon.colcon_core.package_identification:_identify(ign_models/Vanity/meshes) by extensions ['colcon_meta']
[0.379s] Level 1:colcon.colcon_core.package_identification:_identify(ign_models/Vanity/meshes) by extension 'colcon_meta'
[0.379s] Level 1:colcon.colcon_core.package_identification:_identify(ign_models/Vanity/meshes) by extensions ['ros']
[0.379s] Level 1:colcon.colcon_core.package_identification:_identify(ign_models/Vanity/meshes) by extension 'ros'
[0.379s] Level 1:colcon.colcon_core.package_identification:_identify(ign_models/Vanity/meshes) by extensions ['cmake', 'python']
[0.379s] Level 1:colcon.colcon_core.package_identification:_identify(ign_models/Vanity/meshes) by extension 'cmake'
[0.379s] Level 1:colcon.colcon_core.package_identification:_identify(ign_models/Vanity/meshes) by extension 'python'
[0.379s] Level 1:colcon.colcon_core.package_identification:_identify(ign_models/Vanity/meshes) by extensions ['python_setup_py']
[0.379s] Level 1:colcon.colcon_core.package_identification:_identify(ign_models/Vanity/meshes) by extension 'python_setup_py'
[0.379s] Level 1:colcon.colcon_core.package_identification:_identify(ign_models/Vanity/thumbnails) by extensions ['ignore', 'ignore_ament_install']
[0.379s] Level 1:colcon.colcon_core.package_identification:_identify(ign_models/Vanity/thumbnails) by extension 'ignore'
[0.379s] Level 1:colcon.colcon_core.package_identification:_identify(ign_models/Vanity/thumbnails) by extension 'ignore_ament_install'
[0.379s] Level 1:colcon.colcon_core.package_identification:_identify(ign_models/Vanity/thumbnails) by extensions ['colcon_pkg']
[0.379s] Level 1:colcon.colcon_core.package_identification:_identify(ign_models/Vanity/thumbnails) by extension 'colcon_pkg'
[0.379s] Level 1:colcon.colcon_core.package_identification:_identify(ign_models/Vanity/thumbnails) by extensions ['colcon_meta']
[0.379s] Level 1:colcon.colcon_core.package_identification:_identify(ign_models/Vanity/thumbnails) by extension 'colcon_meta'
[0.379s] Level 1:colcon.colcon_core.package_identification:_identify(ign_models/Vanity/thumbnails) by extensions ['ros']
[0.379s] Level 1:colcon.colcon_core.package_identification:_identify(ign_models/Vanity/thumbnails) by extension 'ros'
[0.379s] Level 1:colcon.colcon_core.package_identification:_identify(ign_models/Vanity/thumbnails) by extensions ['cmake', 'python']
[0.379s] Level 1:colcon.colcon_core.package_identification:_identify(ign_models/Vanity/thumbnails) by extension 'cmake'
[0.379s] Level 1:colcon.colcon_core.package_identification:_identify(ign_models/Vanity/thumbnails) by extension 'python'
[0.379s] Level 1:colcon.colcon_core.package_identification:_identify(ign_models/Vanity/thumbnails) by extensions ['python_setup_py']
[0.379s] Level 1:colcon.colcon_core.package_identification:_identify(ign_models/Vanity/thumbnails) by extension 'python_setup_py'
[0.379s] Level 1:colcon.colcon_core.package_identification:_identify(ign_models/mycar_description) by extensions ['ignore', 'ignore_ament_install']
[0.379s] Level 1:colcon.colcon_core.package_identification:_identify(ign_models/mycar_description) by extension 'ignore'
[0.379s] Level 1:colcon.colcon_core.package_identification:_identify(ign_models/mycar_description) by extension 'ignore_ament_install'
[0.379s] Level 1:colcon.colcon_core.package_identification:_identify(ign_models/mycar_description) by extensions ['colcon_pkg']
[0.380s] Level 1:colcon.colcon_core.package_identification:_identify(ign_models/mycar_description) by extension 'colcon_pkg'
[0.380s] Level 1:colcon.colcon_core.package_identification:_identify(ign_models/mycar_description) by extensions ['colcon_meta']
[0.380s] Level 1:colcon.colcon_core.package_identification:_identify(ign_models/mycar_description) by extension 'colcon_meta'
[0.380s] Level 1:colcon.colcon_core.package_identification:_identify(ign_models/mycar_description) by extensions ['ros']
[0.380s] Level 1:colcon.colcon_core.package_identification:_identify(ign_models/mycar_description) by extension 'ros'
[0.380s] Level 1:colcon.colcon_core.package_identification:_identify(ign_models/mycar_description) by extensions ['cmake', 'python']
[0.380s] Level 1:colcon.colcon_core.package_identification:_identify(ign_models/mycar_description) by extension 'cmake'
[0.380s] Level 1:colcon.colcon_core.package_identification:_identify(ign_models/mycar_description) by extension 'python'
[0.380s] Level 1:colcon.colcon_core.package_identification:_identify(ign_models/mycar_description) by extensions ['python_setup_py']
[0.380s] Level 1:colcon.colcon_core.package_identification:_identify(ign_models/mycar_description) by extension 'python_setup_py'
[0.380s] Level 1:colcon.colcon_core.package_identification:_identify(ign_models/mycar_description/mesh) by extensions ['ignore', 'ignore_ament_install']
[0.380s] Level 1:colcon.colcon_core.package_identification:_identify(ign_models/mycar_description/mesh) by extension 'ignore'
[0.380s] Level 1:colcon.colcon_core.package_identification:_identify(ign_models/mycar_description/mesh) by extension 'ignore_ament_install'
[0.380s] Level 1:colcon.colcon_core.package_identification:_identify(ign_models/mycar_description/mesh) by extensions ['colcon_pkg']
[0.380s] Level 1:colcon.colcon_core.package_identification:_identify(ign_models/mycar_description/mesh) by extension 'colcon_pkg'
[0.380s] Level 1:colcon.colcon_core.package_identification:_identify(ign_models/mycar_description/mesh) by extensions ['colcon_meta']
[0.380s] Level 1:colcon.colcon_core.package_identification:_identify(ign_models/mycar_description/mesh) by extension 'colcon_meta'
[0.380s] Level 1:colcon.colcon_core.package_identification:_identify(ign_models/mycar_description/mesh) by extensions ['ros']
[0.380s] Level 1:colcon.colcon_core.package_identification:_identify(ign_models/mycar_description/mesh) by extension 'ros'
[0.380s] Level 1:colcon.colcon_core.package_identification:_identify(ign_models/mycar_description/mesh) by extensions ['cmake', 'python']
[0.380s] Level 1:colcon.colcon_core.package_identification:_identify(ign_models/mycar_description/mesh) by extension 'cmake'
[0.380s] Level 1:colcon.colcon_core.package_identification:_identify(ign_models/mycar_description/mesh) by extension 'python'
[0.380s] Level 1:colcon.colcon_core.package_identification:_identify(ign_models/mycar_description/mesh) by extensions ['python_setup_py']
[0.380s] Level 1:colcon.colcon_core.package_identification:_identify(ign_models/mycar_description/mesh) by extension 'python_setup_py'
[0.380s] Level 1:colcon.colcon_core.package_identification:_identify(ign_models/mycar_description_detailed) by extensions ['ignore', 'ignore_ament_install']
[0.380s] Level 1:colcon.colcon_core.package_identification:_identify(ign_models/mycar_description_detailed) by extension 'ignore'
[0.380s] Level 1:colcon.colcon_core.package_identification:_identify(ign_models/mycar_description_detailed) by extension 'ignore_ament_install'
[0.380s] Level 1:colcon.colcon_core.package_identification:_identify(ign_models/mycar_description_detailed) by extensions ['colcon_pkg']
[0.380s] Level 1:colcon.colcon_core.package_identification:_identify(ign_models/mycar_description_detailed) by extension 'colcon_pkg'
[0.380s] Level 1:colcon.colcon_core.package_identification:_identify(ign_models/mycar_description_detailed) by extensions ['colcon_meta']
[0.380s] Level 1:colcon.colcon_core.package_identification:_identify(ign_models/mycar_description_detailed) by extension 'colcon_meta'
[0.380s] Level 1:colcon.colcon_core.package_identification:_identify(ign_models/mycar_description_detailed) by extensions ['ros']
[0.380s] Level 1:colcon.colcon_core.package_identification:_identify(ign_models/mycar_description_detailed) by extension 'ros'
[0.380s] Level 1:colcon.colcon_core.package_identification:_identify(ign_models/mycar_description_detailed) by extensions ['cmake', 'python']
[0.380s] Level 1:colcon.colcon_core.package_identification:_identify(ign_models/mycar_description_detailed) by extension 'cmake'
[0.380s] Level 1:colcon.colcon_core.package_identification:_identify(ign_models/mycar_description_detailed) by extension 'python'
[0.380s] Level 1:colcon.colcon_core.package_identification:_identify(ign_models/mycar_description_detailed) by extensions ['python_setup_py']
[0.380s] Level 1:colcon.colcon_core.package_identification:_identify(ign_models/mycar_description_detailed) by extension 'python_setup_py'
[0.381s] Level 1:colcon.colcon_core.package_identification:_identify(ign_models/mycar_description_detailed/mesh) by extensions ['ignore', 'ignore_ament_install']
[0.381s] Level 1:colcon.colcon_core.package_identification:_identify(ign_models/mycar_description_detailed/mesh) by extension 'ignore'
[0.381s] Level 1:colcon.colcon_core.package_identification:_identify(ign_models/mycar_description_detailed/mesh) by extension 'ignore_ament_install'
[0.381s] Level 1:colcon.colcon_core.package_identification:_identify(ign_models/mycar_description_detailed/mesh) by extensions ['colcon_pkg']
[0.381s] Level 1:colcon.colcon_core.package_identification:_identify(ign_models/mycar_description_detailed/mesh) by extension 'colcon_pkg'
[0.381s] Level 1:colcon.colcon_core.package_identification:_identify(ign_models/mycar_description_detailed/mesh) by extensions ['colcon_meta']
[0.381s] Level 1:colcon.colcon_core.package_identification:_identify(ign_models/mycar_description_detailed/mesh) by extension 'colcon_meta'
[0.381s] Level 1:colcon.colcon_core.package_identification:_identify(ign_models/mycar_description_detailed/mesh) by extensions ['ros']
[0.381s] Level 1:colcon.colcon_core.package_identification:_identify(ign_models/mycar_description_detailed/mesh) by extension 'ros'
[0.381s] Level 1:colcon.colcon_core.package_identification:_identify(ign_models/mycar_description_detailed/mesh) by extensions ['cmake', 'python']
[0.381s] Level 1:colcon.colcon_core.package_identification:_identify(ign_models/mycar_description_detailed/mesh) by extension 'cmake'
[0.381s] Level 1:colcon.colcon_core.package_identification:_identify(ign_models/mycar_description_detailed/mesh) by extension 'python'
[0.381s] Level 1:colcon.colcon_core.package_identification:_identify(ign_models/mycar_description_detailed/mesh) by extensions ['python_setup_py']
[0.381s] Level 1:colcon.colcon_core.package_identification:_identify(ign_models/mycar_description_detailed/mesh) by extension 'python_setup_py'
[0.381s] Level 1:colcon.colcon_core.package_identification:_identify(ign_models/mycar_description_detailed/mesh/diff_2w) by extensions ['ignore', 'ignore_ament_install']
[0.381s] Level 1:colcon.colcon_core.package_identification:_identify(ign_models/mycar_description_detailed/mesh/diff_2w) by extension 'ignore'
[0.381s] Level 1:colcon.colcon_core.package_identification:_identify(ign_models/mycar_description_detailed/mesh/diff_2w) by extension 'ignore_ament_install'
[0.381s] Level 1:colcon.colcon_core.package_identification:_identify(ign_models/mycar_description_detailed/mesh/diff_2w) by extensions ['colcon_pkg']
[0.381s] Level 1:colcon.colcon_core.package_identification:_identify(ign_models/mycar_description_detailed/mesh/diff_2w) by extension 'colcon_pkg'
[0.381s] Level 1:colcon.colcon_core.package_identification:_identify(ign_models/mycar_description_detailed/mesh/diff_2w) by extensions ['colcon_meta']
[0.381s] Level 1:colcon.colcon_core.package_identification:_identify(ign_models/mycar_description_detailed/mesh/diff_2w) by extension 'colcon_meta'
[0.381s] Level 1:colcon.colcon_core.package_identification:_identify(ign_models/mycar_description_detailed/mesh/diff_2w) by extensions ['ros']
[0.381s] Level 1:colcon.colcon_core.package_identification:_identify(ign_models/mycar_description_detailed/mesh/diff_2w) by extension 'ros'
[0.381s] Level 1:colcon.colcon_core.package_identification:_identify(ign_models/mycar_description_detailed/mesh/diff_2w) by extensions ['cmake', 'python']
[0.382s] Level 1:colcon.colcon_core.package_identification:_identify(ign_models/mycar_description_detailed/mesh/diff_2w) by extension 'cmake'
[0.382s] Level 1:colcon.colcon_core.package_identification:_identify(ign_models/mycar_description_detailed/mesh/diff_2w) by extension 'python'
[0.382s] Level 1:colcon.colcon_core.package_identification:_identify(ign_models/mycar_description_detailed/mesh/diff_2w) by extensions ['python_setup_py']
[0.382s] Level 1:colcon.colcon_core.package_identification:_identify(ign_models/mycar_description_detailed/mesh/diff_2w) by extension 'python_setup_py'
[0.382s] Level 1:colcon.colcon_core.package_identification:_identify(ign_models/mycar_description_detailed/mesh/diff_4w) by extensions ['ignore', 'ignore_ament_install']
[0.382s] Level 1:colcon.colcon_core.package_identification:_identify(ign_models/mycar_description_detailed/mesh/diff_4w) by extension 'ignore'
[0.382s] Level 1:colcon.colcon_core.package_identification:_identify(ign_models/mycar_description_detailed/mesh/diff_4w) by extension 'ignore_ament_install'
[0.382s] Level 1:colcon.colcon_core.package_identification:_identify(ign_models/mycar_description_detailed/mesh/diff_4w) by extensions ['colcon_pkg']
[0.382s] Level 1:colcon.colcon_core.package_identification:_identify(ign_models/mycar_description_detailed/mesh/diff_4w) by extension 'colcon_pkg'
[0.382s] Level 1:colcon.colcon_core.package_identification:_identify(ign_models/mycar_description_detailed/mesh/diff_4w) by extensions ['colcon_meta']
[0.382s] Level 1:colcon.colcon_core.package_identification:_identify(ign_models/mycar_description_detailed/mesh/diff_4w) by extension 'colcon_meta'
[0.382s] Level 1:colcon.colcon_core.package_identification:_identify(ign_models/mycar_description_detailed/mesh/diff_4w) by extensions ['ros']
[0.382s] Level 1:colcon.colcon_core.package_identification:_identify(ign_models/mycar_description_detailed/mesh/diff_4w) by extension 'ros'
[0.382s] Level 1:colcon.colcon_core.package_identification:_identify(ign_models/mycar_description_detailed/mesh/diff_4w) by extensions ['cmake', 'python']
[0.382s] Level 1:colcon.colcon_core.package_identification:_identify(ign_models/mycar_description_detailed/mesh/diff_4w) by extension 'cmake'
[0.382s] Level 1:colcon.colcon_core.package_identification:_identify(ign_models/mycar_description_detailed/mesh/diff_4w) by extension 'python'
[0.382s] Level 1:colcon.colcon_core.package_identification:_identify(ign_models/mycar_description_detailed/mesh/diff_4w) by extensions ['python_setup_py']
[0.382s] Level 1:colcon.colcon_core.package_identification:_identify(ign_models/mycar_description_detailed/mesh/diff_4w) by extension 'python_setup_py'
[0.383s] Level 1:colcon.colcon_core.package_identification:_identify(install) by extensions ['ignore', 'ignore_ament_install']
[0.383s] Level 1:colcon.colcon_core.package_identification:_identify(install) by extension 'ignore'
[0.383s] Level 1:colcon.colcon_core.package_identification:_identify(install) ignored
[0.383s] Level 1:colcon.colcon_core.package_identification:_identify(log) by extensions ['ignore', 'ignore_ament_install']
[0.383s] Level 1:colcon.colcon_core.package_identification:_identify(log) by extension 'ignore'
[0.383s] Level 1:colcon.colcon_core.package_identification:_identify(log) ignored
[0.383s] Level 1:colcon.colcon_core.package_identification:_identify(src) by extensions ['ignore', 'ignore_ament_install']
[0.383s] Level 1:colcon.colcon_core.package_identification:_identify(src) by extension 'ignore'
[0.383s] Level 1:colcon.colcon_core.package_identification:_identify(src) by extension 'ignore_ament_install'
[0.383s] Level 1:colcon.colcon_core.package_identification:_identify(src) by extensions ['colcon_pkg']
[0.383s] Level 1:colcon.colcon_core.package_identification:_identify(src) by extension 'colcon_pkg'
[0.383s] Level 1:colcon.colcon_core.package_identification:_identify(src) by extensions ['colcon_meta']
[0.383s] Level 1:colcon.colcon_core.package_identification:_identify(src) by extension 'colcon_meta'
[0.383s] Level 1:colcon.colcon_core.package_identification:_identify(src) by extensions ['ros']
[0.383s] Level 1:colcon.colcon_core.package_identification:_identify(src) by extension 'ros'
[0.384s] Level 1:colcon.colcon_core.package_identification:_identify(src) by extensions ['cmake', 'python']
[0.384s] Level 1:colcon.colcon_core.package_identification:_identify(src) by extension 'cmake'
[0.384s] Level 1:colcon.colcon_core.package_identification:_identify(src) by extension 'python'
[0.384s] Level 1:colcon.colcon_core.package_identification:_identify(src) by extensions ['python_setup_py']
[0.384s] Level 1:colcon.colcon_core.package_identification:_identify(src) by extension 'python_setup_py'
[0.384s] Level 1:colcon.colcon_core.package_identification:_identify(src/mycar) by extensions ['ignore', 'ignore_ament_install']
[0.384s] Level 1:colcon.colcon_core.package_identification:_identify(src/mycar) by extension 'ignore'
[0.384s] Level 1:colcon.colcon_core.package_identification:_identify(src/mycar) by extension 'ignore_ament_install'
[0.384s] Level 1:colcon.colcon_core.package_identification:_identify(src/mycar) by extensions ['colcon_pkg']
[0.384s] Level 1:colcon.colcon_core.package_identification:_identify(src/mycar) by extension 'colcon_pkg'
[0.384s] Level 1:colcon.colcon_core.package_identification:_identify(src/mycar) by extensions ['colcon_meta']
[0.384s] Level 1:colcon.colcon_core.package_identification:_identify(src/mycar) by extension 'colcon_meta'
[0.384s] Level 1:colcon.colcon_core.package_identification:_identify(src/mycar) by extensions ['ros']
[0.384s] Level 1:colcon.colcon_core.package_identification:_identify(src/mycar) by extension 'ros'
[0.384s] Level 1:colcon.colcon_core.package_identification:_identify(src/mycar) by extensions ['cmake', 'python']
[0.384s] Level 1:colcon.colcon_core.package_identification:_identify(src/mycar) by extension 'cmake'
[0.384s] Level 1:colcon.colcon_core.package_identification:_identify(src/mycar) by extension 'python'
[0.384s] Level 1:colcon.colcon_core.package_identification:_identify(src/mycar) by extensions ['python_setup_py']
[0.384s] Level 1:colcon.colcon_core.package_identification:_identify(src/mycar) by extension 'python_setup_py'
[0.384s] Level 1:colcon.colcon_core.package_identification:_identify(src/mycar/mycar_description) by extensions ['ignore', 'ignore_ament_install']
[0.384s] Level 1:colcon.colcon_core.package_identification:_identify(src/mycar/mycar_description) by extension 'ignore'
[0.384s] Level 1:colcon.colcon_core.package_identification:_identify(src/mycar/mycar_description) by extension 'ignore_ament_install'
[0.384s] Level 1:colcon.colcon_core.package_identification:_identify(src/mycar/mycar_description) by extensions ['colcon_pkg']
[0.384s] Level 1:colcon.colcon_core.package_identification:_identify(src/mycar/mycar_description) by extension 'colcon_pkg'
[0.384s] Level 1:colcon.colcon_core.package_identification:_identify(src/mycar/mycar_description) by extensions ['colcon_meta']
[0.384s] Level 1:colcon.colcon_core.package_identification:_identify(src/mycar/mycar_description) by extension 'colcon_meta'
[0.384s] Level 1:colcon.colcon_core.package_identification:_identify(src/mycar/mycar_description) by extensions ['ros']
[0.384s] Level 1:colcon.colcon_core.package_identification:_identify(src/mycar/mycar_description) by extension 'ros'
[0.390s] DEBUG:colcon.colcon_core.package_identification:Package 'src/mycar/mycar_description' with type 'ros.ament_cmake' and name 'mycar_description'
[0.390s] Level 1:colcon.colcon_core.package_identification:_identify(src/mycar/mycar_description_detailed) by extensions ['ignore', 'ignore_ament_install']
[0.390s] Level 1:colcon.colcon_core.package_identification:_identify(src/mycar/mycar_description_detailed) by extension 'ignore'
[0.390s] Level 1:colcon.colcon_core.package_identification:_identify(src/mycar/mycar_description_detailed) by extension 'ignore_ament_install'
[0.390s] Level 1:colcon.colcon_core.package_identification:_identify(src/mycar/mycar_description_detailed) by extensions ['colcon_pkg']
[0.390s] Level 1:colcon.colcon_core.package_identification:_identify(src/mycar/mycar_description_detailed) by extension 'colcon_pkg'
[0.390s] Level 1:colcon.colcon_core.package_identification:_identify(src/mycar/mycar_description_detailed) by extensions ['colcon_meta']
[0.390s] Level 1:colcon.colcon_core.package_identification:_identify(src/mycar/mycar_description_detailed) by extension 'colcon_meta'
[0.390s] Level 1:colcon.colcon_core.package_identification:_identify(src/mycar/mycar_description_detailed) by extensions ['ros']
[0.390s] Level 1:colcon.colcon_core.package_identification:_identify(src/mycar/mycar_description_detailed) by extension 'ros'
[0.391s] DEBUG:colcon.colcon_core.package_identification:Package 'src/mycar/mycar_description_detailed' with type 'ros.ament_cmake' and name 'mycar_description_detailed'
[0.391s] Level 1:colcon.colcon_core.package_identification:_identify(src/sim_gazebo) by extensions ['ignore', 'ignore_ament_install']
[0.391s] Level 1:colcon.colcon_core.package_identification:_identify(src/sim_gazebo) by extension 'ignore'
[0.391s] Level 1:colcon.colcon_core.package_identification:_identify(src/sim_gazebo) by extension 'ignore_ament_install'
[0.391s] Level 1:colcon.colcon_core.package_identification:_identify(src/sim_gazebo) by extensions ['colcon_pkg']
[0.391s] Level 1:colcon.colcon_core.package_identification:_identify(src/sim_gazebo) by extension 'colcon_pkg'
[0.391s] Level 1:colcon.colcon_core.package_identification:_identify(src/sim_gazebo) by extensions ['colcon_meta']
[0.391s] Level 1:colcon.colcon_core.package_identification:_identify(src/sim_gazebo) by extension 'colcon_meta'
[0.391s] Level 1:colcon.colcon_core.package_identification:_identify(src/sim_gazebo) by extensions ['ros']
[0.391s] Level 1:colcon.colcon_core.package_identification:_identify(src/sim_gazebo) by extension 'ros'
[0.392s] Level 1:colcon.colcon_core.package_identification:_identify(src/sim_gazebo) by extensions ['cmake', 'python']
[0.392s] Level 1:colcon.colcon_core.package_identification:_identify(src/sim_gazebo) by extension 'cmake'
[0.392s] Level 1:colcon.colcon_core.package_identification:_identify(src/sim_gazebo) by extension 'python'
[0.392s] Level 1:colcon.colcon_core.package_identification:_identify(src/sim_gazebo) by extensions ['python_setup_py']
[0.392s] Level 1:colcon.colcon_core.package_identification:_identify(src/sim_gazebo) by extension 'python_setup_py'
[0.392s] Level 1:colcon.colcon_core.package_identification:_identify(src/sim_gazebo/bridge_ign) by extensions ['ignore', 'ignore_ament_install']
[0.392s] Level 1:colcon.colcon_core.package_identification:_identify(src/sim_gazebo/bridge_ign) by extension 'ignore'
[0.392s] Level 1:colcon.colcon_core.package_identification:_identify(src/sim_gazebo/bridge_ign) by extension 'ignore_ament_install'
[0.392s] Level 1:colcon.colcon_core.package_identification:_identify(src/sim_gazebo/bridge_ign) by extensions ['colcon_pkg']
[0.392s] Level 1:colcon.colcon_core.package_identification:_identify(src/sim_gazebo/bridge_ign) by extension 'colcon_pkg'
[0.392s] Level 1:colcon.colcon_core.package_identification:_identify(src/sim_gazebo/bridge_ign) by extensions ['colcon_meta']
[0.392s] Level 1:colcon.colcon_core.package_identification:_identify(src/sim_gazebo/bridge_ign) by extension 'colcon_meta'
[0.392s] Level 1:colcon.colcon_core.package_identification:_identify(src/sim_gazebo/bridge_ign) by extensions ['ros']
[0.392s] Level 1:colcon.colcon_core.package_identification:_identify(src/sim_gazebo/bridge_ign) by extension 'ros'
[0.393s] DEBUG:colcon.colcon_core.package_identification:Package 'src/sim_gazebo/bridge_ign' with type 'ros.ament_cmake' and name 'bridge_ign'
[0.393s] Level 1:colcon.colcon_core.package_identification:_identify(src/sim_gazebo/demo_gazebo_sim) by extensions ['ignore', 'ignore_ament_install']
[0.393s] Level 1:colcon.colcon_core.package_identification:_identify(src/sim_gazebo/demo_gazebo_sim) by extension 'ignore'
[0.393s] Level 1:colcon.colcon_core.package_identification:_identify(src/sim_gazebo/demo_gazebo_sim) by extension 'ignore_ament_install'
[0.393s] Level 1:colcon.colcon_core.package_identification:_identify(src/sim_gazebo/demo_gazebo_sim) by extensions ['colcon_pkg']
[0.393s] Level 1:colcon.colcon_core.package_identification:_identify(src/sim_gazebo/demo_gazebo_sim) by extension 'colcon_pkg'
[0.393s] Level 1:colcon.colcon_core.package_identification:_identify(src/sim_gazebo/demo_gazebo_sim) by extensions ['colcon_meta']
[0.393s] Level 1:colcon.colcon_core.package_identification:_identify(src/sim_gazebo/demo_gazebo_sim) by extension 'colcon_meta'
[0.393s] Level 1:colcon.colcon_core.package_identification:_identify(src/sim_gazebo/demo_gazebo_sim) by extensions ['ros']
[0.393s] Level 1:colcon.colcon_core.package_identification:_identify(src/sim_gazebo/demo_gazebo_sim) by extension 'ros'
[0.394s] DEBUG:colcon.colcon_core.package_identification:Package 'src/sim_gazebo/demo_gazebo_sim' with type 'ros.ament_cmake' and name 'demo_gazebo_sim'
[0.394s] Level 1:colcon.colcon_core.package_identification:_identify(src/sim_stage) by extensions ['ignore', 'ignore_ament_install']
[0.394s] Level 1:colcon.colcon_core.package_identification:_identify(src/sim_stage) by extension 'ignore'
[0.394s] Level 1:colcon.colcon_core.package_identification:_identify(src/sim_stage) by extension 'ignore_ament_install'
[0.394s] Level 1:colcon.colcon_core.package_identification:_identify(src/sim_stage) by extensions ['colcon_pkg']
[0.394s] Level 1:colcon.colcon_core.package_identification:_identify(src/sim_stage) by extension 'colcon_pkg'
[0.394s] Level 1:colcon.colcon_core.package_identification:_identify(src/sim_stage) by extensions ['colcon_meta']
[0.394s] Level 1:colcon.colcon_core.package_identification:_identify(src/sim_stage) by extension 'colcon_meta'
[0.394s] Level 1:colcon.colcon_core.package_identification:_identify(src/sim_stage) by extensions ['ros']
[0.394s] Level 1:colcon.colcon_core.package_identification:_identify(src/sim_stage) by extension 'ros'
[0.394s] Level 1:colcon.colcon_core.package_identification:_identify(src/sim_stage) by extensions ['cmake', 'python']
[0.394s] Level 1:colcon.colcon_core.package_identification:_identify(src/sim_stage) by extension 'cmake'
[0.394s] Level 1:colcon.colcon_core.package_identification:_identify(src/sim_stage) by extension 'python'
[0.394s] Level 1:colcon.colcon_core.package_identification:_identify(src/sim_stage) by extensions ['python_setup_py']
[0.395s] Level 1:colcon.colcon_core.package_identification:_identify(src/sim_stage) by extension 'python_setup_py'
[0.395s] Level 1:colcon.colcon_core.package_identification:_identify(src/sim_stage/Stage) by extensions ['ignore', 'ignore_ament_install']
[0.395s] Level 1:colcon.colcon_core.package_identification:_identify(src/sim_stage/Stage) by extension 'ignore'
[0.395s] Level 1:colcon.colcon_core.package_identification:_identify(src/sim_stage/Stage) by extension 'ignore_ament_install'
[0.395s] Level 1:colcon.colcon_core.package_identification:_identify(src/sim_stage/Stage) by extensions ['colcon_pkg']
[0.395s] Level 1:colcon.colcon_core.package_identification:_identify(src/sim_stage/Stage) by extension 'colcon_pkg'
[0.395s] Level 1:colcon.colcon_core.package_identification:_identify(src/sim_stage/Stage) by extensions ['colcon_meta']
[0.395s] Level 1:colcon.colcon_core.package_identification:_identify(src/sim_stage/Stage) by extension 'colcon_meta'
[0.395s] Level 1:colcon.colcon_core.package_identification:_identify(src/sim_stage/Stage) by extensions ['ros']
[0.395s] Level 1:colcon.colcon_core.package_identification:_identify(src/sim_stage/Stage) by extension 'ros'
[0.395s] Level 1:colcon.colcon_core.package_identification:_identify(src/sim_stage/Stage) by extensions ['cmake', 'python']
[0.395s] Level 1:colcon.colcon_core.package_identification:_identify(src/sim_stage/Stage) by extension 'cmake'
[0.395s] Level 1:colcon.colcon_core.package_identification:_identify(src/sim_stage/Stage) by extension 'python'
[0.395s] Level 1:colcon.colcon_core.package_identification:_identify(src/sim_stage/Stage) by extensions ['python_setup_py']
[0.395s] Level 1:colcon.colcon_core.package_identification:_identify(src/sim_stage/Stage) by extension 'python_setup_py'
[0.395s] Level 1:colcon.colcon_core.package_identification:_identify(src/sim_stage/Stage/Stage) by extensions ['ignore', 'ignore_ament_install']
[0.395s] Level 1:colcon.colcon_core.package_identification:_identify(src/sim_stage/Stage/Stage) by extension 'ignore'
[0.395s] Level 1:colcon.colcon_core.package_identification:_identify(src/sim_stage/Stage/Stage) by extension 'ignore_ament_install'
[0.395s] Level 1:colcon.colcon_core.package_identification:_identify(src/sim_stage/Stage/Stage) by extensions ['colcon_pkg']
[0.395s] Level 1:colcon.colcon_core.package_identification:_identify(src/sim_stage/Stage/Stage) by extension 'colcon_pkg'
[0.395s] Level 1:colcon.colcon_core.package_identification:_identify(src/sim_stage/Stage/Stage) by extensions ['colcon_meta']
[0.395s] Level 1:colcon.colcon_core.package_identification:_identify(src/sim_stage/Stage/Stage) by extension 'colcon_meta'
[0.395s] Level 1:colcon.colcon_core.package_identification:_identify(src/sim_stage/Stage/Stage) by extensions ['ros']
[0.395s] Level 1:colcon.colcon_core.package_identification:_identify(src/sim_stage/Stage/Stage) by extension 'ros'
[0.395s] Level 1:colcon.colcon_core.package_identification:_identify(src/sim_stage/Stage/Stage) by extensions ['cmake', 'python']
[0.395s] Level 1:colcon.colcon_core.package_identification:_identify(src/sim_stage/Stage/Stage) by extension 'cmake'
[0.401s] Level 1:colcon.colcon_core.package_identification:_identify(src/sim_stage/Stage/Stage) by extension 'python'
[0.401s] DEBUG:colcon.colcon_core.package_identification:Package 'src/sim_stage/Stage/Stage' with type 'cmake' and name 'Stage'
[0.401s] Level 1:colcon.colcon_core.package_identification:_identify(src/sim_stage/demo_stage_sim) by extensions ['ignore', 'ignore_ament_install']
[0.401s] Level 1:colcon.colcon_core.package_identification:_identify(src/sim_stage/demo_stage_sim) by extension 'ignore'
[0.402s] Level 1:colcon.colcon_core.package_identification:_identify(src/sim_stage/demo_stage_sim) by extension 'ignore_ament_install'
[0.402s] Level 1:colcon.colcon_core.package_identification:_identify(src/sim_stage/demo_stage_sim) by extensions ['colcon_pkg']
[0.402s] Level 1:colcon.colcon_core.package_identification:_identify(src/sim_stage/demo_stage_sim) by extension 'colcon_pkg'
[0.402s] Level 1:colcon.colcon_core.package_identification:_identify(src/sim_stage/demo_stage_sim) by extensions ['colcon_meta']
[0.402s] Level 1:colcon.colcon_core.package_identification:_identify(src/sim_stage/demo_stage_sim) by extension 'colcon_meta'
[0.402s] Level 1:colcon.colcon_core.package_identification:_identify(src/sim_stage/demo_stage_sim) by extensions ['ros']
[0.402s] Level 1:colcon.colcon_core.package_identification:_identify(src/sim_stage/demo_stage_sim) by extension 'ros'
[0.403s] DEBUG:colcon.colcon_core.package_identification:Package 'src/sim_stage/demo_stage_sim' with type 'ros.ament_cmake' and name 'demo_stage_sim'
[0.403s] Level 1:colcon.colcon_core.package_identification:_identify(src/sim_stage/ira_laser_tools) by extensions ['ignore', 'ignore_ament_install']
[0.403s] Level 1:colcon.colcon_core.package_identification:_identify(src/sim_stage/ira_laser_tools) by extension 'ignore'
[0.403s] Level 1:colcon.colcon_core.package_identification:_identify(src/sim_stage/ira_laser_tools) by extension 'ignore_ament_install'
[0.403s] Level 1:colcon.colcon_core.package_identification:_identify(src/sim_stage/ira_laser_tools) by extensions ['colcon_pkg']
[0.403s] Level 1:colcon.colcon_core.package_identification:_identify(src/sim_stage/ira_laser_tools) by extension 'colcon_pkg'
[0.403s] Level 1:colcon.colcon_core.package_identification:_identify(src/sim_stage/ira_laser_tools) by extensions ['colcon_meta']
[0.403s] Level 1:colcon.colcon_core.package_identification:_identify(src/sim_stage/ira_laser_tools) by extension 'colcon_meta'
[0.403s] Level 1:colcon.colcon_core.package_identification:_identify(src/sim_stage/ira_laser_tools) by extensions ['ros']
[0.403s] Level 1:colcon.colcon_core.package_identification:_identify(src/sim_stage/ira_laser_tools) by extension 'ros'
[0.405s] DEBUG:colcon.colcon_core.package_identification:Package 'src/sim_stage/ira_laser_tools' with type 'ros.ament_cmake' and name 'ira_laser_tools'
[0.405s] Level 1:colcon.colcon_core.package_identification:_identify(src/sim_stage/stage_ros2) by extensions ['ignore', 'ignore_ament_install']
[0.405s] Level 1:colcon.colcon_core.package_identification:_identify(src/sim_stage/stage_ros2) by extension 'ignore'
[0.405s] Level 1:colcon.colcon_core.package_identification:_identify(src/sim_stage/stage_ros2) by extension 'ignore_ament_install'
[0.405s] Level 1:colcon.colcon_core.package_identification:_identify(src/sim_stage/stage_ros2) by extensions ['colcon_pkg']
[0.405s] Level 1:colcon.colcon_core.package_identification:_identify(src/sim_stage/stage_ros2) by extension 'colcon_pkg'
[0.405s] Level 1:colcon.colcon_core.package_identification:_identify(src/sim_stage/stage_ros2) by extensions ['colcon_meta']
[0.405s] Level 1:colcon.colcon_core.package_identification:_identify(src/sim_stage/stage_ros2) by extension 'colcon_meta'
[0.405s] Level 1:colcon.colcon_core.package_identification:_identify(src/sim_stage/stage_ros2) by extensions ['ros']
[0.405s] Level 1:colcon.colcon_core.package_identification:_identify(src/sim_stage/stage_ros2) by extension 'ros'
[0.405s] Level 1:colcon.colcon_core.package_identification:_identify(src/sim_stage/stage_ros2) by extensions ['cmake', 'python']
[0.405s] Level 1:colcon.colcon_core.package_identification:_identify(src/sim_stage/stage_ros2) by extension 'cmake'
[0.405s] Level 1:colcon.colcon_core.package_identification:_identify(src/sim_stage/stage_ros2) by extension 'python'
[0.405s] Level 1:colcon.colcon_core.package_identification:_identify(src/sim_stage/stage_ros2) by extensions ['python_setup_py']
[0.405s] Level 1:colcon.colcon_core.package_identification:_identify(src/sim_stage/stage_ros2) by extension 'python_setup_py'
[0.405s] Level 1:colcon.colcon_core.package_identification:_identify(src/sim_stage/stage_ros2/stage_ros2) by extensions ['ignore', 'ignore_ament_install']
[0.405s] Level 1:colcon.colcon_core.package_identification:_identify(src/sim_stage/stage_ros2/stage_ros2) by extension 'ignore'
[0.405s] Level 1:colcon.colcon_core.package_identification:_identify(src/sim_stage/stage_ros2/stage_ros2) by extension 'ignore_ament_install'
[0.405s] Level 1:colcon.colcon_core.package_identification:_identify(src/sim_stage/stage_ros2/stage_ros2) by extensions ['colcon_pkg']
[0.405s] Level 1:colcon.colcon_core.package_identification:_identify(src/sim_stage/stage_ros2/stage_ros2) by extension 'colcon_pkg'
[0.405s] Level 1:colcon.colcon_core.package_identification:_identify(src/sim_stage/stage_ros2/stage_ros2) by extensions ['colcon_meta']
[0.405s] Level 1:colcon.colcon_core.package_identification:_identify(src/sim_stage/stage_ros2/stage_ros2) by extension 'colcon_meta'
[0.405s] Level 1:colcon.colcon_core.package_identification:_identify(src/sim_stage/stage_ros2/stage_ros2) by extensions ['ros']
[0.405s] Level 1:colcon.colcon_core.package_identification:_identify(src/sim_stage/stage_ros2/stage_ros2) by extension 'ros'
[0.406s] DEBUG:colcon.colcon_core.package_identification:Package 'src/sim_stage/stage_ros2/stage_ros2' with type 'ros.ament_cmake' and name 'stage_ros2'
[0.406s] Level 1:colcon.colcon_core.package_discovery:discover_packages(recursive) using defaults
[0.406s] Level 1:colcon.colcon_core.package_discovery:discover_packages(ignore) discover
[0.406s] Level 1:colcon.colcon_core.package_discovery:discover_packages(ignore) using defaults
[0.406s] Level 1:colcon.colcon_core.package_discovery:discover_packages(path) discover
[0.406s] Level 1:colcon.colcon_core.package_discovery:discover_packages(path) using defaults
[0.439s] Level 1:colcon.colcon_core.package_discovery:discover_packages(prefix_path) check parameters
[0.440s] Level 1:colcon.colcon_core.package_discovery:discover_packages(prefix_path) discover
[0.444s] DEBUG:colcon.colcon_installed_package_information.package_discovery:Found 337 installed packages in /opt/ros/humble
[0.446s] Level 1:colcon.colcon_core.package_discovery:discover_packages(prefix_path) using defaults
[0.521s] Level 5:colcon.colcon_core.verb:set package 'Stage' build argument 'cmake_args' from command line to 'None'
[0.521s] Level 5:colcon.colcon_core.verb:set package 'Stage' build argument 'cmake_target' from command line to 'None'
[0.521s] Level 5:colcon.colcon_core.verb:set package 'Stage' build argument 'cmake_target_skip_unavailable' from command line to 'False'
[0.521s] Level 5:colcon.colcon_core.verb:set package 'Stage' build argument 'cmake_clean_cache' from command line to 'False'
[0.521s] Level 5:colcon.colcon_core.verb:set package 'Stage' build argument 'cmake_clean_first' from command line to 'False'
[0.521s] Level 5:colcon.colcon_core.verb:set package 'Stage' build argument 'cmake_force_configure' from command line to 'False'
[0.521s] Level 5:colcon.colcon_core.verb:set package 'Stage' build argument 'ament_cmake_args' from command line to 'None'
[0.521s] Level 5:colcon.colcon_core.verb:set package 'Stage' build argument 'catkin_cmake_args' from command line to 'None'
[0.521s] Level 5:colcon.colcon_core.verb:set package 'Stage' build argument 'catkin_skip_building_tests' from command line to 'False'
[0.521s] DEBUG:colcon.colcon_core.verb:Building package 'Stage' with the following arguments: {'ament_cmake_args': None, 'build_base': '/home/abc/ROS2_SIM_WS/build/Stage', 'catkin_cmake_args': None, 'catkin_skip_building_tests': False, 'cmake_args': None, 'cmake_clean_cache': False, 'cmake_clean_first': False, 'cmake_force_configure': False, 'cmake_target': None, 'cmake_target_skip_unavailable': False, 'install_base': '/home/abc/ROS2_SIM_WS/install/Stage', 'merge_install': False, 'path': '/home/abc/ROS2_SIM_WS/src/sim_stage/Stage/Stage', 'symlink_install': False, 'test_result_base': None}
[0.521s] Level 5:colcon.colcon_core.verb:set package 'bridge_ign' build argument 'cmake_args' from command line to 'None'
[0.522s] Level 5:colcon.colcon_core.verb:set package 'bridge_ign' build argument 'cmake_target' from command line to 'None'
[0.522s] Level 5:colcon.colcon_core.verb:set package 'bridge_ign' build argument 'cmake_target_skip_unavailable' from command line to 'False'
[0.522s] Level 5:colcon.colcon_core.verb:set package 'bridge_ign' build argument 'cmake_clean_cache' from command line to 'False'
[0.522s] Level 5:colcon.colcon_core.verb:set package 'bridge_ign' build argument 'cmake_clean_first' from command line to 'False'
[0.522s] Level 5:colcon.colcon_core.verb:set package 'bridge_ign' build argument 'cmake_force_configure' from command line to 'False'
[0.522s] Level 5:colcon.colcon_core.verb:set package 'bridge_ign' build argument 'ament_cmake_args' from command line to 'None'
[0.522s] Level 5:colcon.colcon_core.verb:set package 'bridge_ign' build argument 'catkin_cmake_args' from command line to 'None'
[0.522s] Level 5:colcon.colcon_core.verb:set package 'bridge_ign' build argument 'catkin_skip_building_tests' from command line to 'False'
[0.522s] DEBUG:colcon.colcon_core.verb:Building package 'bridge_ign' with the following arguments: {'ament_cmake_args': None, 'build_base': '/home/abc/ROS2_SIM_WS/build/bridge_ign', 'catkin_cmake_args': None, 'catkin_skip_building_tests': False, 'cmake_args': None, 'cmake_clean_cache': False, 'cmake_clean_first': False, 'cmake_force_configure': False, 'cmake_target': None, 'cmake_target_skip_unavailable': False, 'install_base': '/home/abc/ROS2_SIM_WS/install/bridge_ign', 'merge_install': False, 'path': '/home/abc/ROS2_SIM_WS/src/sim_gazebo/bridge_ign', 'symlink_install': False, 'test_result_base': None}
[0.522s] Level 5:colcon.colcon_core.verb:set package 'demo_gazebo_sim' build argument 'cmake_args' from command line to 'None'
[0.522s] Level 5:colcon.colcon_core.verb:set package 'demo_gazebo_sim' build argument 'cmake_target' from command line to 'None'
[0.522s] Level 5:colcon.colcon_core.verb:set package 'demo_gazebo_sim' build argument 'cmake_target_skip_unavailable' from command line to 'False'
[0.522s] Level 5:colcon.colcon_core.verb:set package 'demo_gazebo_sim' build argument 'cmake_clean_cache' from command line to 'False'
[0.522s] Level 5:colcon.colcon_core.verb:set package 'demo_gazebo_sim' build argument 'cmake_clean_first' from command line to 'False'
[0.522s] Level 5:colcon.colcon_core.verb:set package 'demo_gazebo_sim' build argument 'cmake_force_configure' from command line to 'False'
[0.522s] Level 5:colcon.colcon_core.verb:set package 'demo_gazebo_sim' build argument 'ament_cmake_args' from command line to 'None'
[0.522s] Level 5:colcon.colcon_core.verb:set package 'demo_gazebo_sim' build argument 'catkin_cmake_args' from command line to 'None'
[0.522s] Level 5:colcon.colcon_core.verb:set package 'demo_gazebo_sim' build argument 'catkin_skip_building_tests' from command line to 'False'
[0.522s] DEBUG:colcon.colcon_core.verb:Building package 'demo_gazebo_sim' with the following arguments: {'ament_cmake_args': None, 'build_base': '/home/abc/ROS2_SIM_WS/build/demo_gazebo_sim', 'catkin_cmake_args': None, 'catkin_skip_building_tests': False, 'cmake_args': None, 'cmake_clean_cache': False, 'cmake_clean_first': False, 'cmake_force_configure': False, 'cmake_target': None, 'cmake_target_skip_unavailable': False, 'install_base': '/home/abc/ROS2_SIM_WS/install/demo_gazebo_sim', 'merge_install': False, 'path': '/home/abc/ROS2_SIM_WS/src/sim_gazebo/demo_gazebo_sim', 'symlink_install': False, 'test_result_base': None}
[0.522s] Level 5:colcon.colcon_core.verb:set package 'ira_laser_tools' build argument 'cmake_args' from command line to 'None'
[0.522s] Level 5:colcon.colcon_core.verb:set package 'ira_laser_tools' build argument 'cmake_target' from command line to 'None'
[0.522s] Level 5:colcon.colcon_core.verb:set package 'ira_laser_tools' build argument 'cmake_target_skip_unavailable' from command line to 'False'
[0.522s] Level 5:colcon.colcon_core.verb:set package 'ira_laser_tools' build argument 'cmake_clean_cache' from command line to 'False'
[0.522s] Level 5:colcon.colcon_core.verb:set package 'ira_laser_tools' build argument 'cmake_clean_first' from command line to 'False'
[0.522s] Level 5:colcon.colcon_core.verb:set package 'ira_laser_tools' build argument 'cmake_force_configure' from command line to 'False'
[0.522s] Level 5:colcon.colcon_core.verb:set package 'ira_laser_tools' build argument 'ament_cmake_args' from command line to 'None'
[0.522s] Level 5:colcon.colcon_core.verb:set package 'ira_laser_tools' build argument 'catkin_cmake_args' from command line to 'None'
[0.522s] Level 5:colcon.colcon_core.verb:set package 'ira_laser_tools' build argument 'catkin_skip_building_tests' from command line to 'False'
[0.522s] DEBUG:colcon.colcon_core.verb:Building package 'ira_laser_tools' with the following arguments: {'ament_cmake_args': None, 'build_base': '/home/abc/ROS2_SIM_WS/build/ira_laser_tools', 'catkin_cmake_args': None, 'catkin_skip_building_tests': False, 'cmake_args': None, 'cmake_clean_cache': False, 'cmake_clean_first': False, 'cmake_force_configure': False, 'cmake_target': None, 'cmake_target_skip_unavailable': False, 'install_base': '/home/abc/ROS2_SIM_WS/install/ira_laser_tools', 'merge_install': False, 'path': '/home/abc/ROS2_SIM_WS/src/sim_stage/ira_laser_tools', 'symlink_install': False, 'test_result_base': None}
[0.523s] Level 5:colcon.colcon_core.verb:set package 'mycar_description' build argument 'cmake_args' from command line to 'None'
[0.523s] Level 5:colcon.colcon_core.verb:set package 'mycar_description' build argument 'cmake_target' from command line to 'None'
[0.523s] Level 5:colcon.colcon_core.verb:set package 'mycar_description' build argument 'cmake_target_skip_unavailable' from command line to 'False'
[0.523s] Level 5:colcon.colcon_core.verb:set package 'mycar_description' build argument 'cmake_clean_cache' from command line to 'False'
[0.523s] Level 5:colcon.colcon_core.verb:set package 'mycar_description' build argument 'cmake_clean_first' from command line to 'False'
[0.523s] Level 5:colcon.colcon_core.verb:set package 'mycar_description' build argument 'cmake_force_configure' from command line to 'False'
[0.523s] Level 5:colcon.colcon_core.verb:set package 'mycar_description' build argument 'ament_cmake_args' from command line to 'None'
[0.523s] Level 5:colcon.colcon_core.verb:set package 'mycar_description' build argument 'catkin_cmake_args' from command line to 'None'
[0.523s] Level 5:colcon.colcon_core.verb:set package 'mycar_description' build argument 'catkin_skip_building_tests' from command line to 'False'
[0.523s] DEBUG:colcon.colcon_core.verb:Building package 'mycar_description' with the following arguments: {'ament_cmake_args': None, 'build_base': '/home/abc/ROS2_SIM_WS/build/mycar_description', 'catkin_cmake_args': None, 'catkin_skip_building_tests': False, 'cmake_args': None, 'cmake_clean_cache': False, 'cmake_clean_first': False, 'cmake_force_configure': False, 'cmake_target': None, 'cmake_target_skip_unavailable': False, 'install_base': '/home/abc/ROS2_SIM_WS/install/mycar_description', 'merge_install': False, 'path': '/home/abc/ROS2_SIM_WS/src/mycar/mycar_description', 'symlink_install': False, 'test_result_base': None}
[0.523s] Level 5:colcon.colcon_core.verb:set package 'mycar_description_detailed' build argument 'cmake_args' from command line to 'None'
[0.523s] Level 5:colcon.colcon_core.verb:set package 'mycar_description_detailed' build argument 'cmake_target' from command line to 'None'
[0.523s] Level 5:colcon.colcon_core.verb:set package 'mycar_description_detailed' build argument 'cmake_target_skip_unavailable' from command line to 'False'
[0.523s] Level 5:colcon.colcon_core.verb:set package 'mycar_description_detailed' build argument 'cmake_clean_cache' from command line to 'False'
[0.523s] Level 5:colcon.colcon_core.verb:set package 'mycar_description_detailed' build argument 'cmake_clean_first' from command line to 'False'
[0.523s] Level 5:colcon.colcon_core.verb:set package 'mycar_description_detailed' build argument 'cmake_force_configure' from command line to 'False'
[0.523s] Level 5:colcon.colcon_core.verb:set package 'mycar_description_detailed' build argument 'ament_cmake_args' from command line to 'None'
[0.523s] Level 5:colcon.colcon_core.verb:set package 'mycar_description_detailed' build argument 'catkin_cmake_args' from command line to 'None'
[0.523s] Level 5:colcon.colcon_core.verb:set package 'mycar_description_detailed' build argument 'catkin_skip_building_tests' from command line to 'False'
[0.523s] DEBUG:colcon.colcon_core.verb:Building package 'mycar_description_detailed' with the following arguments: {'ament_cmake_args': None, 'build_base': '/home/abc/ROS2_SIM_WS/build/mycar_description_detailed', 'catkin_cmake_args': None, 'catkin_skip_building_tests': False, 'cmake_args': None, 'cmake_clean_cache': False, 'cmake_clean_first': False, 'cmake_force_configure': False, 'cmake_target': None, 'cmake_target_skip_unavailable': False, 'install_base': '/home/abc/ROS2_SIM_WS/install/mycar_description_detailed', 'merge_install': False, 'path': '/home/abc/ROS2_SIM_WS/src/mycar/mycar_description_detailed', 'symlink_install': False, 'test_result_base': None}
[0.523s] Level 5:colcon.colcon_core.verb:set package 'stage_ros2' build argument 'cmake_args' from command line to 'None'
[0.523s] Level 5:colcon.colcon_core.verb:set package 'stage_ros2' build argument 'cmake_target' from command line to 'None'
[0.523s] Level 5:colcon.colcon_core.verb:set package 'stage_ros2' build argument 'cmake_target_skip_unavailable' from command line to 'False'
[0.523s] Level 5:colcon.colcon_core.verb:set package 'stage_ros2' build argument 'cmake_clean_cache' from command line to 'False'
[0.523s] Level 5:colcon.colcon_core.verb:set package 'stage_ros2' build argument 'cmake_clean_first' from command line to 'False'
[0.523s] Level 5:colcon.colcon_core.verb:set package 'stage_ros2' build argument 'cmake_force_configure' from command line to 'False'
[0.523s] Level 5:colcon.colcon_core.verb:set package 'stage_ros2' build argument 'ament_cmake_args' from command line to 'None'
[0.523s] Level 5:colcon.colcon_core.verb:set package 'stage_ros2' build argument 'catkin_cmake_args' from command line to 'None'
[0.523s] Level 5:colcon.colcon_core.verb:set package 'stage_ros2' build argument 'catkin_skip_building_tests' from command line to 'False'
[0.523s] DEBUG:colcon.colcon_core.verb:Building package 'stage_ros2' with the following arguments: {'ament_cmake_args': None, 'build_base': '/home/abc/ROS2_SIM_WS/build/stage_ros2', 'catkin_cmake_args': None, 'catkin_skip_building_tests': False, 'cmake_args': None, 'cmake_clean_cache': False, 'cmake_clean_first': False, 'cmake_force_configure': False, 'cmake_target': None, 'cmake_target_skip_unavailable': False, 'install_base': '/home/abc/ROS2_SIM_WS/install/stage_ros2', 'merge_install': False, 'path': '/home/abc/ROS2_SIM_WS/src/sim_stage/stage_ros2/stage_ros2', 'symlink_install': False, 'test_result_base': None}
[0.524s] Level 5:colcon.colcon_core.verb:set package 'demo_stage_sim' build argument 'cmake_args' from command line to 'None'
[0.524s] Level 5:colcon.colcon_core.verb:set package 'demo_stage_sim' build argument 'cmake_target' from command line to 'None'
[0.524s] Level 5:colcon.colcon_core.verb:set package 'demo_stage_sim' build argument 'cmake_target_skip_unavailable' from command line to 'False'
[0.524s] Level 5:colcon.colcon_core.verb:set package 'demo_stage_sim' build argument 'cmake_clean_cache' from command line to 'False'
[0.524s] Level 5:colcon.colcon_core.verb:set package 'demo_stage_sim' build argument 'cmake_clean_first' from command line to 'False'
[0.524s] Level 5:colcon.colcon_core.verb:set package 'demo_stage_sim' build argument 'cmake_force_configure' from command line to 'False'
[0.524s] Level 5:colcon.colcon_core.verb:set package 'demo_stage_sim' build argument 'ament_cmake_args' from command line to 'None'
[0.524s] Level 5:colcon.colcon_core.verb:set package 'demo_stage_sim' build argument 'catkin_cmake_args' from command line to 'None'
[0.524s] Level 5:colcon.colcon_core.verb:set package 'demo_stage_sim' build argument 'catkin_skip_building_tests' from command line to 'False'
[0.524s] DEBUG:colcon.colcon_core.verb:Building package 'demo_stage_sim' with the following arguments: {'ament_cmake_args': None, 'build_base': '/home/abc/ROS2_SIM_WS/build/demo_stage_sim', 'catkin_cmake_args': None, 'catkin_skip_building_tests': False, 'cmake_args': None, 'cmake_clean_cache': False, 'cmake_clean_first': False, 'cmake_force_configure': False, 'cmake_target': None, 'cmake_target_skip_unavailable': False, 'install_base': '/home/abc/ROS2_SIM_WS/install/demo_stage_sim', 'merge_install': False, 'path': '/home/abc/ROS2_SIM_WS/src/sim_stage/demo_stage_sim', 'symlink_install': False, 'test_result_base': None}
[0.524s] INFO:colcon.colcon_core.executor:Executing jobs using 'parallel' executor
[0.525s] DEBUG:colcon.colcon_parallel_executor.executor.parallel:run_until_complete
[0.525s] INFO:colcon.colcon_cmake.task.cmake.build:Building CMake package in '/home/abc/ROS2_SIM_WS/src/sim_stage/Stage/Stage'
[0.536s] INFO:colcon.colcon_core.plugin_system:Skipping extension 'colcon_core.shell.bat': Not used on non-Windows systems
[0.537s] INFO:colcon.colcon_core.shell:Skip shell extension 'powershell' for command environment: Not usable outside of PowerShell
[0.537s] DEBUG:colcon.colcon_core.shell:Skip shell extension 'dsv' for command environment
[0.543s] INFO:colcon.colcon_ros.task.ament_cmake.build:Building ROS package in '/home/abc/ROS2_SIM_WS/src/sim_gazebo/bridge_ign' with build type 'ament_cmake'
[0.543s] INFO:colcon.colcon_cmake.task.cmake.build:Building CMake package in '/home/abc/ROS2_SIM_WS/src/sim_gazebo/bridge_ign'
[0.544s] INFO:colcon.colcon_core.shell:Skip shell extension 'powershell' for command environment: Not usable outside of PowerShell
[0.544s] DEBUG:colcon.colcon_core.shell:Skip shell extension 'dsv' for command environment
[0.547s] INFO:colcon.colcon_ros.task.ament_cmake.build:Building ROS package in '/home/abc/ROS2_SIM_WS/src/sim_gazebo/demo_gazebo_sim' with build type 'ament_cmake'
[0.547s] INFO:colcon.colcon_cmake.task.cmake.build:Building CMake package in '/home/abc/ROS2_SIM_WS/src/sim_gazebo/demo_gazebo_sim'
[0.547s] INFO:colcon.colcon_core.shell:Skip shell extension 'powershell' for command environment: Not usable outside of PowerShell
[0.547s] DEBUG:colcon.colcon_core.shell:Skip shell extension 'dsv' for command environment
[0.549s] INFO:colcon.colcon_ros.task.ament_cmake.build:Building ROS package in '/home/abc/ROS2_SIM_WS/src/sim_stage/ira_laser_tools' with build type 'ament_cmake'
[0.549s] INFO:colcon.colcon_cmake.task.cmake.build:Building CMake package in '/home/abc/ROS2_SIM_WS/src/sim_stage/ira_laser_tools'
[0.550s] INFO:colcon.colcon_core.shell:Skip shell extension 'powershell' for command environment: Not usable outside of PowerShell
[0.550s] DEBUG:colcon.colcon_core.shell:Skip shell extension 'dsv' for command environment
[0.555s] DEBUG:colcon.colcon_core.event_handler.log_command:Invoking command in '/home/abc/ROS2_SIM_WS/build/Stage': /usr/bin/cmake --build /home/abc/ROS2_SIM_WS/build/Stage -- -j4 -l4
[0.561s] DEBUG:colcon.colcon_core.event_handler.log_command:Invoking command in '/home/abc/ROS2_SIM_WS/build/bridge_ign': CMAKE_PREFIX_PATH=/opt/ros/humble /usr/bin/cmake --build /home/abc/ROS2_SIM_WS/build/bridge_ign -- -j4 -l4
[0.563s] DEBUG:colcon.colcon_core.event_handler.log_command:Invoking command in '/home/abc/ROS2_SIM_WS/build/demo_gazebo_sim': CMAKE_PREFIX_PATH=/opt/ros/humble /usr/bin/cmake --build /home/abc/ROS2_SIM_WS/build/demo_gazebo_sim -- -j4 -l4
[0.573s] DEBUG:colcon.colcon_core.event_handler.log_command:Invoking command in '/home/abc/ROS2_SIM_WS/build/ira_laser_tools': CMAKE_PREFIX_PATH=/opt/ros/humble /usr/bin/cmake /home/abc/ROS2_SIM_WS/src/sim_stage/ira_laser_tools -DCMAKE_INSTALL_PREFIX=/home/abc/ROS2_SIM_WS/install/ira_laser_tools
[0.586s] DEBUG:colcon.colcon_core.event_handler.log_command:Invoked command in '/home/abc/ROS2_SIM_WS/build/demo_gazebo_sim' returned '2': CMAKE_PREFIX_PATH=/opt/ros/humble /usr/bin/cmake --build /home/abc/ROS2_SIM_WS/build/demo_gazebo_sim -- -j4 -l4
[0.587s] Level 1:colcon.colcon_core.environment:create_environment_scripts_only(demo_gazebo_sim)
[0.592s] Level 1:colcon.colcon_core.environment:checking '/home/abc/ROS2_SIM_WS/install/demo_gazebo_sim' for CMake module files
[0.592s] Level 1:colcon.colcon_core.environment:checking '/home/abc/ROS2_SIM_WS/install/demo_gazebo_sim' for CMake config files
[0.592s] Level 1:colcon.colcon_core.shell:create_environment_hook('demo_gazebo_sim', 'cmake_prefix_path')
[0.592s] INFO:colcon.colcon_core.shell:Creating environment hook '/home/abc/ROS2_SIM_WS/install/demo_gazebo_sim/share/demo_gazebo_sim/hook/cmake_prefix_path.ps1'
[0.593s] INFO:colcon.colcon_core.shell:Creating environment descriptor '/home/abc/ROS2_SIM_WS/install/demo_gazebo_sim/share/demo_gazebo_sim/hook/cmake_prefix_path.dsv'
[0.594s] INFO:colcon.colcon_core.shell:Creating environment hook '/home/abc/ROS2_SIM_WS/install/demo_gazebo_sim/share/demo_gazebo_sim/hook/cmake_prefix_path.sh'
[0.595s] Level 1:colcon.colcon_core.environment:checking '/home/abc/ROS2_SIM_WS/install/demo_gazebo_sim/bin'
[0.595s] Level 1:colcon.colcon_core.environment:checking '/home/abc/ROS2_SIM_WS/install/demo_gazebo_sim/lib/pkgconfig/demo_gazebo_sim.pc'
[0.596s] Level 1:colcon.colcon_core.environment:checking '/home/abc/ROS2_SIM_WS/install/demo_gazebo_sim/lib/python3.10/site-packages'
[0.596s] Level 1:colcon.colcon_core.environment:checking '/home/abc/ROS2_SIM_WS/install/demo_gazebo_sim/bin'
[0.596s] INFO:colcon.colcon_core.shell:Creating package script '/home/abc/ROS2_SIM_WS/install/demo_gazebo_sim/share/demo_gazebo_sim/package.ps1'
[0.597s] INFO:colcon.colcon_core.shell:Creating package descriptor '/home/abc/ROS2_SIM_WS/install/demo_gazebo_sim/share/demo_gazebo_sim/package.dsv'
[0.598s] INFO:colcon.colcon_core.shell:Creating package script '/home/abc/ROS2_SIM_WS/install/demo_gazebo_sim/share/demo_gazebo_sim/package.sh'
[0.599s] INFO:colcon.colcon_core.shell:Creating package script '/home/abc/ROS2_SIM_WS/install/demo_gazebo_sim/share/demo_gazebo_sim/package.bash'
[0.600s] INFO:colcon.colcon_core.shell:Creating package script '/home/abc/ROS2_SIM_WS/install/demo_gazebo_sim/share/demo_gazebo_sim/package.zsh'
[0.600s] Level 1:colcon.colcon_core.environment:create_file_with_runtime_dependencies(/home/abc/ROS2_SIM_WS/install/demo_gazebo_sim/share/colcon-core/packages/demo_gazebo_sim)
[2.826s] DEBUG:colcon.colcon_parallel_executor.executor.parallel:closing loop
[2.826s] DEBUG:colcon.colcon_parallel_executor.executor.parallel:loop closed
[2.826s] DEBUG:colcon.colcon_parallel_executor.executor.parallel:run_until_complete finished with '2'
[2.827s] DEBUG:colcon.colcon_core.event_reactor:joining thread
[2.836s] INFO:colcon.colcon_core.plugin_system:Skipping extension 'colcon_notification.desktop_notification.terminal_notifier': Not used on non-Darwin systems
[2.836s] INFO:colcon.colcon_core.plugin_system:Skipping extension 'colcon_notification.desktop_notification.win32': Not used on non-Windows systems
[2.836s] INFO:colcon.colcon_notification.desktop_notification:Sending desktop notification using 'notify2'
[2.893s] DEBUG:colcon.colcon_core.event_reactor:joined thread
[2.894s] INFO:colcon.colcon_core.shell:Creating prefix script '/home/abc/ROS2_SIM_WS/install/local_setup.ps1'
[2.895s] INFO:colcon.colcon_core.shell:Creating prefix util module '/home/abc/ROS2_SIM_WS/install/_local_setup_util_ps1.py'
[2.897s] INFO:colcon.colcon_core.shell:Creating prefix chain script '/home/abc/ROS2_SIM_WS/install/setup.ps1'
[2.898s] INFO:colcon.colcon_core.shell:Creating prefix script '/home/abc/ROS2_SIM_WS/install/local_setup.sh'
[2.899s] INFO:colcon.colcon_core.shell:Creating prefix util module '/home/abc/ROS2_SIM_WS/install/_local_setup_util_sh.py'
[2.899s] INFO:colcon.colcon_core.shell:Creating prefix chain script '/home/abc/ROS2_SIM_WS/install/setup.sh'
[2.900s] INFO:colcon.colcon_core.shell:Creating prefix script '/home/abc/ROS2_SIM_WS/install/local_setup.bash'
[2.901s] INFO:colcon.colcon_core.shell:Creating prefix chain script '/home/abc/ROS2_SIM_WS/install/setup.bash'
[2.902s] INFO:colcon.colcon_core.shell:Creating prefix script '/home/abc/ROS2_SIM_WS/install/local_setup.zsh'
[2.903s] INFO:colcon.colcon_core.shell:Creating prefix chain script '/home/abc/ROS2_SIM_WS/install/setup.zsh'
