[0.259s] DEBUG:colcon:Command line arguments: ['/usr/bin/colcon', 'build', '--packages-select', 'mycar_description']
[0.259s] DEBUG:colcon:Parsed command line arguments: Namespace(log_base=None, log_level=None, verb_name='build', build_base='build', install_base='install', merge_install=False, symlink_install=False, test_result_base=None, continue_on_error=False, executor='parallel', parallel_workers=4, event_handlers=None, ignore_user_meta=False, metas=['./colcon.meta'], base_paths=['.'], packages_ignore=None, packages_ignore_regex=None, paths=None, packages_up_to=None, packages_up_to_regex=None, packages_above=None, packages_above_and_dependencies=None, packages_above_depth=None, packages_select_by_dep=None, packages_skip_by_dep=None, packages_skip_up_to=None, packages_select_build_failed=False, packages_skip_build_finished=False, packages_select_test_failures=False, packages_skip_test_passed=False, packages_select=['mycar_description'], packages_skip=None, packages_select_regex=None, packages_skip_regex=None, packages_start=None, packages_end=None, allow_overriding=[], cmake_args=None, cmake_target=None, cmake_target_skip_unavailable=False, cmake_clean_cache=False, cmake_clean_first=False, cmake_force_configure=False, ament_cmake_args=None, catkin_cmake_args=None, catkin_skip_building_tests=False, verb_parser=<colcon_defaults.argument_parser.defaults.DefaultArgumentsDecorator object at 0x782a8e42acb0>, verb_extension=<colcon_core.verb.build.BuildVerb object at 0x782a8e56c1c0>, main=<bound method BuildVerb.main of <colcon_core.verb.build.BuildVerb object at 0x782a8e56c1c0>>)
[0.541s] Level 1:colcon.colcon_core.package_discovery:discover_packages(colcon_meta) check parameters
[0.541s] Level 1:colcon.colcon_core.package_discovery:discover_packages(recursive) check parameters
[0.541s] Level 1:colcon.colcon_core.package_discovery:discover_packages(ignore) check parameters
[0.541s] Level 1:colcon.colcon_core.package_discovery:discover_packages(path) check parameters
[0.541s] Level 1:colcon.colcon_core.package_discovery:discover_packages(colcon_meta) discover
[0.541s] Level 1:colcon.colcon_core.package_discovery:discover_packages(recursive) discover
[0.541s] INFO:colcon.colcon_core.package_discovery:Crawling recursively for packages in '/home/abc/ROS2_SIM_WS'
[0.542s] Level 1:colcon.colcon_core.package_identification:_identify(.) by extensions ['ignore', 'ignore_ament_install']
[0.542s] Level 1:colcon.colcon_core.package_identification:_identify(.) by extension 'ignore'
[0.542s] Level 1:colcon.colcon_core.package_identification:_identify(.) by extension 'ignore_ament_install'
[0.542s] Level 1:colcon.colcon_core.package_identification:_identify(.) by extensions ['colcon_pkg']
[0.542s] Level 1:colcon.colcon_core.package_identification:_identify(.) by extension 'colcon_pkg'
[0.542s] Level 1:colcon.colcon_core.package_identification:_identify(.) by extensions ['colcon_meta']
[0.542s] Level 1:colcon.colcon_core.package_identification:_identify(.) by extension 'colcon_meta'
[0.542s] Level 1:colcon.colcon_core.package_identification:_identify(.) by extensions ['ros']
[0.542s] Level 1:colcon.colcon_core.package_identification:_identify(.) by extension 'ros'
[0.557s] Level 1:colcon.colcon_core.package_identification:_identify(.) by extensions ['cmake', 'python']
[0.557s] Level 1:colcon.colcon_core.package_identification:_identify(.) by extension 'cmake'
[0.557s] Level 1:colcon.colcon_core.package_identification:_identify(.) by extension 'python'
[0.557s] Level 1:colcon.colcon_core.package_identification:_identify(.) by extensions ['python_setup_py']
[0.557s] Level 1:colcon.colcon_core.package_identification:_identify(.) by extension 'python_setup_py'
[0.558s] Level 1:colcon.colcon_core.package_identification:_identify(build) by extensions ['ignore', 'ignore_ament_install']
[0.558s] Level 1:colcon.colcon_core.package_identification:_identify(build) by extension 'ignore'
[0.561s] Level 1:colcon.colcon_core.package_identification:_identify(build) ignored
[0.561s] Level 1:colcon.colcon_core.package_identification:_identify(ign_models) by extensions ['ignore', 'ignore_ament_install']
[0.561s] Level 1:colcon.colcon_core.package_identification:_identify(ign_models) by extension 'ignore'
[0.562s] Level 1:colcon.colcon_core.package_identification:_identify(ign_models) by extension 'ignore_ament_install'
[0.562s] Level 1:colcon.colcon_core.package_identification:_identify(ign_models) by extensions ['colcon_pkg']
[0.562s] Level 1:colcon.colcon_core.package_identification:_identify(ign_models) by extension 'colcon_pkg'
[0.562s] Level 1:colcon.colcon_core.package_identification:_identify(ign_models) by extensions ['colcon_meta']
[0.562s] Level 1:colcon.colcon_core.package_identification:_identify(ign_models) by extension 'colcon_meta'
[0.562s] Level 1:colcon.colcon_core.package_identification:_identify(ign_models) by extensions ['ros']
[0.562s] Level 1:colcon.colcon_core.package_identification:_identify(ign_models) by extension 'ros'
[0.562s] Level 1:colcon.colcon_core.package_identification:_identify(ign_models) by extensions ['cmake', 'python']
[0.562s] Level 1:colcon.colcon_core.package_identification:_identify(ign_models) by extension 'cmake'
[0.562s] Level 1:colcon.colcon_core.package_identification:_identify(ign_models) by extension 'python'
[0.562s] Level 1:colcon.colcon_core.package_identification:_identify(ign_models) by extensions ['python_setup_py']
[0.562s] Level 1:colcon.colcon_core.package_identification:_identify(ign_models) by extension 'python_setup_py'
[0.562s] Level 1:colcon.colcon_core.package_identification:_identify(ign_models/Bathtub) by extensions ['ignore', 'ignore_ament_install']
[0.562s] Level 1:colcon.colcon_core.package_identification:_identify(ign_models/Bathtub) by extension 'ignore'
[0.562s] Level 1:colcon.colcon_core.package_identification:_identify(ign_models/Bathtub) by extension 'ignore_ament_install'
[0.562s] Level 1:colcon.colcon_core.package_identification:_identify(ign_models/Bathtub) by extensions ['colcon_pkg']
[0.562s] Level 1:colcon.colcon_core.package_identification:_identify(ign_models/Bathtub) by extension 'colcon_pkg'
[0.562s] Level 1:colcon.colcon_core.package_identification:_identify(ign_models/Bathtub) by extensions ['colcon_meta']
[0.562s] Level 1:colcon.colcon_core.package_identification:_identify(ign_models/Bathtub) by extension 'colcon_meta'
[0.563s] Level 1:colcon.colcon_core.package_identification:_identify(ign_models/Bathtub) by extensions ['ros']
[0.563s] Level 1:colcon.colcon_core.package_identification:_identify(ign_models/Bathtub) by extension 'ros'
[0.563s] Level 1:colcon.colcon_core.package_identification:_identify(ign_models/Bathtub) by extensions ['cmake', 'python']
[0.563s] Level 1:colcon.colcon_core.package_identification:_identify(ign_models/Bathtub) by extension 'cmake'
[0.563s] Level 1:colcon.colcon_core.package_identification:_identify(ign_models/Bathtub) by extension 'python'
[0.563s] Level 1:colcon.colcon_core.package_identification:_identify(ign_models/Bathtub) by extensions ['python_setup_py']
[0.563s] Level 1:colcon.colcon_core.package_identification:_identify(ign_models/Bathtub) by extension 'python_setup_py'
[0.563s] Level 1:colcon.colcon_core.package_identification:_identify(ign_models/Bathtub/materials) by extensions ['ignore', 'ignore_ament_install']
[0.563s] Level 1:colcon.colcon_core.package_identification:_identify(ign_models/Bathtub/materials) by extension 'ignore'
[0.563s] Level 1:colcon.colcon_core.package_identification:_identify(ign_models/Bathtub/materials) by extension 'ignore_ament_install'
[0.563s] Level 1:colcon.colcon_core.package_identification:_identify(ign_models/Bathtub/materials) by extensions ['colcon_pkg']
[0.563s] Level 1:colcon.colcon_core.package_identification:_identify(ign_models/Bathtub/materials) by extension 'colcon_pkg'
[0.563s] Level 1:colcon.colcon_core.package_identification:_identify(ign_models/Bathtub/materials) by extensions ['colcon_meta']
[0.563s] Level 1:colcon.colcon_core.package_identification:_identify(ign_models/Bathtub/materials) by extension 'colcon_meta'
[0.563s] Level 1:colcon.colcon_core.package_identification:_identify(ign_models/Bathtub/materials) by extensions ['ros']
[0.563s] Level 1:colcon.colcon_core.package_identification:_identify(ign_models/Bathtub/materials) by extension 'ros'
[0.563s] Level 1:colcon.colcon_core.package_identification:_identify(ign_models/Bathtub/materials) by extensions ['cmake', 'python']
[0.563s] Level 1:colcon.colcon_core.package_identification:_identify(ign_models/Bathtub/materials) by extension 'cmake'
[0.563s] Level 1:colcon.colcon_core.package_identification:_identify(ign_models/Bathtub/materials) by extension 'python'
[0.563s] Level 1:colcon.colcon_core.package_identification:_identify(ign_models/Bathtub/materials) by extensions ['python_setup_py']
[0.563s] Level 1:colcon.colcon_core.package_identification:_identify(ign_models/Bathtub/materials) by extension 'python_setup_py'
[0.564s] Level 1:colcon.colcon_core.package_identification:_identify(ign_models/Bathtub/materials/textures) by extensions ['ignore', 'ignore_ament_install']
[0.564s] Level 1:colcon.colcon_core.package_identification:_identify(ign_models/Bathtub/materials/textures) by extension 'ignore'
[0.564s] Level 1:colcon.colcon_core.package_identification:_identify(ign_models/Bathtub/materials/textures) by extension 'ignore_ament_install'
[0.564s] Level 1:colcon.colcon_core.package_identification:_identify(ign_models/Bathtub/materials/textures) by extensions ['colcon_pkg']
[0.564s] Level 1:colcon.colcon_core.package_identification:_identify(ign_models/Bathtub/materials/textures) by extension 'colcon_pkg'
[0.564s] Level 1:colcon.colcon_core.package_identification:_identify(ign_models/Bathtub/materials/textures) by extensions ['colcon_meta']
[0.564s] Level 1:colcon.colcon_core.package_identification:_identify(ign_models/Bathtub/materials/textures) by extension 'colcon_meta'
[0.564s] Level 1:colcon.colcon_core.package_identification:_identify(ign_models/Bathtub/materials/textures) by extensions ['ros']
[0.564s] Level 1:colcon.colcon_core.package_identification:_identify(ign_models/Bathtub/materials/textures) by extension 'ros'
[0.564s] Level 1:colcon.colcon_core.package_identification:_identify(ign_models/Bathtub/materials/textures) by extensions ['cmake', 'python']
[0.564s] Level 1:colcon.colcon_core.package_identification:_identify(ign_models/Bathtub/materials/textures) by extension 'cmake'
[0.564s] Level 1:colcon.colcon_core.package_identification:_identify(ign_models/Bathtub/materials/textures) by extension 'python'
[0.564s] Level 1:colcon.colcon_core.package_identification:_identify(ign_models/Bathtub/materials/textures) by extensions ['python_setup_py']
[0.564s] Level 1:colcon.colcon_core.package_identification:_identify(ign_models/Bathtub/materials/textures) by extension 'python_setup_py'
[0.564s] Level 1:colcon.colcon_core.package_identification:_identify(ign_models/Bathtub/meshes) by extensions ['ignore', 'ignore_ament_install']
[0.564s] Level 1:colcon.colcon_core.package_identification:_identify(ign_models/Bathtub/meshes) by extension 'ignore'
[0.564s] Level 1:colcon.colcon_core.package_identification:_identify(ign_models/Bathtub/meshes) by extension 'ignore_ament_install'
[0.564s] Level 1:colcon.colcon_core.package_identification:_identify(ign_models/Bathtub/meshes) by extensions ['colcon_pkg']
[0.564s] Level 1:colcon.colcon_core.package_identification:_identify(ign_models/Bathtub/meshes) by extension 'colcon_pkg'
[0.564s] Level 1:colcon.colcon_core.package_identification:_identify(ign_models/Bathtub/meshes) by extensions ['colcon_meta']
[0.564s] Level 1:colcon.colcon_core.package_identification:_identify(ign_models/Bathtub/meshes) by extension 'colcon_meta'
[0.564s] Level 1:colcon.colcon_core.package_identification:_identify(ign_models/Bathtub/meshes) by extensions ['ros']
[0.565s] Level 1:colcon.colcon_core.package_identification:_identify(ign_models/Bathtub/meshes) by extension 'ros'
[0.565s] Level 1:colcon.colcon_core.package_identification:_identify(ign_models/Bathtub/meshes) by extensions ['cmake', 'python']
[0.565s] Level 1:colcon.colcon_core.package_identification:_identify(ign_models/Bathtub/meshes) by extension 'cmake'
[0.565s] Level 1:colcon.colcon_core.package_identification:_identify(ign_models/Bathtub/meshes) by extension 'python'
[0.565s] Level 1:colcon.colcon_core.package_identification:_identify(ign_models/Bathtub/meshes) by extensions ['python_setup_py']
[0.565s] Level 1:colcon.colcon_core.package_identification:_identify(ign_models/Bathtub/meshes) by extension 'python_setup_py'
[0.565s] Level 1:colcon.colcon_core.package_identification:_identify(ign_models/Bathtub/thumbnails) by extensions ['ignore', 'ignore_ament_install']
[0.565s] Level 1:colcon.colcon_core.package_identification:_identify(ign_models/Bathtub/thumbnails) by extension 'ignore'
[0.565s] Level 1:colcon.colcon_core.package_identification:_identify(ign_models/Bathtub/thumbnails) by extension 'ignore_ament_install'
[0.565s] Level 1:colcon.colcon_core.package_identification:_identify(ign_models/Bathtub/thumbnails) by extensions ['colcon_pkg']
[0.565s] Level 1:colcon.colcon_core.package_identification:_identify(ign_models/Bathtub/thumbnails) by extension 'colcon_pkg'
[0.565s] Level 1:colcon.colcon_core.package_identification:_identify(ign_models/Bathtub/thumbnails) by extensions ['colcon_meta']
[0.565s] Level 1:colcon.colcon_core.package_identification:_identify(ign_models/Bathtub/thumbnails) by extension 'colcon_meta'
[0.565s] Level 1:colcon.colcon_core.package_identification:_identify(ign_models/Bathtub/thumbnails) by extensions ['ros']
[0.565s] Level 1:colcon.colcon_core.package_identification:_identify(ign_models/Bathtub/thumbnails) by extension 'ros'
[0.565s] Level 1:colcon.colcon_core.package_identification:_identify(ign_models/Bathtub/thumbnails) by extensions ['cmake', 'python']
[0.565s] Level 1:colcon.colcon_core.package_identification:_identify(ign_models/Bathtub/thumbnails) by extension 'cmake'
[0.565s] Level 1:colcon.colcon_core.package_identification:_identify(ign_models/Bathtub/thumbnails) by extension 'python'
[0.565s] Level 1:colcon.colcon_core.package_identification:_identify(ign_models/Bathtub/thumbnails) by extensions ['python_setup_py']
[0.565s] Level 1:colcon.colcon_core.package_identification:_identify(ign_models/Bathtub/thumbnails) by extension 'python_setup_py'
[0.565s] Level 1:colcon.colcon_core.package_identification:_identify(ign_models/Bed) by extensions ['ignore', 'ignore_ament_install']
[0.565s] Level 1:colcon.colcon_core.package_identification:_identify(ign_models/Bed) by extension 'ignore'
[0.565s] Level 1:colcon.colcon_core.package_identification:_identify(ign_models/Bed) by extension 'ignore_ament_install'
[0.565s] Level 1:colcon.colcon_core.package_identification:_identify(ign_models/Bed) by extensions ['colcon_pkg']
[0.565s] Level 1:colcon.colcon_core.package_identification:_identify(ign_models/Bed) by extension 'colcon_pkg'
[0.566s] Level 1:colcon.colcon_core.package_identification:_identify(ign_models/Bed) by extensions ['colcon_meta']
[0.566s] Level 1:colcon.colcon_core.package_identification:_identify(ign_models/Bed) by extension 'colcon_meta'
[0.566s] Level 1:colcon.colcon_core.package_identification:_identify(ign_models/Bed) by extensions ['ros']
[0.566s] Level 1:colcon.colcon_core.package_identification:_identify(ign_models/Bed) by extension 'ros'
[0.566s] Level 1:colcon.colcon_core.package_identification:_identify(ign_models/Bed) by extensions ['cmake', 'python']
[0.566s] Level 1:colcon.colcon_core.package_identification:_identify(ign_models/Bed) by extension 'cmake'
[0.566s] Level 1:colcon.colcon_core.package_identification:_identify(ign_models/Bed) by extension 'python'
[0.566s] Level 1:colcon.colcon_core.package_identification:_identify(ign_models/Bed) by extensions ['python_setup_py']
[0.566s] Level 1:colcon.colcon_core.package_identification:_identify(ign_models/Bed) by extension 'python_setup_py'
[0.566s] Level 1:colcon.colcon_core.package_identification:_identify(ign_models/Bed/materials) by extensions ['ignore', 'ignore_ament_install']
[0.566s] Level 1:colcon.colcon_core.package_identification:_identify(ign_models/Bed/materials) by extension 'ignore'
[0.566s] Level 1:colcon.colcon_core.package_identification:_identify(ign_models/Bed/materials) by extension 'ignore_ament_install'
[0.566s] Level 1:colcon.colcon_core.package_identification:_identify(ign_models/Bed/materials) by extensions ['colcon_pkg']
[0.566s] Level 1:colcon.colcon_core.package_identification:_identify(ign_models/Bed/materials) by extension 'colcon_pkg'
[0.566s] Level 1:colcon.colcon_core.package_identification:_identify(ign_models/Bed/materials) by extensions ['colcon_meta']
[0.566s] Level 1:colcon.colcon_core.package_identification:_identify(ign_models/Bed/materials) by extension 'colcon_meta'
[0.566s] Level 1:colcon.colcon_core.package_identification:_identify(ign_models/Bed/materials) by extensions ['ros']
[0.566s] Level 1:colcon.colcon_core.package_identification:_identify(ign_models/Bed/materials) by extension 'ros'
[0.566s] Level 1:colcon.colcon_core.package_identification:_identify(ign_models/Bed/materials) by extensions ['cmake', 'python']
[0.566s] Level 1:colcon.colcon_core.package_identification:_identify(ign_models/Bed/materials) by extension 'cmake'
[0.566s] Level 1:colcon.colcon_core.package_identification:_identify(ign_models/Bed/materials) by extension 'python'
[0.566s] Level 1:colcon.colcon_core.package_identification:_identify(ign_models/Bed/materials) by extensions ['python_setup_py']
[0.566s] Level 1:colcon.colcon_core.package_identification:_identify(ign_models/Bed/materials) by extension 'python_setup_py'
[0.567s] Level 1:colcon.colcon_core.package_identification:_identify(ign_models/Bed/materials/textures) by extensions ['ignore', 'ignore_ament_install']
[0.567s] Level 1:colcon.colcon_core.package_identification:_identify(ign_models/Bed/materials/textures) by extension 'ignore'
[0.567s] Level 1:colcon.colcon_core.package_identification:_identify(ign_models/Bed/materials/textures) by extension 'ignore_ament_install'
[0.567s] Level 1:colcon.colcon_core.package_identification:_identify(ign_models/Bed/materials/textures) by extensions ['colcon_pkg']
[0.567s] Level 1:colcon.colcon_core.package_identification:_identify(ign_models/Bed/materials/textures) by extension 'colcon_pkg'
[0.567s] Level 1:colcon.colcon_core.package_identification:_identify(ign_models/Bed/materials/textures) by extensions ['colcon_meta']
[0.567s] Level 1:colcon.colcon_core.package_identification:_identify(ign_models/Bed/materials/textures) by extension 'colcon_meta'
[0.567s] Level 1:colcon.colcon_core.package_identification:_identify(ign_models/Bed/materials/textures) by extensions ['ros']
[0.567s] Level 1:colcon.colcon_core.package_identification:_identify(ign_models/Bed/materials/textures) by extension 'ros'
[0.567s] Level 1:colcon.colcon_core.package_identification:_identify(ign_models/Bed/materials/textures) by extensions ['cmake', 'python']
[0.567s] Level 1:colcon.colcon_core.package_identification:_identify(ign_models/Bed/materials/textures) by extension 'cmake'
[0.567s] Level 1:colcon.colcon_core.package_identification:_identify(ign_models/Bed/materials/textures) by extension 'python'
[0.567s] Level 1:colcon.colcon_core.package_identification:_identify(ign_models/Bed/materials/textures) by extensions ['python_setup_py']
[0.567s] Level 1:colcon.colcon_core.package_identification:_identify(ign_models/Bed/materials/textures) by extension 'python_setup_py'
[0.567s] Level 1:colcon.colcon_core.package_identification:_identify(ign_models/Bed/meshes) by extensions ['ignore', 'ignore_ament_install']
[0.567s] Level 1:colcon.colcon_core.package_identification:_identify(ign_models/Bed/meshes) by extension 'ignore'
[0.567s] Level 1:colcon.colcon_core.package_identification:_identify(ign_models/Bed/meshes) by extension 'ignore_ament_install'
[0.567s] Level 1:colcon.colcon_core.package_identification:_identify(ign_models/Bed/meshes) by extensions ['colcon_pkg']
[0.567s] Level 1:colcon.colcon_core.package_identification:_identify(ign_models/Bed/meshes) by extension 'colcon_pkg'
[0.567s] Level 1:colcon.colcon_core.package_identification:_identify(ign_models/Bed/meshes) by extensions ['colcon_meta']
[0.567s] Level 1:colcon.colcon_core.package_identification:_identify(ign_models/Bed/meshes) by extension 'colcon_meta'
[0.567s] Level 1:colcon.colcon_core.package_identification:_identify(ign_models/Bed/meshes) by extensions ['ros']
[0.567s] Level 1:colcon.colcon_core.package_identification:_identify(ign_models/Bed/meshes) by extension 'ros'
[0.567s] Level 1:colcon.colcon_core.package_identification:_identify(ign_models/Bed/meshes) by extensions ['cmake', 'python']
[0.567s] Level 1:colcon.colcon_core.package_identification:_identify(ign_models/Bed/meshes) by extension 'cmake'
[0.567s] Level 1:colcon.colcon_core.package_identification:_identify(ign_models/Bed/meshes) by extension 'python'
[0.567s] Level 1:colcon.colcon_core.package_identification:_identify(ign_models/Bed/meshes) by extensions ['python_setup_py']
[0.568s] Level 1:colcon.colcon_core.package_identification:_identify(ign_models/Bed/meshes) by extension 'python_setup_py'
[0.568s] Level 1:colcon.colcon_core.package_identification:_identify(ign_models/Bed/thumbnails) by extensions ['ignore', 'ignore_ament_install']
[0.568s] Level 1:colcon.colcon_core.package_identification:_identify(ign_models/Bed/thumbnails) by extension 'ignore'
[0.568s] Level 1:colcon.colcon_core.package_identification:_identify(ign_models/Bed/thumbnails) by extension 'ignore_ament_install'
[0.568s] Level 1:colcon.colcon_core.package_identification:_identify(ign_models/Bed/thumbnails) by extensions ['colcon_pkg']
[0.568s] Level 1:colcon.colcon_core.package_identification:_identify(ign_models/Bed/thumbnails) by extension 'colcon_pkg'
[0.568s] Level 1:colcon.colcon_core.package_identification:_identify(ign_models/Bed/thumbnails) by extensions ['colcon_meta']
[0.568s] Level 1:colcon.colcon_core.package_identification:_identify(ign_models/Bed/thumbnails) by extension 'colcon_meta'
[0.568s] Level 1:colcon.colcon_core.package_identification:_identify(ign_models/Bed/thumbnails) by extensions ['ros']
[0.568s] Level 1:colcon.colcon_core.package_identification:_identify(ign_models/Bed/thumbnails) by extension 'ros'
[0.568s] Level 1:colcon.colcon_core.package_identification:_identify(ign_models/Bed/thumbnails) by extensions ['cmake', 'python']
[0.568s] Level 1:colcon.colcon_core.package_identification:_identify(ign_models/Bed/thumbnails) by extension 'cmake'
[0.568s] Level 1:colcon.colcon_core.package_identification:_identify(ign_models/Bed/thumbnails) by extension 'python'
[0.568s] Level 1:colcon.colcon_core.package_identification:_identify(ign_models/Bed/thumbnails) by extensions ['python_setup_py']
[0.568s] Level 1:colcon.colcon_core.package_identification:_identify(ign_models/Bed/thumbnails) by extension 'python_setup_py'
[0.568s] Level 1:colcon.colcon_core.package_identification:_identify(ign_models/Dining Table) by extensions ['ignore', 'ignore_ament_install']
[0.568s] Level 1:colcon.colcon_core.package_identification:_identify(ign_models/Dining Table) by extension 'ignore'
[0.568s] Level 1:colcon.colcon_core.package_identification:_identify(ign_models/Dining Table) by extension 'ignore_ament_install'
[0.569s] Level 1:colcon.colcon_core.package_identification:_identify(ign_models/Dining Table) by extensions ['colcon_pkg']
[0.569s] Level 1:colcon.colcon_core.package_identification:_identify(ign_models/Dining Table) by extension 'colcon_pkg'
[0.569s] Level 1:colcon.colcon_core.package_identification:_identify(ign_models/Dining Table) by extensions ['colcon_meta']
[0.569s] Level 1:colcon.colcon_core.package_identification:_identify(ign_models/Dining Table) by extension 'colcon_meta'
[0.569s] Level 1:colcon.colcon_core.package_identification:_identify(ign_models/Dining Table) by extensions ['ros']
[0.569s] Level 1:colcon.colcon_core.package_identification:_identify(ign_models/Dining Table) by extension 'ros'
[0.569s] Level 1:colcon.colcon_core.package_identification:_identify(ign_models/Dining Table) by extensions ['cmake', 'python']
[0.569s] Level 1:colcon.colcon_core.package_identification:_identify(ign_models/Dining Table) by extension 'cmake'
[0.569s] Level 1:colcon.colcon_core.package_identification:_identify(ign_models/Dining Table) by extension 'python'
[0.569s] Level 1:colcon.colcon_core.package_identification:_identify(ign_models/Dining Table) by extensions ['python_setup_py']
[0.569s] Level 1:colcon.colcon_core.package_identification:_identify(ign_models/Dining Table) by extension 'python_setup_py'
[0.569s] Level 1:colcon.colcon_core.package_identification:_identify(ign_models/Dining Table/materials) by extensions ['ignore', 'ignore_ament_install']
[0.569s] Level 1:colcon.colcon_core.package_identification:_identify(ign_models/Dining Table/materials) by extension 'ignore'
[0.569s] Level 1:colcon.colcon_core.package_identification:_identify(ign_models/Dining Table/materials) by extension 'ignore_ament_install'
[0.569s] Level 1:colcon.colcon_core.package_identification:_identify(ign_models/Dining Table/materials) by extensions ['colcon_pkg']
[0.569s] Level 1:colcon.colcon_core.package_identification:_identify(ign_models/Dining Table/materials) by extension 'colcon_pkg'
[0.569s] Level 1:colcon.colcon_core.package_identification:_identify(ign_models/Dining Table/materials) by extensions ['colcon_meta']
[0.569s] Level 1:colcon.colcon_core.package_identification:_identify(ign_models/Dining Table/materials) by extension 'colcon_meta'
[0.569s] Level 1:colcon.colcon_core.package_identification:_identify(ign_models/Dining Table/materials) by extensions ['ros']
[0.569s] Level 1:colcon.colcon_core.package_identification:_identify(ign_models/Dining Table/materials) by extension 'ros'
[0.569s] Level 1:colcon.colcon_core.package_identification:_identify(ign_models/Dining Table/materials) by extensions ['cmake', 'python']
[0.569s] Level 1:colcon.colcon_core.package_identification:_identify(ign_models/Dining Table/materials) by extension 'cmake'
[0.569s] Level 1:colcon.colcon_core.package_identification:_identify(ign_models/Dining Table/materials) by extension 'python'
[0.569s] Level 1:colcon.colcon_core.package_identification:_identify(ign_models/Dining Table/materials) by extensions ['python_setup_py']
[0.569s] Level 1:colcon.colcon_core.package_identification:_identify(ign_models/Dining Table/materials) by extension 'python_setup_py'
[0.570s] Level 1:colcon.colcon_core.package_identification:_identify(ign_models/Dining Table/materials/textures) by extensions ['ignore', 'ignore_ament_install']
[0.570s] Level 1:colcon.colcon_core.package_identification:_identify(ign_models/Dining Table/materials/textures) by extension 'ignore'
[0.570s] Level 1:colcon.colcon_core.package_identification:_identify(ign_models/Dining Table/materials/textures) by extension 'ignore_ament_install'
[0.570s] Level 1:colcon.colcon_core.package_identification:_identify(ign_models/Dining Table/materials/textures) by extensions ['colcon_pkg']
[0.570s] Level 1:colcon.colcon_core.package_identification:_identify(ign_models/Dining Table/materials/textures) by extension 'colcon_pkg'
[0.570s] Level 1:colcon.colcon_core.package_identification:_identify(ign_models/Dining Table/materials/textures) by extensions ['colcon_meta']
[0.570s] Level 1:colcon.colcon_core.package_identification:_identify(ign_models/Dining Table/materials/textures) by extension 'colcon_meta'
[0.570s] Level 1:colcon.colcon_core.package_identification:_identify(ign_models/Dining Table/materials/textures) by extensions ['ros']
[0.570s] Level 1:colcon.colcon_core.package_identification:_identify(ign_models/Dining Table/materials/textures) by extension 'ros'
[0.570s] Level 1:colcon.colcon_core.package_identification:_identify(ign_models/Dining Table/materials/textures) by extensions ['cmake', 'python']
[0.570s] Level 1:colcon.colcon_core.package_identification:_identify(ign_models/Dining Table/materials/textures) by extension 'cmake'
[0.570s] Level 1:colcon.colcon_core.package_identification:_identify(ign_models/Dining Table/materials/textures) by extension 'python'
[0.570s] Level 1:colcon.colcon_core.package_identification:_identify(ign_models/Dining Table/materials/textures) by extensions ['python_setup_py']
[0.570s] Level 1:colcon.colcon_core.package_identification:_identify(ign_models/Dining Table/materials/textures) by extension 'python_setup_py'
[0.570s] Level 1:colcon.colcon_core.package_identification:_identify(ign_models/Dining Table/meshes) by extensions ['ignore', 'ignore_ament_install']
[0.570s] Level 1:colcon.colcon_core.package_identification:_identify(ign_models/Dining Table/meshes) by extension 'ignore'
[0.570s] Level 1:colcon.colcon_core.package_identification:_identify(ign_models/Dining Table/meshes) by extension 'ignore_ament_install'
[0.570s] Level 1:colcon.colcon_core.package_identification:_identify(ign_models/Dining Table/meshes) by extensions ['colcon_pkg']
[0.570s] Level 1:colcon.colcon_core.package_identification:_identify(ign_models/Dining Table/meshes) by extension 'colcon_pkg'
[0.571s] Level 1:colcon.colcon_core.package_identification:_identify(ign_models/Dining Table/meshes) by extensions ['colcon_meta']
[0.571s] Level 1:colcon.colcon_core.package_identification:_identify(ign_models/Dining Table/meshes) by extension 'colcon_meta'
[0.571s] Level 1:colcon.colcon_core.package_identification:_identify(ign_models/Dining Table/meshes) by extensions ['ros']
[0.571s] Level 1:colcon.colcon_core.package_identification:_identify(ign_models/Dining Table/meshes) by extension 'ros'
[0.571s] Level 1:colcon.colcon_core.package_identification:_identify(ign_models/Dining Table/meshes) by extensions ['cmake', 'python']
[0.571s] Level 1:colcon.colcon_core.package_identification:_identify(ign_models/Dining Table/meshes) by extension 'cmake'
[0.571s] Level 1:colcon.colcon_core.package_identification:_identify(ign_models/Dining Table/meshes) by extension 'python'
[0.571s] Level 1:colcon.colcon_core.package_identification:_identify(ign_models/Dining Table/meshes) by extensions ['python_setup_py']
[0.571s] Level 1:colcon.colcon_core.package_identification:_identify(ign_models/Dining Table/meshes) by extension 'python_setup_py'
[0.571s] Level 1:colcon.colcon_core.package_identification:_identify(ign_models/Dining Table/thumbnails) by extensions ['ignore', 'ignore_ament_install']
[0.571s] Level 1:colcon.colcon_core.package_identification:_identify(ign_models/Dining Table/thumbnails) by extension 'ignore'
[0.571s] Level 1:colcon.colcon_core.package_identification:_identify(ign_models/Dining Table/thumbnails) by extension 'ignore_ament_install'
[0.571s] Level 1:colcon.colcon_core.package_identification:_identify(ign_models/Dining Table/thumbnails) by extensions ['colcon_pkg']
[0.571s] Level 1:colcon.colcon_core.package_identification:_identify(ign_models/Dining Table/thumbnails) by extension 'colcon_pkg'
[0.571s] Level 1:colcon.colcon_core.package_identification:_identify(ign_models/Dining Table/thumbnails) by extensions ['colcon_meta']
[0.571s] Level 1:colcon.colcon_core.package_identification:_identify(ign_models/Dining Table/thumbnails) by extension 'colcon_meta'
[0.571s] Level 1:colcon.colcon_core.package_identification:_identify(ign_models/Dining Table/thumbnails) by extensions ['ros']
[0.571s] Level 1:colcon.colcon_core.package_identification:_identify(ign_models/Dining Table/thumbnails) by extension 'ros'
[0.571s] Level 1:colcon.colcon_core.package_identification:_identify(ign_models/Dining Table/thumbnails) by extensions ['cmake', 'python']
[0.571s] Level 1:colcon.colcon_core.package_identification:_identify(ign_models/Dining Table/thumbnails) by extension 'cmake'
[0.571s] Level 1:colcon.colcon_core.package_identification:_identify(ign_models/Dining Table/thumbnails) by extension 'python'
[0.571s] Level 1:colcon.colcon_core.package_identification:_identify(ign_models/Dining Table/thumbnails) by extensions ['python_setup_py']
[0.571s] Level 1:colcon.colcon_core.package_identification:_identify(ign_models/Dining Table/thumbnails) by extension 'python_setup_py'
[0.572s] Level 1:colcon.colcon_core.package_identification:_identify(ign_models/Office Desk) by extensions ['ignore', 'ignore_ament_install']
[0.572s] Level 1:colcon.colcon_core.package_identification:_identify(ign_models/Office Desk) by extension 'ignore'
[0.572s] Level 1:colcon.colcon_core.package_identification:_identify(ign_models/Office Desk) by extension 'ignore_ament_install'
[0.572s] Level 1:colcon.colcon_core.package_identification:_identify(ign_models/Office Desk) by extensions ['colcon_pkg']
[0.572s] Level 1:colcon.colcon_core.package_identification:_identify(ign_models/Office Desk) by extension 'colcon_pkg'
[0.572s] Level 1:colcon.colcon_core.package_identification:_identify(ign_models/Office Desk) by extensions ['colcon_meta']
[0.572s] Level 1:colcon.colcon_core.package_identification:_identify(ign_models/Office Desk) by extension 'colcon_meta'
[0.572s] Level 1:colcon.colcon_core.package_identification:_identify(ign_models/Office Desk) by extensions ['ros']
[0.572s] Level 1:colcon.colcon_core.package_identification:_identify(ign_models/Office Desk) by extension 'ros'
[0.572s] Level 1:colcon.colcon_core.package_identification:_identify(ign_models/Office Desk) by extensions ['cmake', 'python']
[0.572s] Level 1:colcon.colcon_core.package_identification:_identify(ign_models/Office Desk) by extension 'cmake'
[0.572s] Level 1:colcon.colcon_core.package_identification:_identify(ign_models/Office Desk) by extension 'python'
[0.572s] Level 1:colcon.colcon_core.package_identification:_identify(ign_models/Office Desk) by extensions ['python_setup_py']
[0.572s] Level 1:colcon.colcon_core.package_identification:_identify(ign_models/Office Desk) by extension 'python_setup_py'
[0.572s] Level 1:colcon.colcon_core.package_identification:_identify(ign_models/Office Desk/materials) by extensions ['ignore', 'ignore_ament_install']
[0.572s] Level 1:colcon.colcon_core.package_identification:_identify(ign_models/Office Desk/materials) by extension 'ignore'
[0.572s] Level 1:colcon.colcon_core.package_identification:_identify(ign_models/Office Desk/materials) by extension 'ignore_ament_install'
[0.572s] Level 1:colcon.colcon_core.package_identification:_identify(ign_models/Office Desk/materials) by extensions ['colcon_pkg']
[0.572s] Level 1:colcon.colcon_core.package_identification:_identify(ign_models/Office Desk/materials) by extension 'colcon_pkg'
[0.572s] Level 1:colcon.colcon_core.package_identification:_identify(ign_models/Office Desk/materials) by extensions ['colcon_meta']
[0.572s] Level 1:colcon.colcon_core.package_identification:_identify(ign_models/Office Desk/materials) by extension 'colcon_meta'
[0.572s] Level 1:colcon.colcon_core.package_identification:_identify(ign_models/Office Desk/materials) by extensions ['ros']
[0.572s] Level 1:colcon.colcon_core.package_identification:_identify(ign_models/Office Desk/materials) by extension 'ros'
[0.573s] Level 1:colcon.colcon_core.package_identification:_identify(ign_models/Office Desk/materials) by extensions ['cmake', 'python']
[0.573s] Level 1:colcon.colcon_core.package_identification:_identify(ign_models/Office Desk/materials) by extension 'cmake'
[0.573s] Level 1:colcon.colcon_core.package_identification:_identify(ign_models/Office Desk/materials) by extension 'python'
[0.573s] Level 1:colcon.colcon_core.package_identification:_identify(ign_models/Office Desk/materials) by extensions ['python_setup_py']
[0.573s] Level 1:colcon.colcon_core.package_identification:_identify(ign_models/Office Desk/materials) by extension 'python_setup_py'
[0.573s] Level 1:colcon.colcon_core.package_identification:_identify(ign_models/Office Desk/materials/textures) by extensions ['ignore', 'ignore_ament_install']
[0.573s] Level 1:colcon.colcon_core.package_identification:_identify(ign_models/Office Desk/materials/textures) by extension 'ignore'
[0.573s] Level 1:colcon.colcon_core.package_identification:_identify(ign_models/Office Desk/materials/textures) by extension 'ignore_ament_install'
[0.573s] Level 1:colcon.colcon_core.package_identification:_identify(ign_models/Office Desk/materials/textures) by extensions ['colcon_pkg']
[0.573s] Level 1:colcon.colcon_core.package_identification:_identify(ign_models/Office Desk/materials/textures) by extension 'colcon_pkg'
[0.573s] Level 1:colcon.colcon_core.package_identification:_identify(ign_models/Office Desk/materials/textures) by extensions ['colcon_meta']
[0.573s] Level 1:colcon.colcon_core.package_identification:_identify(ign_models/Office Desk/materials/textures) by extension 'colcon_meta'
[0.573s] Level 1:colcon.colcon_core.package_identification:_identify(ign_models/Office Desk/materials/textures) by extensions ['ros']
[0.573s] Level 1:colcon.colcon_core.package_identification:_identify(ign_models/Office Desk/materials/textures) by extension 'ros'
[0.573s] Level 1:colcon.colcon_core.package_identification:_identify(ign_models/Office Desk/materials/textures) by extensions ['cmake', 'python']
[0.573s] Level 1:colcon.colcon_core.package_identification:_identify(ign_models/Office Desk/materials/textures) by extension 'cmake'
[0.573s] Level 1:colcon.colcon_core.package_identification:_identify(ign_models/Office Desk/materials/textures) by extension 'python'
[0.573s] Level 1:colcon.colcon_core.package_identification:_identify(ign_models/Office Desk/materials/textures) by extensions ['python_setup_py']
[0.573s] Level 1:colcon.colcon_core.package_identification:_identify(ign_models/Office Desk/materials/textures) by extension 'python_setup_py'
[0.573s] Level 1:colcon.colcon_core.package_identification:_identify(ign_models/Office Desk/meshes) by extensions ['ignore', 'ignore_ament_install']
[0.574s] Level 1:colcon.colcon_core.package_identification:_identify(ign_models/Office Desk/meshes) by extension 'ignore'
[0.574s] Level 1:colcon.colcon_core.package_identification:_identify(ign_models/Office Desk/meshes) by extension 'ignore_ament_install'
[0.574s] Level 1:colcon.colcon_core.package_identification:_identify(ign_models/Office Desk/meshes) by extensions ['colcon_pkg']
[0.574s] Level 1:colcon.colcon_core.package_identification:_identify(ign_models/Office Desk/meshes) by extension 'colcon_pkg'
[0.574s] Level 1:colcon.colcon_core.package_identification:_identify(ign_models/Office Desk/meshes) by extensions ['colcon_meta']
[0.574s] Level 1:colcon.colcon_core.package_identification:_identify(ign_models/Office Desk/meshes) by extension 'colcon_meta'
[0.574s] Level 1:colcon.colcon_core.package_identification:_identify(ign_models/Office Desk/meshes) by extensions ['ros']
[0.574s] Level 1:colcon.colcon_core.package_identification:_identify(ign_models/Office Desk/meshes) by extension 'ros'
[0.574s] Level 1:colcon.colcon_core.package_identification:_identify(ign_models/Office Desk/meshes) by extensions ['cmake', 'python']
[0.574s] Level 1:colcon.colcon_core.package_identification:_identify(ign_models/Office Desk/meshes) by extension 'cmake'
[0.574s] Level 1:colcon.colcon_core.package_identification:_identify(ign_models/Office Desk/meshes) by extension 'python'
[0.574s] Level 1:colcon.colcon_core.package_identification:_identify(ign_models/Office Desk/meshes) by extensions ['python_setup_py']
[0.574s] Level 1:colcon.colcon_core.package_identification:_identify(ign_models/Office Desk/meshes) by extension 'python_setup_py'
[0.574s] Level 1:colcon.colcon_core.package_identification:_identify(ign_models/Office Desk/thumbnails) by extensions ['ignore', 'ignore_ament_install']
[0.574s] Level 1:colcon.colcon_core.package_identification:_identify(ign_models/Office Desk/thumbnails) by extension 'ignore'
[0.574s] Level 1:colcon.colcon_core.package_identification:_identify(ign_models/Office Desk/thumbnails) by extension 'ignore_ament_install'
[0.574s] Level 1:colcon.colcon_core.package_identification:_identify(ign_models/Office Desk/thumbnails) by extensions ['colcon_pkg']
[0.574s] Level 1:colcon.colcon_core.package_identification:_identify(ign_models/Office Desk/thumbnails) by extension 'colcon_pkg'
[0.574s] Level 1:colcon.colcon_core.package_identification:_identify(ign_models/Office Desk/thumbnails) by extensions ['colcon_meta']
[0.574s] Level 1:colcon.colcon_core.package_identification:_identify(ign_models/Office Desk/thumbnails) by extension 'colcon_meta'
[0.574s] Level 1:colcon.colcon_core.package_identification:_identify(ign_models/Office Desk/thumbnails) by extensions ['ros']
[0.574s] Level 1:colcon.colcon_core.package_identification:_identify(ign_models/Office Desk/thumbnails) by extension 'ros'
[0.575s] Level 1:colcon.colcon_core.package_identification:_identify(ign_models/Office Desk/thumbnails) by extensions ['cmake', 'python']
[0.575s] Level 1:colcon.colcon_core.package_identification:_identify(ign_models/Office Desk/thumbnails) by extension 'cmake'
[0.575s] Level 1:colcon.colcon_core.package_identification:_identify(ign_models/Office Desk/thumbnails) by extension 'python'
[0.575s] Level 1:colcon.colcon_core.package_identification:_identify(ign_models/Office Desk/thumbnails) by extensions ['python_setup_py']
[0.575s] Level 1:colcon.colcon_core.package_identification:_identify(ign_models/Office Desk/thumbnails) by extension 'python_setup_py'
[0.576s] Level 1:colcon.colcon_core.package_identification:_identify(ign_models/Pickup) by extensions ['ignore', 'ignore_ament_install']
[0.576s] Level 1:colcon.colcon_core.package_identification:_identify(ign_models/Pickup) by extension 'ignore'
[0.576s] Level 1:colcon.colcon_core.package_identification:_identify(ign_models/Pickup) by extension 'ignore_ament_install'
[0.576s] Level 1:colcon.colcon_core.package_identification:_identify(ign_models/Pickup) by extensions ['colcon_pkg']
[0.576s] Level 1:colcon.colcon_core.package_identification:_identify(ign_models/Pickup) by extension 'colcon_pkg'
[0.576s] Level 1:colcon.colcon_core.package_identification:_identify(ign_models/Pickup) by extensions ['colcon_meta']
[0.576s] Level 1:colcon.colcon_core.package_identification:_identify(ign_models/Pickup) by extension 'colcon_meta'
[0.576s] Level 1:colcon.colcon_core.package_identification:_identify(ign_models/Pickup) by extensions ['ros']
[0.576s] Level 1:colcon.colcon_core.package_identification:_identify(ign_models/Pickup) by extension 'ros'
[0.576s] Level 1:colcon.colcon_core.package_identification:_identify(ign_models/Pickup) by extensions ['cmake', 'python']
[0.576s] Level 1:colcon.colcon_core.package_identification:_identify(ign_models/Pickup) by extension 'cmake'
[0.576s] Level 1:colcon.colcon_core.package_identification:_identify(ign_models/Pickup) by extension 'python'
[0.576s] Level 1:colcon.colcon_core.package_identification:_identify(ign_models/Pickup) by extensions ['python_setup_py']
[0.576s] Level 1:colcon.colcon_core.package_identification:_identify(ign_models/Pickup) by extension 'python_setup_py'
[0.577s] Level 1:colcon.colcon_core.package_identification:_identify(ign_models/Pickup/materials) by extensions ['ignore', 'ignore_ament_install']
[0.577s] Level 1:colcon.colcon_core.package_identification:_identify(ign_models/Pickup/materials) by extension 'ignore'
[0.577s] Level 1:colcon.colcon_core.package_identification:_identify(ign_models/Pickup/materials) by extension 'ignore_ament_install'
[0.577s] Level 1:colcon.colcon_core.package_identification:_identify(ign_models/Pickup/materials) by extensions ['colcon_pkg']
[0.577s] Level 1:colcon.colcon_core.package_identification:_identify(ign_models/Pickup/materials) by extension 'colcon_pkg'
[0.577s] Level 1:colcon.colcon_core.package_identification:_identify(ign_models/Pickup/materials) by extensions ['colcon_meta']
[0.577s] Level 1:colcon.colcon_core.package_identification:_identify(ign_models/Pickup/materials) by extension 'colcon_meta'
[0.577s] Level 1:colcon.colcon_core.package_identification:_identify(ign_models/Pickup/materials) by extensions ['ros']
[0.577s] Level 1:colcon.colcon_core.package_identification:_identify(ign_models/Pickup/materials) by extension 'ros'
[0.577s] Level 1:colcon.colcon_core.package_identification:_identify(ign_models/Pickup/materials) by extensions ['cmake', 'python']
[0.577s] Level 1:colcon.colcon_core.package_identification:_identify(ign_models/Pickup/materials) by extension 'cmake'
[0.577s] Level 1:colcon.colcon_core.package_identification:_identify(ign_models/Pickup/materials) by extension 'python'
[0.577s] Level 1:colcon.colcon_core.package_identification:_identify(ign_models/Pickup/materials) by extensions ['python_setup_py']
[0.577s] Level 1:colcon.colcon_core.package_identification:_identify(ign_models/Pickup/materials) by extension 'python_setup_py'
[0.580s] Level 1:colcon.colcon_core.package_identification:_identify(ign_models/Pickup/materials/textures) by extensions ['ignore', 'ignore_ament_install']
[0.580s] Level 1:colcon.colcon_core.package_identification:_identify(ign_models/Pickup/materials/textures) by extension 'ignore'
[0.580s] Level 1:colcon.colcon_core.package_identification:_identify(ign_models/Pickup/materials/textures) by extension 'ignore_ament_install'
[0.580s] Level 1:colcon.colcon_core.package_identification:_identify(ign_models/Pickup/materials/textures) by extensions ['colcon_pkg']
[0.580s] Level 1:colcon.colcon_core.package_identification:_identify(ign_models/Pickup/materials/textures) by extension 'colcon_pkg'
[0.580s] Level 1:colcon.colcon_core.package_identification:_identify(ign_models/Pickup/materials/textures) by extensions ['colcon_meta']
[0.580s] Level 1:colcon.colcon_core.package_identification:_identify(ign_models/Pickup/materials/textures) by extension 'colcon_meta'
[0.580s] Level 1:colcon.colcon_core.package_identification:_identify(ign_models/Pickup/materials/textures) by extensions ['ros']
[0.580s] Level 1:colcon.colcon_core.package_identification:_identify(ign_models/Pickup/materials/textures) by extension 'ros'
[0.580s] Level 1:colcon.colcon_core.package_identification:_identify(ign_models/Pickup/materials/textures) by extensions ['cmake', 'python']
[0.580s] Level 1:colcon.colcon_core.package_identification:_identify(ign_models/Pickup/materials/textures) by extension 'cmake'
[0.580s] Level 1:colcon.colcon_core.package_identification:_identify(ign_models/Pickup/materials/textures) by extension 'python'
[0.580s] Level 1:colcon.colcon_core.package_identification:_identify(ign_models/Pickup/materials/textures) by extensions ['python_setup_py']
[0.580s] Level 1:colcon.colcon_core.package_identification:_identify(ign_models/Pickup/materials/textures) by extension 'python_setup_py'
[0.581s] Level 1:colcon.colcon_core.package_identification:_identify(ign_models/Pickup/meshes) by extensions ['ignore', 'ignore_ament_install']
[0.581s] Level 1:colcon.colcon_core.package_identification:_identify(ign_models/Pickup/meshes) by extension 'ignore'
[0.581s] Level 1:colcon.colcon_core.package_identification:_identify(ign_models/Pickup/meshes) by extension 'ignore_ament_install'
[0.581s] Level 1:colcon.colcon_core.package_identification:_identify(ign_models/Pickup/meshes) by extensions ['colcon_pkg']
[0.581s] Level 1:colcon.colcon_core.package_identification:_identify(ign_models/Pickup/meshes) by extension 'colcon_pkg'
[0.581s] Level 1:colcon.colcon_core.package_identification:_identify(ign_models/Pickup/meshes) by extensions ['colcon_meta']
[0.581s] Level 1:colcon.colcon_core.package_identification:_identify(ign_models/Pickup/meshes) by extension 'colcon_meta'
[0.581s] Level 1:colcon.colcon_core.package_identification:_identify(ign_models/Pickup/meshes) by extensions ['ros']
[0.581s] Level 1:colcon.colcon_core.package_identification:_identify(ign_models/Pickup/meshes) by extension 'ros'
[0.581s] Level 1:colcon.colcon_core.package_identification:_identify(ign_models/Pickup/meshes) by extensions ['cmake', 'python']
[0.581s] Level 1:colcon.colcon_core.package_identification:_identify(ign_models/Pickup/meshes) by extension 'cmake'
[0.581s] Level 1:colcon.colcon_core.package_identification:_identify(ign_models/Pickup/meshes) by extension 'python'
[0.581s] Level 1:colcon.colcon_core.package_identification:_identify(ign_models/Pickup/meshes) by extensions ['python_setup_py']
[0.581s] Level 1:colcon.colcon_core.package_identification:_identify(ign_models/Pickup/meshes) by extension 'python_setup_py'
[0.582s] Level 1:colcon.colcon_core.package_identification:_identify(ign_models/Pickup/thumbnails) by extensions ['ignore', 'ignore_ament_install']
[0.582s] Level 1:colcon.colcon_core.package_identification:_identify(ign_models/Pickup/thumbnails) by extension 'ignore'
[0.582s] Level 1:colcon.colcon_core.package_identification:_identify(ign_models/Pickup/thumbnails) by extension 'ignore_ament_install'
[0.582s] Level 1:colcon.colcon_core.package_identification:_identify(ign_models/Pickup/thumbnails) by extensions ['colcon_pkg']
[0.582s] Level 1:colcon.colcon_core.package_identification:_identify(ign_models/Pickup/thumbnails) by extension 'colcon_pkg'
[0.582s] Level 1:colcon.colcon_core.package_identification:_identify(ign_models/Pickup/thumbnails) by extensions ['colcon_meta']
[0.582s] Level 1:colcon.colcon_core.package_identification:_identify(ign_models/Pickup/thumbnails) by extension 'colcon_meta'
[0.582s] Level 1:colcon.colcon_core.package_identification:_identify(ign_models/Pickup/thumbnails) by extensions ['ros']
[0.582s] Level 1:colcon.colcon_core.package_identification:_identify(ign_models/Pickup/thumbnails) by extension 'ros'
[0.582s] Level 1:colcon.colcon_core.package_identification:_identify(ign_models/Pickup/thumbnails) by extensions ['cmake', 'python']
[0.582s] Level 1:colcon.colcon_core.package_identification:_identify(ign_models/Pickup/thumbnails) by extension 'cmake'
[0.582s] Level 1:colcon.colcon_core.package_identification:_identify(ign_models/Pickup/thumbnails) by extension 'python'
[0.582s] Level 1:colcon.colcon_core.package_identification:_identify(ign_models/Pickup/thumbnails) by extensions ['python_setup_py']
[0.582s] Level 1:colcon.colcon_core.package_identification:_identify(ign_models/Pickup/thumbnails) by extension 'python_setup_py'
[0.582s] Level 1:colcon.colcon_core.package_identification:_identify(ign_models/Sofa) by extensions ['ignore', 'ignore_ament_install']
[0.583s] Level 1:colcon.colcon_core.package_identification:_identify(ign_models/Sofa) by extension 'ignore'
[0.583s] Level 1:colcon.colcon_core.package_identification:_identify(ign_models/Sofa) by extension 'ignore_ament_install'
[0.583s] Level 1:colcon.colcon_core.package_identification:_identify(ign_models/Sofa) by extensions ['colcon_pkg']
[0.583s] Level 1:colcon.colcon_core.package_identification:_identify(ign_models/Sofa) by extension 'colcon_pkg'
[0.583s] Level 1:colcon.colcon_core.package_identification:_identify(ign_models/Sofa) by extensions ['colcon_meta']
[0.583s] Level 1:colcon.colcon_core.package_identification:_identify(ign_models/Sofa) by extension 'colcon_meta'
[0.583s] Level 1:colcon.colcon_core.package_identification:_identify(ign_models/Sofa) by extensions ['ros']
[0.583s] Level 1:colcon.colcon_core.package_identification:_identify(ign_models/Sofa) by extension 'ros'
[0.583s] Level 1:colcon.colcon_core.package_identification:_identify(ign_models/Sofa) by extensions ['cmake', 'python']
[0.583s] Level 1:colcon.colcon_core.package_identification:_identify(ign_models/Sofa) by extension 'cmake'
[0.583s] Level 1:colcon.colcon_core.package_identification:_identify(ign_models/Sofa) by extension 'python'
[0.583s] Level 1:colcon.colcon_core.package_identification:_identify(ign_models/Sofa) by extensions ['python_setup_py']
[0.583s] Level 1:colcon.colcon_core.package_identification:_identify(ign_models/Sofa) by extension 'python_setup_py'
[0.583s] Level 1:colcon.colcon_core.package_identification:_identify(ign_models/Sofa/meshes) by extensions ['ignore', 'ignore_ament_install']
[0.584s] Level 1:colcon.colcon_core.package_identification:_identify(ign_models/Sofa/meshes) by extension 'ignore'
[0.584s] Level 1:colcon.colcon_core.package_identification:_identify(ign_models/Sofa/meshes) by extension 'ignore_ament_install'
[0.584s] Level 1:colcon.colcon_core.package_identification:_identify(ign_models/Sofa/meshes) by extensions ['colcon_pkg']
[0.584s] Level 1:colcon.colcon_core.package_identification:_identify(ign_models/Sofa/meshes) by extension 'colcon_pkg'
[0.584s] Level 1:colcon.colcon_core.package_identification:_identify(ign_models/Sofa/meshes) by extensions ['colcon_meta']
[0.584s] Level 1:colcon.colcon_core.package_identification:_identify(ign_models/Sofa/meshes) by extension 'colcon_meta'
[0.584s] Level 1:colcon.colcon_core.package_identification:_identify(ign_models/Sofa/meshes) by extensions ['ros']
[0.584s] Level 1:colcon.colcon_core.package_identification:_identify(ign_models/Sofa/meshes) by extension 'ros'
[0.584s] Level 1:colcon.colcon_core.package_identification:_identify(ign_models/Sofa/meshes) by extensions ['cmake', 'python']
[0.584s] Level 1:colcon.colcon_core.package_identification:_identify(ign_models/Sofa/meshes) by extension 'cmake'
[0.584s] Level 1:colcon.colcon_core.package_identification:_identify(ign_models/Sofa/meshes) by extension 'python'
[0.584s] Level 1:colcon.colcon_core.package_identification:_identify(ign_models/Sofa/meshes) by extensions ['python_setup_py']
[0.584s] Level 1:colcon.colcon_core.package_identification:_identify(ign_models/Sofa/meshes) by extension 'python_setup_py'
[0.585s] Level 1:colcon.colcon_core.package_identification:_identify(ign_models/Sofa/thumbnails) by extensions ['ignore', 'ignore_ament_install']
[0.585s] Level 1:colcon.colcon_core.package_identification:_identify(ign_models/Sofa/thumbnails) by extension 'ignore'
[0.585s] Level 1:colcon.colcon_core.package_identification:_identify(ign_models/Sofa/thumbnails) by extension 'ignore_ament_install'
[0.585s] Level 1:colcon.colcon_core.package_identification:_identify(ign_models/Sofa/thumbnails) by extensions ['colcon_pkg']
[0.585s] Level 1:colcon.colcon_core.package_identification:_identify(ign_models/Sofa/thumbnails) by extension 'colcon_pkg'
[0.585s] Level 1:colcon.colcon_core.package_identification:_identify(ign_models/Sofa/thumbnails) by extensions ['colcon_meta']
[0.585s] Level 1:colcon.colcon_core.package_identification:_identify(ign_models/Sofa/thumbnails) by extension 'colcon_meta'
[0.585s] Level 1:colcon.colcon_core.package_identification:_identify(ign_models/Sofa/thumbnails) by extensions ['ros']
[0.585s] Level 1:colcon.colcon_core.package_identification:_identify(ign_models/Sofa/thumbnails) by extension 'ros'
[0.585s] Level 1:colcon.colcon_core.package_identification:_identify(ign_models/Sofa/thumbnails) by extensions ['cmake', 'python']
[0.585s] Level 1:colcon.colcon_core.package_identification:_identify(ign_models/Sofa/thumbnails) by extension 'cmake'
[0.585s] Level 1:colcon.colcon_core.package_identification:_identify(ign_models/Sofa/thumbnails) by extension 'python'
[0.585s] Level 1:colcon.colcon_core.package_identification:_identify(ign_models/Sofa/thumbnails) by extensions ['python_setup_py']
[0.585s] Level 1:colcon.colcon_core.package_identification:_identify(ign_models/Sofa/thumbnails) by extension 'python_setup_py'
[0.586s] Level 1:colcon.colcon_core.package_identification:_identify(ign_models/Vanity) by extensions ['ignore', 'ignore_ament_install']
[0.586s] Level 1:colcon.colcon_core.package_identification:_identify(ign_models/Vanity) by extension 'ignore'
[0.586s] Level 1:colcon.colcon_core.package_identification:_identify(ign_models/Vanity) by extension 'ignore_ament_install'
[0.586s] Level 1:colcon.colcon_core.package_identification:_identify(ign_models/Vanity) by extensions ['colcon_pkg']
[0.586s] Level 1:colcon.colcon_core.package_identification:_identify(ign_models/Vanity) by extension 'colcon_pkg'
[0.586s] Level 1:colcon.colcon_core.package_identification:_identify(ign_models/Vanity) by extensions ['colcon_meta']
[0.586s] Level 1:colcon.colcon_core.package_identification:_identify(ign_models/Vanity) by extension 'colcon_meta'
[0.586s] Level 1:colcon.colcon_core.package_identification:_identify(ign_models/Vanity) by extensions ['ros']
[0.586s] Level 1:colcon.colcon_core.package_identification:_identify(ign_models/Vanity) by extension 'ros'
[0.586s] Level 1:colcon.colcon_core.package_identification:_identify(ign_models/Vanity) by extensions ['cmake', 'python']
[0.586s] Level 1:colcon.colcon_core.package_identification:_identify(ign_models/Vanity) by extension 'cmake'
[0.586s] Level 1:colcon.colcon_core.package_identification:_identify(ign_models/Vanity) by extension 'python'
[0.586s] Level 1:colcon.colcon_core.package_identification:_identify(ign_models/Vanity) by extensions ['python_setup_py']
[0.586s] Level 1:colcon.colcon_core.package_identification:_identify(ign_models/Vanity) by extension 'python_setup_py'
[0.586s] Level 1:colcon.colcon_core.package_identification:_identify(ign_models/Vanity/materials) by extensions ['ignore', 'ignore_ament_install']
[0.587s] Level 1:colcon.colcon_core.package_identification:_identify(ign_models/Vanity/materials) by extension 'ignore'
[0.587s] Level 1:colcon.colcon_core.package_identification:_identify(ign_models/Vanity/materials) by extension 'ignore_ament_install'
[0.587s] Level 1:colcon.colcon_core.package_identification:_identify(ign_models/Vanity/materials) by extensions ['colcon_pkg']
[0.587s] Level 1:colcon.colcon_core.package_identification:_identify(ign_models/Vanity/materials) by extension 'colcon_pkg'
[0.587s] Level 1:colcon.colcon_core.package_identification:_identify(ign_models/Vanity/materials) by extensions ['colcon_meta']
[0.587s] Level 1:colcon.colcon_core.package_identification:_identify(ign_models/Vanity/materials) by extension 'colcon_meta'
[0.587s] Level 1:colcon.colcon_core.package_identification:_identify(ign_models/Vanity/materials) by extensions ['ros']
[0.587s] Level 1:colcon.colcon_core.package_identification:_identify(ign_models/Vanity/materials) by extension 'ros'
[0.587s] Level 1:colcon.colcon_core.package_identification:_identify(ign_models/Vanity/materials) by extensions ['cmake', 'python']
[0.587s] Level 1:colcon.colcon_core.package_identification:_identify(ign_models/Vanity/materials) by extension 'cmake'
[0.587s] Level 1:colcon.colcon_core.package_identification:_identify(ign_models/Vanity/materials) by extension 'python'
[0.587s] Level 1:colcon.colcon_core.package_identification:_identify(ign_models/Vanity/materials) by extensions ['python_setup_py']
[0.587s] Level 1:colcon.colcon_core.package_identification:_identify(ign_models/Vanity/materials) by extension 'python_setup_py'
[0.588s] Level 1:colcon.colcon_core.package_identification:_identify(ign_models/Vanity/materials/textures) by extensions ['ignore', 'ignore_ament_install']
[0.588s] Level 1:colcon.colcon_core.package_identification:_identify(ign_models/Vanity/materials/textures) by extension 'ignore'
[0.588s] Level 1:colcon.colcon_core.package_identification:_identify(ign_models/Vanity/materials/textures) by extension 'ignore_ament_install'
[0.588s] Level 1:colcon.colcon_core.package_identification:_identify(ign_models/Vanity/materials/textures) by extensions ['colcon_pkg']
[0.588s] Level 1:colcon.colcon_core.package_identification:_identify(ign_models/Vanity/materials/textures) by extension 'colcon_pkg'
[0.588s] Level 1:colcon.colcon_core.package_identification:_identify(ign_models/Vanity/materials/textures) by extensions ['colcon_meta']
[0.588s] Level 1:colcon.colcon_core.package_identification:_identify(ign_models/Vanity/materials/textures) by extension 'colcon_meta'
[0.588s] Level 1:colcon.colcon_core.package_identification:_identify(ign_models/Vanity/materials/textures) by extensions ['ros']
[0.588s] Level 1:colcon.colcon_core.package_identification:_identify(ign_models/Vanity/materials/textures) by extension 'ros'
[0.588s] Level 1:colcon.colcon_core.package_identification:_identify(ign_models/Vanity/materials/textures) by extensions ['cmake', 'python']
[0.588s] Level 1:colcon.colcon_core.package_identification:_identify(ign_models/Vanity/materials/textures) by extension 'cmake'
[0.588s] Level 1:colcon.colcon_core.package_identification:_identify(ign_models/Vanity/materials/textures) by extension 'python'
[0.588s] Level 1:colcon.colcon_core.package_identification:_identify(ign_models/Vanity/materials/textures) by extensions ['python_setup_py']
[0.588s] Level 1:colcon.colcon_core.package_identification:_identify(ign_models/Vanity/materials/textures) by extension 'python_setup_py'
[0.588s] Level 1:colcon.colcon_core.package_identification:_identify(ign_models/Vanity/meshes) by extensions ['ignore', 'ignore_ament_install']
[0.589s] Level 1:colcon.colcon_core.package_identification:_identify(ign_models/Vanity/meshes) by extension 'ignore'
[0.589s] Level 1:colcon.colcon_core.package_identification:_identify(ign_models/Vanity/meshes) by extension 'ignore_ament_install'
[0.589s] Level 1:colcon.colcon_core.package_identification:_identify(ign_models/Vanity/meshes) by extensions ['colcon_pkg']
[0.589s] Level 1:colcon.colcon_core.package_identification:_identify(ign_models/Vanity/meshes) by extension 'colcon_pkg'
[0.589s] Level 1:colcon.colcon_core.package_identification:_identify(ign_models/Vanity/meshes) by extensions ['colcon_meta']
[0.589s] Level 1:colcon.colcon_core.package_identification:_identify(ign_models/Vanity/meshes) by extension 'colcon_meta'
[0.589s] Level 1:colcon.colcon_core.package_identification:_identify(ign_models/Vanity/meshes) by extensions ['ros']
[0.589s] Level 1:colcon.colcon_core.package_identification:_identify(ign_models/Vanity/meshes) by extension 'ros'
[0.589s] Level 1:colcon.colcon_core.package_identification:_identify(ign_models/Vanity/meshes) by extensions ['cmake', 'python']
[0.589s] Level 1:colcon.colcon_core.package_identification:_identify(ign_models/Vanity/meshes) by extension 'cmake'
[0.589s] Level 1:colcon.colcon_core.package_identification:_identify(ign_models/Vanity/meshes) by extension 'python'
[0.589s] Level 1:colcon.colcon_core.package_identification:_identify(ign_models/Vanity/meshes) by extensions ['python_setup_py']
[0.589s] Level 1:colcon.colcon_core.package_identification:_identify(ign_models/Vanity/meshes) by extension 'python_setup_py'
[0.589s] Level 1:colcon.colcon_core.package_identification:_identify(ign_models/Vanity/thumbnails) by extensions ['ignore', 'ignore_ament_install']
[0.590s] Level 1:colcon.colcon_core.package_identification:_identify(ign_models/Vanity/thumbnails) by extension 'ignore'
[0.590s] Level 1:colcon.colcon_core.package_identification:_identify(ign_models/Vanity/thumbnails) by extension 'ignore_ament_install'
[0.590s] Level 1:colcon.colcon_core.package_identification:_identify(ign_models/Vanity/thumbnails) by extensions ['colcon_pkg']
[0.590s] Level 1:colcon.colcon_core.package_identification:_identify(ign_models/Vanity/thumbnails) by extension 'colcon_pkg'
[0.590s] Level 1:colcon.colcon_core.package_identification:_identify(ign_models/Vanity/thumbnails) by extensions ['colcon_meta']
[0.590s] Level 1:colcon.colcon_core.package_identification:_identify(ign_models/Vanity/thumbnails) by extension 'colcon_meta'
[0.590s] Level 1:colcon.colcon_core.package_identification:_identify(ign_models/Vanity/thumbnails) by extensions ['ros']
[0.590s] Level 1:colcon.colcon_core.package_identification:_identify(ign_models/Vanity/thumbnails) by extension 'ros'
[0.590s] Level 1:colcon.colcon_core.package_identification:_identify(ign_models/Vanity/thumbnails) by extensions ['cmake', 'python']
[0.590s] Level 1:colcon.colcon_core.package_identification:_identify(ign_models/Vanity/thumbnails) by extension 'cmake'
[0.590s] Level 1:colcon.colcon_core.package_identification:_identify(ign_models/Vanity/thumbnails) by extension 'python'
[0.590s] Level 1:colcon.colcon_core.package_identification:_identify(ign_models/Vanity/thumbnails) by extensions ['python_setup_py']
[0.590s] Level 1:colcon.colcon_core.package_identification:_identify(ign_models/Vanity/thumbnails) by extension 'python_setup_py'
[0.591s] Level 1:colcon.colcon_core.package_identification:_identify(ign_models/mycar_description) by extensions ['ignore', 'ignore_ament_install']
[0.592s] Level 1:colcon.colcon_core.package_identification:_identify(ign_models/mycar_description) by extension 'ignore'
[0.592s] Level 1:colcon.colcon_core.package_identification:_identify(ign_models/mycar_description) by extension 'ignore_ament_install'
[0.592s] Level 1:colcon.colcon_core.package_identification:_identify(ign_models/mycar_description) by extensions ['colcon_pkg']
[0.592s] Level 1:colcon.colcon_core.package_identification:_identify(ign_models/mycar_description) by extension 'colcon_pkg'
[0.592s] Level 1:colcon.colcon_core.package_identification:_identify(ign_models/mycar_description) by extensions ['colcon_meta']
[0.592s] Level 1:colcon.colcon_core.package_identification:_identify(ign_models/mycar_description) by extension 'colcon_meta'
[0.592s] Level 1:colcon.colcon_core.package_identification:_identify(ign_models/mycar_description) by extensions ['ros']
[0.592s] Level 1:colcon.colcon_core.package_identification:_identify(ign_models/mycar_description) by extension 'ros'
[0.592s] Level 1:colcon.colcon_core.package_identification:_identify(ign_models/mycar_description) by extensions ['cmake', 'python']
[0.592s] Level 1:colcon.colcon_core.package_identification:_identify(ign_models/mycar_description) by extension 'cmake'
[0.592s] Level 1:colcon.colcon_core.package_identification:_identify(ign_models/mycar_description) by extension 'python'
[0.592s] Level 1:colcon.colcon_core.package_identification:_identify(ign_models/mycar_description) by extensions ['python_setup_py']
[0.592s] Level 1:colcon.colcon_core.package_identification:_identify(ign_models/mycar_description) by extension 'python_setup_py'
[0.592s] Level 1:colcon.colcon_core.package_identification:_identify(ign_models/mycar_description/mesh) by extensions ['ignore', 'ignore_ament_install']
[0.592s] Level 1:colcon.colcon_core.package_identification:_identify(ign_models/mycar_description/mesh) by extension 'ignore'
[0.592s] Level 1:colcon.colcon_core.package_identification:_identify(ign_models/mycar_description/mesh) by extension 'ignore_ament_install'
[0.592s] Level 1:colcon.colcon_core.package_identification:_identify(ign_models/mycar_description/mesh) by extensions ['colcon_pkg']
[0.592s] Level 1:colcon.colcon_core.package_identification:_identify(ign_models/mycar_description/mesh) by extension 'colcon_pkg'
[0.592s] Level 1:colcon.colcon_core.package_identification:_identify(ign_models/mycar_description/mesh) by extensions ['colcon_meta']
[0.592s] Level 1:colcon.colcon_core.package_identification:_identify(ign_models/mycar_description/mesh) by extension 'colcon_meta'
[0.592s] Level 1:colcon.colcon_core.package_identification:_identify(ign_models/mycar_description/mesh) by extensions ['ros']
[0.592s] Level 1:colcon.colcon_core.package_identification:_identify(ign_models/mycar_description/mesh) by extension 'ros'
[0.593s] Level 1:colcon.colcon_core.package_identification:_identify(ign_models/mycar_description/mesh) by extensions ['cmake', 'python']
[0.593s] Level 1:colcon.colcon_core.package_identification:_identify(ign_models/mycar_description/mesh) by extension 'cmake'
[0.593s] Level 1:colcon.colcon_core.package_identification:_identify(ign_models/mycar_description/mesh) by extension 'python'
[0.593s] Level 1:colcon.colcon_core.package_identification:_identify(ign_models/mycar_description/mesh) by extensions ['python_setup_py']
[0.593s] Level 1:colcon.colcon_core.package_identification:_identify(ign_models/mycar_description/mesh) by extension 'python_setup_py'
[0.593s] Level 1:colcon.colcon_core.package_identification:_identify(ign_models/mycar_description_detailed) by extensions ['ignore', 'ignore_ament_install']
[0.593s] Level 1:colcon.colcon_core.package_identification:_identify(ign_models/mycar_description_detailed) by extension 'ignore'
[0.593s] Level 1:colcon.colcon_core.package_identification:_identify(ign_models/mycar_description_detailed) by extension 'ignore_ament_install'
[0.593s] Level 1:colcon.colcon_core.package_identification:_identify(ign_models/mycar_description_detailed) by extensions ['colcon_pkg']
[0.593s] Level 1:colcon.colcon_core.package_identification:_identify(ign_models/mycar_description_detailed) by extension 'colcon_pkg'
[0.593s] Level 1:colcon.colcon_core.package_identification:_identify(ign_models/mycar_description_detailed) by extensions ['colcon_meta']
[0.593s] Level 1:colcon.colcon_core.package_identification:_identify(ign_models/mycar_description_detailed) by extension 'colcon_meta'
[0.593s] Level 1:colcon.colcon_core.package_identification:_identify(ign_models/mycar_description_detailed) by extensions ['ros']
[0.593s] Level 1:colcon.colcon_core.package_identification:_identify(ign_models/mycar_description_detailed) by extension 'ros'
[0.593s] Level 1:colcon.colcon_core.package_identification:_identify(ign_models/mycar_description_detailed) by extensions ['cmake', 'python']
[0.593s] Level 1:colcon.colcon_core.package_identification:_identify(ign_models/mycar_description_detailed) by extension 'cmake'
[0.594s] Level 1:colcon.colcon_core.package_identification:_identify(ign_models/mycar_description_detailed) by extension 'python'
[0.594s] Level 1:colcon.colcon_core.package_identification:_identify(ign_models/mycar_description_detailed) by extensions ['python_setup_py']
[0.594s] Level 1:colcon.colcon_core.package_identification:_identify(ign_models/mycar_description_detailed) by extension 'python_setup_py'
[0.594s] Level 1:colcon.colcon_core.package_identification:_identify(ign_models/mycar_description_detailed/mesh) by extensions ['ignore', 'ignore_ament_install']
[0.594s] Level 1:colcon.colcon_core.package_identification:_identify(ign_models/mycar_description_detailed/mesh) by extension 'ignore'
[0.594s] Level 1:colcon.colcon_core.package_identification:_identify(ign_models/mycar_description_detailed/mesh) by extension 'ignore_ament_install'
[0.594s] Level 1:colcon.colcon_core.package_identification:_identify(ign_models/mycar_description_detailed/mesh) by extensions ['colcon_pkg']
[0.594s] Level 1:colcon.colcon_core.package_identification:_identify(ign_models/mycar_description_detailed/mesh) by extension 'colcon_pkg'
[0.594s] Level 1:colcon.colcon_core.package_identification:_identify(ign_models/mycar_description_detailed/mesh) by extensions ['colcon_meta']
[0.594s] Level 1:colcon.colcon_core.package_identification:_identify(ign_models/mycar_description_detailed/mesh) by extension 'colcon_meta'
[0.594s] Level 1:colcon.colcon_core.package_identification:_identify(ign_models/mycar_description_detailed/mesh) by extensions ['ros']
[0.594s] Level 1:colcon.colcon_core.package_identification:_identify(ign_models/mycar_description_detailed/mesh) by extension 'ros'
[0.594s] Level 1:colcon.colcon_core.package_identification:_identify(ign_models/mycar_description_detailed/mesh) by extensions ['cmake', 'python']
[0.594s] Level 1:colcon.colcon_core.package_identification:_identify(ign_models/mycar_description_detailed/mesh) by extension 'cmake'
[0.594s] Level 1:colcon.colcon_core.package_identification:_identify(ign_models/mycar_description_detailed/mesh) by extension 'python'
[0.594s] Level 1:colcon.colcon_core.package_identification:_identify(ign_models/mycar_description_detailed/mesh) by extensions ['python_setup_py']
[0.594s] Level 1:colcon.colcon_core.package_identification:_identify(ign_models/mycar_description_detailed/mesh) by extension 'python_setup_py'
[0.595s] Level 1:colcon.colcon_core.package_identification:_identify(ign_models/mycar_description_detailed/mesh/diff_2w) by extensions ['ignore', 'ignore_ament_install']
[0.595s] Level 1:colcon.colcon_core.package_identification:_identify(ign_models/mycar_description_detailed/mesh/diff_2w) by extension 'ignore'
[0.595s] Level 1:colcon.colcon_core.package_identification:_identify(ign_models/mycar_description_detailed/mesh/diff_2w) by extension 'ignore_ament_install'
[0.595s] Level 1:colcon.colcon_core.package_identification:_identify(ign_models/mycar_description_detailed/mesh/diff_2w) by extensions ['colcon_pkg']
[0.595s] Level 1:colcon.colcon_core.package_identification:_identify(ign_models/mycar_description_detailed/mesh/diff_2w) by extension 'colcon_pkg'
[0.595s] Level 1:colcon.colcon_core.package_identification:_identify(ign_models/mycar_description_detailed/mesh/diff_2w) by extensions ['colcon_meta']
[0.595s] Level 1:colcon.colcon_core.package_identification:_identify(ign_models/mycar_description_detailed/mesh/diff_2w) by extension 'colcon_meta'
[0.595s] Level 1:colcon.colcon_core.package_identification:_identify(ign_models/mycar_description_detailed/mesh/diff_2w) by extensions ['ros']
[0.595s] Level 1:colcon.colcon_core.package_identification:_identify(ign_models/mycar_description_detailed/mesh/diff_2w) by extension 'ros'
[0.595s] Level 1:colcon.colcon_core.package_identification:_identify(ign_models/mycar_description_detailed/mesh/diff_2w) by extensions ['cmake', 'python']
[0.595s] Level 1:colcon.colcon_core.package_identification:_identify(ign_models/mycar_description_detailed/mesh/diff_2w) by extension 'cmake'
[0.595s] Level 1:colcon.colcon_core.package_identification:_identify(ign_models/mycar_description_detailed/mesh/diff_2w) by extension 'python'
[0.595s] Level 1:colcon.colcon_core.package_identification:_identify(ign_models/mycar_description_detailed/mesh/diff_2w) by extensions ['python_setup_py']
[0.595s] Level 1:colcon.colcon_core.package_identification:_identify(ign_models/mycar_description_detailed/mesh/diff_2w) by extension 'python_setup_py'
[0.595s] Level 1:colcon.colcon_core.package_identification:_identify(ign_models/mycar_description_detailed/mesh/diff_4w) by extensions ['ignore', 'ignore_ament_install']
[0.596s] Level 1:colcon.colcon_core.package_identification:_identify(ign_models/mycar_description_detailed/mesh/diff_4w) by extension 'ignore'
[0.596s] Level 1:colcon.colcon_core.package_identification:_identify(ign_models/mycar_description_detailed/mesh/diff_4w) by extension 'ignore_ament_install'
[0.596s] Level 1:colcon.colcon_core.package_identification:_identify(ign_models/mycar_description_detailed/mesh/diff_4w) by extensions ['colcon_pkg']
[0.596s] Level 1:colcon.colcon_core.package_identification:_identify(ign_models/mycar_description_detailed/mesh/diff_4w) by extension 'colcon_pkg'
[0.596s] Level 1:colcon.colcon_core.package_identification:_identify(ign_models/mycar_description_detailed/mesh/diff_4w) by extensions ['colcon_meta']
[0.596s] Level 1:colcon.colcon_core.package_identification:_identify(ign_models/mycar_description_detailed/mesh/diff_4w) by extension 'colcon_meta'
[0.596s] Level 1:colcon.colcon_core.package_identification:_identify(ign_models/mycar_description_detailed/mesh/diff_4w) by extensions ['ros']
[0.596s] Level 1:colcon.colcon_core.package_identification:_identify(ign_models/mycar_description_detailed/mesh/diff_4w) by extension 'ros'
[0.596s] Level 1:colcon.colcon_core.package_identification:_identify(ign_models/mycar_description_detailed/mesh/diff_4w) by extensions ['cmake', 'python']
[0.596s] Level 1:colcon.colcon_core.package_identification:_identify(ign_models/mycar_description_detailed/mesh/diff_4w) by extension 'cmake'
[0.596s] Level 1:colcon.colcon_core.package_identification:_identify(ign_models/mycar_description_detailed/mesh/diff_4w) by extension 'python'
[0.596s] Level 1:colcon.colcon_core.package_identification:_identify(ign_models/mycar_description_detailed/mesh/diff_4w) by extensions ['python_setup_py']
[0.596s] Level 1:colcon.colcon_core.package_identification:_identify(ign_models/mycar_description_detailed/mesh/diff_4w) by extension 'python_setup_py'
[0.596s] Level 1:colcon.colcon_core.package_identification:_identify(install) by extensions ['ignore', 'ignore_ament_install']
[0.596s] Level 1:colcon.colcon_core.package_identification:_identify(install) by extension 'ignore'
[0.596s] Level 1:colcon.colcon_core.package_identification:_identify(install) ignored
[0.596s] Level 1:colcon.colcon_core.package_identification:_identify(log) by extensions ['ignore', 'ignore_ament_install']
[0.596s] Level 1:colcon.colcon_core.package_identification:_identify(log) by extension 'ignore'
[0.596s] Level 1:colcon.colcon_core.package_identification:_identify(log) ignored
[0.597s] Level 1:colcon.colcon_core.package_identification:_identify(luokaiwei) by extensions ['ignore', 'ignore_ament_install']
[0.597s] Level 1:colcon.colcon_core.package_identification:_identify(luokaiwei) by extension 'ignore'
[0.597s] Level 1:colcon.colcon_core.package_identification:_identify(luokaiwei) by extension 'ignore_ament_install'
[0.597s] Level 1:colcon.colcon_core.package_identification:_identify(luokaiwei) by extensions ['colcon_pkg']
[0.597s] Level 1:colcon.colcon_core.package_identification:_identify(luokaiwei) by extension 'colcon_pkg'
[0.597s] Level 1:colcon.colcon_core.package_identification:_identify(luokaiwei) by extensions ['colcon_meta']
[0.597s] Level 1:colcon.colcon_core.package_identification:_identify(luokaiwei) by extension 'colcon_meta'
[0.597s] Level 1:colcon.colcon_core.package_identification:_identify(luokaiwei) by extensions ['ros']
[0.597s] Level 1:colcon.colcon_core.package_identification:_identify(luokaiwei) by extension 'ros'
[0.597s] Level 1:colcon.colcon_core.package_identification:_identify(luokaiwei) by extensions ['cmake', 'python']
[0.597s] Level 1:colcon.colcon_core.package_identification:_identify(luokaiwei) by extension 'cmake'
[0.597s] Level 1:colcon.colcon_core.package_identification:_identify(luokaiwei) by extension 'python'
[0.597s] Level 1:colcon.colcon_core.package_identification:_identify(luokaiwei) by extensions ['python_setup_py']
[0.597s] Level 1:colcon.colcon_core.package_identification:_identify(luokaiwei) by extension 'python_setup_py'
[0.598s] Level 1:colcon.colcon_core.package_identification:_identify(src) by extensions ['ignore', 'ignore_ament_install']
[0.598s] Level 1:colcon.colcon_core.package_identification:_identify(src) by extension 'ignore'
[0.598s] Level 1:colcon.colcon_core.package_identification:_identify(src) by extension 'ignore_ament_install'
[0.598s] Level 1:colcon.colcon_core.package_identification:_identify(src) by extensions ['colcon_pkg']
[0.598s] Level 1:colcon.colcon_core.package_identification:_identify(src) by extension 'colcon_pkg'
[0.598s] Level 1:colcon.colcon_core.package_identification:_identify(src) by extensions ['colcon_meta']
[0.598s] Level 1:colcon.colcon_core.package_identification:_identify(src) by extension 'colcon_meta'
[0.598s] Level 1:colcon.colcon_core.package_identification:_identify(src) by extensions ['ros']
[0.598s] Level 1:colcon.colcon_core.package_identification:_identify(src) by extension 'ros'
[0.598s] Level 1:colcon.colcon_core.package_identification:_identify(src) by extensions ['cmake', 'python']
[0.598s] Level 1:colcon.colcon_core.package_identification:_identify(src) by extension 'cmake'
[0.598s] Level 1:colcon.colcon_core.package_identification:_identify(src) by extension 'python'
[0.598s] Level 1:colcon.colcon_core.package_identification:_identify(src) by extensions ['python_setup_py']
[0.598s] Level 1:colcon.colcon_core.package_identification:_identify(src) by extension 'python_setup_py'
[0.599s] Level 1:colcon.colcon_core.package_identification:_identify(src/mycar) by extensions ['ignore', 'ignore_ament_install']
[0.599s] Level 1:colcon.colcon_core.package_identification:_identify(src/mycar) by extension 'ignore'
[0.599s] Level 1:colcon.colcon_core.package_identification:_identify(src/mycar) by extension 'ignore_ament_install'
[0.599s] Level 1:colcon.colcon_core.package_identification:_identify(src/mycar) by extensions ['colcon_pkg']
[0.599s] Level 1:colcon.colcon_core.package_identification:_identify(src/mycar) by extension 'colcon_pkg'
[0.600s] Level 1:colcon.colcon_core.package_identification:_identify(src/mycar) by extensions ['colcon_meta']
[0.600s] Level 1:colcon.colcon_core.package_identification:_identify(src/mycar) by extension 'colcon_meta'
[0.600s] Level 1:colcon.colcon_core.package_identification:_identify(src/mycar) by extensions ['ros']
[0.600s] Level 1:colcon.colcon_core.package_identification:_identify(src/mycar) by extension 'ros'
[0.600s] Level 1:colcon.colcon_core.package_identification:_identify(src/mycar) by extensions ['cmake', 'python']
[0.600s] Level 1:colcon.colcon_core.package_identification:_identify(src/mycar) by extension 'cmake'
[0.600s] Level 1:colcon.colcon_core.package_identification:_identify(src/mycar) by extension 'python'
[0.600s] Level 1:colcon.colcon_core.package_identification:_identify(src/mycar) by extensions ['python_setup_py']
[0.600s] Level 1:colcon.colcon_core.package_identification:_identify(src/mycar) by extension 'python_setup_py'
[0.601s] Level 1:colcon.colcon_core.package_identification:_identify(src/mycar/mycar_description) by extensions ['ignore', 'ignore_ament_install']
[0.601s] Level 1:colcon.colcon_core.package_identification:_identify(src/mycar/mycar_description) by extension 'ignore'
[0.602s] Level 1:colcon.colcon_core.package_identification:_identify(src/mycar/mycar_description) by extension 'ignore_ament_install'
[0.602s] Level 1:colcon.colcon_core.package_identification:_identify(src/mycar/mycar_description) by extensions ['colcon_pkg']
[0.602s] Level 1:colcon.colcon_core.package_identification:_identify(src/mycar/mycar_description) by extension 'colcon_pkg'
[0.602s] Level 1:colcon.colcon_core.package_identification:_identify(src/mycar/mycar_description) by extensions ['colcon_meta']
[0.602s] Level 1:colcon.colcon_core.package_identification:_identify(src/mycar/mycar_description) by extension 'colcon_meta'
[0.602s] Level 1:colcon.colcon_core.package_identification:_identify(src/mycar/mycar_description) by extensions ['ros']
[0.602s] Level 1:colcon.colcon_core.package_identification:_identify(src/mycar/mycar_description) by extension 'ros'
[0.605s] DEBUG:colcon.colcon_core.package_identification:Package 'src/mycar/mycar_description' with type 'ros.ament_cmake' and name 'mycar_description'
[0.606s] Level 1:colcon.colcon_core.package_identification:_identify(src/mycar/mycar_description_detailed) by extensions ['ignore', 'ignore_ament_install']
[0.606s] Level 1:colcon.colcon_core.package_identification:_identify(src/mycar/mycar_description_detailed) by extension 'ignore'
[0.606s] Level 1:colcon.colcon_core.package_identification:_identify(src/mycar/mycar_description_detailed) by extension 'ignore_ament_install'
[0.606s] Level 1:colcon.colcon_core.package_identification:_identify(src/mycar/mycar_description_detailed) by extensions ['colcon_pkg']
[0.606s] Level 1:colcon.colcon_core.package_identification:_identify(src/mycar/mycar_description_detailed) by extension 'colcon_pkg'
[0.606s] Level 1:colcon.colcon_core.package_identification:_identify(src/mycar/mycar_description_detailed) by extensions ['colcon_meta']
[0.606s] Level 1:colcon.colcon_core.package_identification:_identify(src/mycar/mycar_description_detailed) by extension 'colcon_meta'
[0.606s] Level 1:colcon.colcon_core.package_identification:_identify(src/mycar/mycar_description_detailed) by extensions ['ros']
[0.606s] Level 1:colcon.colcon_core.package_identification:_identify(src/mycar/mycar_description_detailed) by extension 'ros'
[0.607s] DEBUG:colcon.colcon_core.package_identification:Package 'src/mycar/mycar_description_detailed' with type 'ros.ament_cmake' and name 'mycar_description_detailed'
[0.607s] Level 1:colcon.colcon_core.package_identification:_identify(src/sim_gazebo) by extensions ['ignore', 'ignore_ament_install']
[0.608s] Level 1:colcon.colcon_core.package_identification:_identify(src/sim_gazebo) by extension 'ignore'
[0.608s] Level 1:colcon.colcon_core.package_identification:_identify(src/sim_gazebo) by extension 'ignore_ament_install'
[0.608s] Level 1:colcon.colcon_core.package_identification:_identify(src/sim_gazebo) by extensions ['colcon_pkg']
[0.608s] Level 1:colcon.colcon_core.package_identification:_identify(src/sim_gazebo) by extension 'colcon_pkg'
[0.608s] Level 1:colcon.colcon_core.package_identification:_identify(src/sim_gazebo) by extensions ['colcon_meta']
[0.608s] Level 1:colcon.colcon_core.package_identification:_identify(src/sim_gazebo) by extension 'colcon_meta'
[0.608s] Level 1:colcon.colcon_core.package_identification:_identify(src/sim_gazebo) by extensions ['ros']
[0.608s] Level 1:colcon.colcon_core.package_identification:_identify(src/sim_gazebo) by extension 'ros'
[0.608s] Level 1:colcon.colcon_core.package_identification:_identify(src/sim_gazebo) by extensions ['cmake', 'python']
[0.608s] Level 1:colcon.colcon_core.package_identification:_identify(src/sim_gazebo) by extension 'cmake'
[0.608s] Level 1:colcon.colcon_core.package_identification:_identify(src/sim_gazebo) by extension 'python'
[0.608s] Level 1:colcon.colcon_core.package_identification:_identify(src/sim_gazebo) by extensions ['python_setup_py']
[0.608s] Level 1:colcon.colcon_core.package_identification:_identify(src/sim_gazebo) by extension 'python_setup_py'
[0.609s] Level 1:colcon.colcon_core.package_identification:_identify(src/sim_gazebo/bridge_ign) by extensions ['ignore', 'ignore_ament_install']
[0.609s] Level 1:colcon.colcon_core.package_identification:_identify(src/sim_gazebo/bridge_ign) by extension 'ignore'
[0.609s] Level 1:colcon.colcon_core.package_identification:_identify(src/sim_gazebo/bridge_ign) by extension 'ignore_ament_install'
[0.609s] Level 1:colcon.colcon_core.package_identification:_identify(src/sim_gazebo/bridge_ign) by extensions ['colcon_pkg']
[0.609s] Level 1:colcon.colcon_core.package_identification:_identify(src/sim_gazebo/bridge_ign) by extension 'colcon_pkg'
[0.609s] Level 1:colcon.colcon_core.package_identification:_identify(src/sim_gazebo/bridge_ign) by extensions ['colcon_meta']
[0.609s] Level 1:colcon.colcon_core.package_identification:_identify(src/sim_gazebo/bridge_ign) by extension 'colcon_meta'
[0.609s] Level 1:colcon.colcon_core.package_identification:_identify(src/sim_gazebo/bridge_ign) by extensions ['ros']
[0.609s] Level 1:colcon.colcon_core.package_identification:_identify(src/sim_gazebo/bridge_ign) by extension 'ros'
[0.610s] DEBUG:colcon.colcon_core.package_identification:Package 'src/sim_gazebo/bridge_ign' with type 'ros.ament_cmake' and name 'bridge_ign'
[0.610s] Level 1:colcon.colcon_core.package_identification:_identify(src/sim_gazebo/demo_gazebo_sim) by extensions ['ignore', 'ignore_ament_install']
[0.611s] Level 1:colcon.colcon_core.package_identification:_identify(src/sim_gazebo/demo_gazebo_sim) by extension 'ignore'
[0.611s] Level 1:colcon.colcon_core.package_identification:_identify(src/sim_gazebo/demo_gazebo_sim) by extension 'ignore_ament_install'
[0.611s] Level 1:colcon.colcon_core.package_identification:_identify(src/sim_gazebo/demo_gazebo_sim) by extensions ['colcon_pkg']
[0.611s] Level 1:colcon.colcon_core.package_identification:_identify(src/sim_gazebo/demo_gazebo_sim) by extension 'colcon_pkg'
[0.611s] Level 1:colcon.colcon_core.package_identification:_identify(src/sim_gazebo/demo_gazebo_sim) by extensions ['colcon_meta']
[0.611s] Level 1:colcon.colcon_core.package_identification:_identify(src/sim_gazebo/demo_gazebo_sim) by extension 'colcon_meta'
[0.611s] Level 1:colcon.colcon_core.package_identification:_identify(src/sim_gazebo/demo_gazebo_sim) by extensions ['ros']
[0.611s] Level 1:colcon.colcon_core.package_identification:_identify(src/sim_gazebo/demo_gazebo_sim) by extension 'ros'
[0.612s] DEBUG:colcon.colcon_core.package_identification:Package 'src/sim_gazebo/demo_gazebo_sim' with type 'ros.ament_cmake' and name 'demo_gazebo_sim'
[0.612s] Level 1:colcon.colcon_core.package_identification:_identify(src/sim_stage) by extensions ['ignore', 'ignore_ament_install']
[0.612s] Level 1:colcon.colcon_core.package_identification:_identify(src/sim_stage) by extension 'ignore'
[0.612s] Level 1:colcon.colcon_core.package_identification:_identify(src/sim_stage) by extension 'ignore_ament_install'
[0.612s] Level 1:colcon.colcon_core.package_identification:_identify(src/sim_stage) by extensions ['colcon_pkg']
[0.612s] Level 1:colcon.colcon_core.package_identification:_identify(src/sim_stage) by extension 'colcon_pkg'
[0.612s] Level 1:colcon.colcon_core.package_identification:_identify(src/sim_stage) by extensions ['colcon_meta']
[0.612s] Level 1:colcon.colcon_core.package_identification:_identify(src/sim_stage) by extension 'colcon_meta'
[0.613s] Level 1:colcon.colcon_core.package_identification:_identify(src/sim_stage) by extensions ['ros']
[0.613s] Level 1:colcon.colcon_core.package_identification:_identify(src/sim_stage) by extension 'ros'
[0.613s] Level 1:colcon.colcon_core.package_identification:_identify(src/sim_stage) by extensions ['cmake', 'python']
[0.613s] Level 1:colcon.colcon_core.package_identification:_identify(src/sim_stage) by extension 'cmake'
[0.613s] Level 1:colcon.colcon_core.package_identification:_identify(src/sim_stage) by extension 'python'
[0.613s] Level 1:colcon.colcon_core.package_identification:_identify(src/sim_stage) by extensions ['python_setup_py']
[0.613s] Level 1:colcon.colcon_core.package_identification:_identify(src/sim_stage) by extension 'python_setup_py'
[0.613s] Level 1:colcon.colcon_core.package_identification:_identify(src/sim_stage/Stage) by extensions ['ignore', 'ignore_ament_install']
[0.613s] Level 1:colcon.colcon_core.package_identification:_identify(src/sim_stage/Stage) by extension 'ignore'
[0.613s] Level 1:colcon.colcon_core.package_identification:_identify(src/sim_stage/Stage) by extension 'ignore_ament_install'
[0.613s] Level 1:colcon.colcon_core.package_identification:_identify(src/sim_stage/Stage) by extensions ['colcon_pkg']
[0.613s] Level 1:colcon.colcon_core.package_identification:_identify(src/sim_stage/Stage) by extension 'colcon_pkg'
[0.613s] Level 1:colcon.colcon_core.package_identification:_identify(src/sim_stage/Stage) by extensions ['colcon_meta']
[0.613s] Level 1:colcon.colcon_core.package_identification:_identify(src/sim_stage/Stage) by extension 'colcon_meta'
[0.613s] Level 1:colcon.colcon_core.package_identification:_identify(src/sim_stage/Stage) by extensions ['ros']
[0.613s] Level 1:colcon.colcon_core.package_identification:_identify(src/sim_stage/Stage) by extension 'ros'
[0.613s] Level 1:colcon.colcon_core.package_identification:_identify(src/sim_stage/Stage) by extensions ['cmake', 'python']
[0.613s] Level 1:colcon.colcon_core.package_identification:_identify(src/sim_stage/Stage) by extension 'cmake'
[0.613s] Level 1:colcon.colcon_core.package_identification:_identify(src/sim_stage/Stage) by extension 'python'
[0.613s] Level 1:colcon.colcon_core.package_identification:_identify(src/sim_stage/Stage) by extensions ['python_setup_py']
[0.613s] Level 1:colcon.colcon_core.package_identification:_identify(src/sim_stage/Stage) by extension 'python_setup_py'
[0.614s] Level 1:colcon.colcon_core.package_identification:_identify(src/sim_stage/Stage/Stage) by extensions ['ignore', 'ignore_ament_install']
[0.614s] Level 1:colcon.colcon_core.package_identification:_identify(src/sim_stage/Stage/Stage) by extension 'ignore'
[0.614s] Level 1:colcon.colcon_core.package_identification:_identify(src/sim_stage/Stage/Stage) by extension 'ignore_ament_install'
[0.614s] Level 1:colcon.colcon_core.package_identification:_identify(src/sim_stage/Stage/Stage) by extensions ['colcon_pkg']
[0.614s] Level 1:colcon.colcon_core.package_identification:_identify(src/sim_stage/Stage/Stage) by extension 'colcon_pkg'
[0.614s] Level 1:colcon.colcon_core.package_identification:_identify(src/sim_stage/Stage/Stage) by extensions ['colcon_meta']
[0.614s] Level 1:colcon.colcon_core.package_identification:_identify(src/sim_stage/Stage/Stage) by extension 'colcon_meta'
[0.614s] Level 1:colcon.colcon_core.package_identification:_identify(src/sim_stage/Stage/Stage) by extensions ['ros']
[0.614s] Level 1:colcon.colcon_core.package_identification:_identify(src/sim_stage/Stage/Stage) by extension 'ros'
[0.614s] Level 1:colcon.colcon_core.package_identification:_identify(src/sim_stage/Stage/Stage) by extensions ['cmake', 'python']
[0.614s] Level 1:colcon.colcon_core.package_identification:_identify(src/sim_stage/Stage/Stage) by extension 'cmake'
[0.621s] Level 1:colcon.colcon_core.package_identification:_identify(src/sim_stage/Stage/Stage) by extension 'python'
[0.621s] DEBUG:colcon.colcon_core.package_identification:Package 'src/sim_stage/Stage/Stage' with type 'cmake' and name 'Stage'
[0.622s] Level 1:colcon.colcon_core.package_identification:_identify(src/sim_stage/demo_stage_sim) by extensions ['ignore', 'ignore_ament_install']
[0.622s] Level 1:colcon.colcon_core.package_identification:_identify(src/sim_stage/demo_stage_sim) by extension 'ignore'
[0.622s] Level 1:colcon.colcon_core.package_identification:_identify(src/sim_stage/demo_stage_sim) by extension 'ignore_ament_install'
[0.622s] Level 1:colcon.colcon_core.package_identification:_identify(src/sim_stage/demo_stage_sim) by extensions ['colcon_pkg']
[0.622s] Level 1:colcon.colcon_core.package_identification:_identify(src/sim_stage/demo_stage_sim) by extension 'colcon_pkg'
[0.622s] Level 1:colcon.colcon_core.package_identification:_identify(src/sim_stage/demo_stage_sim) by extensions ['colcon_meta']
[0.622s] Level 1:colcon.colcon_core.package_identification:_identify(src/sim_stage/demo_stage_sim) by extension 'colcon_meta'
[0.622s] Level 1:colcon.colcon_core.package_identification:_identify(src/sim_stage/demo_stage_sim) by extensions ['ros']
[0.622s] Level 1:colcon.colcon_core.package_identification:_identify(src/sim_stage/demo_stage_sim) by extension 'ros'
[0.623s] DEBUG:colcon.colcon_core.package_identification:Package 'src/sim_stage/demo_stage_sim' with type 'ros.ament_cmake' and name 'demo_stage_sim'
[0.623s] Level 1:colcon.colcon_core.package_identification:_identify(src/sim_stage/stage_ros2) by extensions ['ignore', 'ignore_ament_install']
[0.623s] Level 1:colcon.colcon_core.package_identification:_identify(src/sim_stage/stage_ros2) by extension 'ignore'
[0.623s] Level 1:colcon.colcon_core.package_identification:_identify(src/sim_stage/stage_ros2) by extension 'ignore_ament_install'
[0.623s] Level 1:colcon.colcon_core.package_identification:_identify(src/sim_stage/stage_ros2) by extensions ['colcon_pkg']
[0.623s] Level 1:colcon.colcon_core.package_identification:_identify(src/sim_stage/stage_ros2) by extension 'colcon_pkg'
[0.623s] Level 1:colcon.colcon_core.package_identification:_identify(src/sim_stage/stage_ros2) by extensions ['colcon_meta']
[0.623s] Level 1:colcon.colcon_core.package_identification:_identify(src/sim_stage/stage_ros2) by extension 'colcon_meta'
[0.623s] Level 1:colcon.colcon_core.package_identification:_identify(src/sim_stage/stage_ros2) by extensions ['ros']
[0.624s] Level 1:colcon.colcon_core.package_identification:_identify(src/sim_stage/stage_ros2) by extension 'ros'
[0.624s] Level 1:colcon.colcon_core.package_identification:_identify(src/sim_stage/stage_ros2) by extensions ['cmake', 'python']
[0.624s] Level 1:colcon.colcon_core.package_identification:_identify(src/sim_stage/stage_ros2) by extension 'cmake'
[0.624s] Level 1:colcon.colcon_core.package_identification:_identify(src/sim_stage/stage_ros2) by extension 'python'
[0.624s] Level 1:colcon.colcon_core.package_identification:_identify(src/sim_stage/stage_ros2) by extensions ['python_setup_py']
[0.624s] Level 1:colcon.colcon_core.package_identification:_identify(src/sim_stage/stage_ros2) by extension 'python_setup_py'
[0.624s] Level 1:colcon.colcon_core.package_identification:_identify(src/sim_stage/stage_ros2/stage_ros2) by extensions ['ignore', 'ignore_ament_install']
[0.624s] Level 1:colcon.colcon_core.package_identification:_identify(src/sim_stage/stage_ros2/stage_ros2) by extension 'ignore'
[0.624s] Level 1:colcon.colcon_core.package_identification:_identify(src/sim_stage/stage_ros2/stage_ros2) by extension 'ignore_ament_install'
[0.624s] Level 1:colcon.colcon_core.package_identification:_identify(src/sim_stage/stage_ros2/stage_ros2) by extensions ['colcon_pkg']
[0.624s] Level 1:colcon.colcon_core.package_identification:_identify(src/sim_stage/stage_ros2/stage_ros2) by extension 'colcon_pkg'
[0.624s] Level 1:colcon.colcon_core.package_identification:_identify(src/sim_stage/stage_ros2/stage_ros2) by extensions ['colcon_meta']
[0.624s] Level 1:colcon.colcon_core.package_identification:_identify(src/sim_stage/stage_ros2/stage_ros2) by extension 'colcon_meta'
[0.624s] Level 1:colcon.colcon_core.package_identification:_identify(src/sim_stage/stage_ros2/stage_ros2) by extensions ['ros']
[0.624s] Level 1:colcon.colcon_core.package_identification:_identify(src/sim_stage/stage_ros2/stage_ros2) by extension 'ros'
[0.626s] DEBUG:colcon.colcon_core.package_identification:Package 'src/sim_stage/stage_ros2/stage_ros2' with type 'ros.ament_cmake' and name 'stage_ros2'
[0.626s] Level 1:colcon.colcon_core.package_discovery:discover_packages(recursive) using defaults
[0.626s] Level 1:colcon.colcon_core.package_discovery:discover_packages(ignore) discover
[0.626s] Level 1:colcon.colcon_core.package_discovery:discover_packages(ignore) using defaults
[0.626s] Level 1:colcon.colcon_core.package_discovery:discover_packages(path) discover
[0.626s] Level 1:colcon.colcon_core.package_discovery:discover_packages(path) using defaults
[0.660s] INFO:colcon.colcon_core.package_selection:Skipping not selected package 'Stage' in 'src/sim_stage/Stage/Stage'
[0.660s] INFO:colcon.colcon_core.package_selection:Skipping not selected package 'bridge_ign' in 'src/sim_gazebo/bridge_ign'
[0.660s] INFO:colcon.colcon_core.package_selection:Skipping not selected package 'demo_gazebo_sim' in 'src/sim_gazebo/demo_gazebo_sim'
[0.660s] INFO:colcon.colcon_core.package_selection:Skipping not selected package 'mycar_description_detailed' in 'src/mycar/mycar_description_detailed'
[0.660s] INFO:colcon.colcon_core.package_selection:Skipping not selected package 'stage_ros2' in 'src/sim_stage/stage_ros2/stage_ros2'
[0.660s] INFO:colcon.colcon_core.package_selection:Skipping not selected package 'demo_stage_sim' in 'src/sim_stage/demo_stage_sim'
[0.661s] Level 1:colcon.colcon_core.package_discovery:discover_packages(prefix_path) check parameters
[0.661s] Level 1:colcon.colcon_core.package_discovery:discover_packages(prefix_path) discover
[0.670s] DEBUG:colcon.colcon_installed_package_information.package_discovery:Found 5 installed packages in /home/abc/ROS2_SIM_WS/install
[0.672s] DEBUG:colcon.colcon_installed_package_information.package_discovery:Found 297 installed packages in /opt/ros/humble
[0.675s] Level 1:colcon.colcon_core.package_discovery:discover_packages(prefix_path) using defaults
[0.736s] Level 5:colcon.colcon_core.verb:set package 'mycar_description' build argument 'cmake_args' from command line to 'None'
[0.736s] Level 5:colcon.colcon_core.verb:set package 'mycar_description' build argument 'cmake_target' from command line to 'None'
[0.736s] Level 5:colcon.colcon_core.verb:set package 'mycar_description' build argument 'cmake_target_skip_unavailable' from command line to 'False'
[0.736s] Level 5:colcon.colcon_core.verb:set package 'mycar_description' build argument 'cmake_clean_cache' from command line to 'False'
[0.736s] Level 5:colcon.colcon_core.verb:set package 'mycar_description' build argument 'cmake_clean_first' from command line to 'False'
[0.736s] Level 5:colcon.colcon_core.verb:set package 'mycar_description' build argument 'cmake_force_configure' from command line to 'False'
[0.737s] Level 5:colcon.colcon_core.verb:set package 'mycar_description' build argument 'ament_cmake_args' from command line to 'None'
[0.737s] Level 5:colcon.colcon_core.verb:set package 'mycar_description' build argument 'catkin_cmake_args' from command line to 'None'
[0.737s] Level 5:colcon.colcon_core.verb:set package 'mycar_description' build argument 'catkin_skip_building_tests' from command line to 'False'
[0.737s] DEBUG:colcon.colcon_core.verb:Building package 'mycar_description' with the following arguments: {'ament_cmake_args': None, 'build_base': '/home/abc/ROS2_SIM_WS/build/mycar_description', 'catkin_cmake_args': None, 'catkin_skip_building_tests': False, 'cmake_args': None, 'cmake_clean_cache': False, 'cmake_clean_first': False, 'cmake_force_configure': False, 'cmake_target': None, 'cmake_target_skip_unavailable': False, 'install_base': '/home/abc/ROS2_SIM_WS/install/mycar_description', 'merge_install': False, 'path': '/home/abc/ROS2_SIM_WS/src/mycar/mycar_description', 'symlink_install': False, 'test_result_base': None}
[0.737s] INFO:colcon.colcon_core.executor:Executing jobs using 'parallel' executor
[0.738s] DEBUG:colcon.colcon_parallel_executor.executor.parallel:run_until_complete
[0.738s] INFO:colcon.colcon_ros.task.ament_cmake.build:Building ROS package in '/home/abc/ROS2_SIM_WS/src/mycar/mycar_description' with build type 'ament_cmake'
[0.738s] INFO:colcon.colcon_cmake.task.cmake.build:Building CMake package in '/home/abc/ROS2_SIM_WS/src/mycar/mycar_description'
[0.747s] INFO:colcon.colcon_core.plugin_system:Skipping extension 'colcon_core.shell.bat': Not used on non-Windows systems
[0.747s] INFO:colcon.colcon_core.shell:Skip shell extension 'powershell' for command environment: Not usable outside of PowerShell
[0.747s] DEBUG:colcon.colcon_core.shell:Skip shell extension 'dsv' for command environment
[0.764s] DEBUG:colcon.colcon_core.event_handler.log_command:Invoking command in '/home/abc/ROS2_SIM_WS/build/mycar_description': CMAKE_PREFIX_PATH=${CMAKE_PREFIX_PATH}:/opt/ros/humble /usr/bin/cmake --build /home/abc/ROS2_SIM_WS/build/mycar_description -- -j4 -l4
[0.882s] DEBUG:colcon.colcon_core.event_handler.log_command:Invoked command in '/home/abc/ROS2_SIM_WS/build/mycar_description' returned '0': CMAKE_PREFIX_PATH=${CMAKE_PREFIX_PATH}:/opt/ros/humble /usr/bin/cmake --build /home/abc/ROS2_SIM_WS/build/mycar_description -- -j4 -l4
[0.897s] DEBUG:colcon.colcon_core.event_handler.log_command:Invoking command in '/home/abc/ROS2_SIM_WS/build/mycar_description': CMAKE_PREFIX_PATH=${CMAKE_PREFIX_PATH}:/opt/ros/humble /usr/bin/cmake --install /home/abc/ROS2_SIM_WS/build/mycar_description
[0.919s] Level 1:colcon.colcon_core.environment:create_environment_scripts_only(mycar_description)
[0.919s] DEBUG:colcon.colcon_core.event_handler.log_command:Invoked command in '/home/abc/ROS2_SIM_WS/build/mycar_description' returned '0': CMAKE_PREFIX_PATH=${CMAKE_PREFIX_PATH}:/opt/ros/humble /usr/bin/cmake --install /home/abc/ROS2_SIM_WS/build/mycar_description
[0.926s] Level 1:colcon.colcon_core.environment:checking '/home/abc/ROS2_SIM_WS/install/mycar_description' for CMake module files
[0.927s] Level 1:colcon.colcon_core.environment:checking '/home/abc/ROS2_SIM_WS/install/mycar_description' for CMake config files
[0.928s] Level 1:colcon.colcon_core.shell:create_environment_hook('mycar_description', 'cmake_prefix_path')
[0.928s] INFO:colcon.colcon_core.shell:Creating environment hook '/home/abc/ROS2_SIM_WS/install/mycar_description/share/mycar_description/hook/cmake_prefix_path.ps1'
[0.931s] INFO:colcon.colcon_core.shell:Creating environment descriptor '/home/abc/ROS2_SIM_WS/install/mycar_description/share/mycar_description/hook/cmake_prefix_path.dsv'
[0.932s] INFO:colcon.colcon_core.shell:Creating environment hook '/home/abc/ROS2_SIM_WS/install/mycar_description/share/mycar_description/hook/cmake_prefix_path.sh'
[0.933s] Level 1:colcon.colcon_core.environment:checking '/home/abc/ROS2_SIM_WS/install/mycar_description/bin'
[0.933s] Level 1:colcon.colcon_core.environment:checking '/home/abc/ROS2_SIM_WS/install/mycar_description/lib/pkgconfig/mycar_description.pc'
[0.933s] Level 1:colcon.colcon_core.environment:checking '/home/abc/ROS2_SIM_WS/install/mycar_description/lib/python3.10/site-packages'
[0.933s] Level 1:colcon.colcon_core.environment:checking '/home/abc/ROS2_SIM_WS/install/mycar_description/bin'
[0.934s] INFO:colcon.colcon_core.shell:Creating package script '/home/abc/ROS2_SIM_WS/install/mycar_description/share/mycar_description/package.ps1'
[0.935s] INFO:colcon.colcon_core.shell:Creating package descriptor '/home/abc/ROS2_SIM_WS/install/mycar_description/share/mycar_description/package.dsv'
[0.935s] INFO:colcon.colcon_core.shell:Creating package script '/home/abc/ROS2_SIM_WS/install/mycar_description/share/mycar_description/package.sh'
[0.936s] INFO:colcon.colcon_core.shell:Creating package script '/home/abc/ROS2_SIM_WS/install/mycar_description/share/mycar_description/package.bash'
[0.937s] INFO:colcon.colcon_core.shell:Creating package script '/home/abc/ROS2_SIM_WS/install/mycar_description/share/mycar_description/package.zsh'
[0.938s] Level 1:colcon.colcon_core.environment:create_file_with_runtime_dependencies(/home/abc/ROS2_SIM_WS/install/mycar_description/share/colcon-core/packages/mycar_description)
[0.939s] Level 1:colcon.colcon_core.environment:create_environment_scripts_only(mycar_description)
[0.939s] Level 1:colcon.colcon_core.environment:checking '/home/abc/ROS2_SIM_WS/install/mycar_description' for CMake module files
[0.940s] Level 1:colcon.colcon_core.environment:checking '/home/abc/ROS2_SIM_WS/install/mycar_description' for CMake config files
[0.940s] Level 1:colcon.colcon_core.shell:create_environment_hook('mycar_description', 'cmake_prefix_path')
[0.940s] INFO:colcon.colcon_core.shell:Creating environment hook '/home/abc/ROS2_SIM_WS/install/mycar_description/share/mycar_description/hook/cmake_prefix_path.ps1'
[0.940s] INFO:colcon.colcon_core.shell:Creating environment descriptor '/home/abc/ROS2_SIM_WS/install/mycar_description/share/mycar_description/hook/cmake_prefix_path.dsv'
[0.941s] INFO:colcon.colcon_core.shell:Creating environment hook '/home/abc/ROS2_SIM_WS/install/mycar_description/share/mycar_description/hook/cmake_prefix_path.sh'
[0.941s] Level 1:colcon.colcon_core.environment:checking '/home/abc/ROS2_SIM_WS/install/mycar_description/bin'
[0.941s] Level 1:colcon.colcon_core.environment:checking '/home/abc/ROS2_SIM_WS/install/mycar_description/lib/pkgconfig/mycar_description.pc'
[0.942s] Level 1:colcon.colcon_core.environment:checking '/home/abc/ROS2_SIM_WS/install/mycar_description/lib/python3.10/site-packages'
[0.942s] Level 1:colcon.colcon_core.environment:checking '/home/abc/ROS2_SIM_WS/install/mycar_description/bin'
[0.942s] INFO:colcon.colcon_core.shell:Creating package script '/home/abc/ROS2_SIM_WS/install/mycar_description/share/mycar_description/package.ps1'
[0.943s] INFO:colcon.colcon_core.shell:Creating package descriptor '/home/abc/ROS2_SIM_WS/install/mycar_description/share/mycar_description/package.dsv'
[0.943s] INFO:colcon.colcon_core.shell:Creating package script '/home/abc/ROS2_SIM_WS/install/mycar_description/share/mycar_description/package.sh'
[0.944s] INFO:colcon.colcon_core.shell:Creating package script '/home/abc/ROS2_SIM_WS/install/mycar_description/share/mycar_description/package.bash'
[0.944s] INFO:colcon.colcon_core.shell:Creating package script '/home/abc/ROS2_SIM_WS/install/mycar_description/share/mycar_description/package.zsh'
[0.944s] Level 1:colcon.colcon_core.environment:create_file_with_runtime_dependencies(/home/abc/ROS2_SIM_WS/install/mycar_description/share/colcon-core/packages/mycar_description)
[0.945s] DEBUG:colcon.colcon_parallel_executor.executor.parallel:closing loop
[0.945s] DEBUG:colcon.colcon_parallel_executor.executor.parallel:loop closed
[0.945s] DEBUG:colcon.colcon_parallel_executor.executor.parallel:run_until_complete finished with '0'
[0.945s] DEBUG:colcon.colcon_core.event_reactor:joining thread
[0.955s] INFO:colcon.colcon_core.plugin_system:Skipping extension 'colcon_notification.desktop_notification.terminal_notifier': Not used on non-Darwin systems
[0.955s] INFO:colcon.colcon_core.plugin_system:Skipping extension 'colcon_notification.desktop_notification.win32': Not used on non-Windows systems
[0.955s] INFO:colcon.colcon_notification.desktop_notification:Sending desktop notification using 'notify2'
[1.046s] DEBUG:colcon.colcon_core.event_reactor:joined thread
[1.047s] INFO:colcon.colcon_core.shell:Creating prefix script '/home/abc/ROS2_SIM_WS/install/local_setup.ps1'
[1.049s] INFO:colcon.colcon_core.shell:Creating prefix util module '/home/abc/ROS2_SIM_WS/install/_local_setup_util_ps1.py'
[1.051s] INFO:colcon.colcon_core.shell:Creating prefix chain script '/home/abc/ROS2_SIM_WS/install/setup.ps1'
[1.053s] INFO:colcon.colcon_core.shell:Creating prefix script '/home/abc/ROS2_SIM_WS/install/local_setup.sh'
[1.054s] INFO:colcon.colcon_core.shell:Creating prefix util module '/home/abc/ROS2_SIM_WS/install/_local_setup_util_sh.py'
[1.055s] INFO:colcon.colcon_core.shell:Creating prefix chain script '/home/abc/ROS2_SIM_WS/install/setup.sh'
[1.056s] INFO:colcon.colcon_core.shell:Creating prefix script '/home/abc/ROS2_SIM_WS/install/local_setup.bash'
[1.059s] INFO:colcon.colcon_core.shell:Creating prefix chain script '/home/abc/ROS2_SIM_WS/install/setup.bash'
[1.061s] INFO:colcon.colcon_core.shell:Creating prefix script '/home/abc/ROS2_SIM_WS/install/local_setup.zsh'
[1.062s] INFO:colcon.colcon_core.shell:Creating prefix chain script '/home/abc/ROS2_SIM_WS/install/setup.zsh'
