[0.082s] DEBUG:colcon:Command line arguments: ['/usr/bin/colcon', 'build']
[0.082s] DEBUG:colcon:Parsed command line arguments: Namespace(log_base=None, log_level=None, verb_name='build', build_base='build', install_base='install', merge_install=False, symlink_install=False, test_result_base=None, continue_on_error=False, executor='parallel', parallel_workers=4, event_handlers=None, ignore_user_meta=False, metas=['./colcon.meta'], base_paths=['.'], packages_ignore=None, packages_ignore_regex=None, paths=None, packages_up_to=None, packages_up_to_regex=None, packages_above=None, packages_above_and_dependencies=None, packages_above_depth=None, packages_select_by_dep=None, packages_skip_by_dep=None, packages_skip_up_to=None, packages_select_build_failed=False, packages_skip_build_finished=False, packages_select_test_failures=False, packages_skip_test_passed=False, packages_select=None, packages_skip=None, packages_select_regex=None, packages_skip_regex=None, packages_start=None, packages_end=None, allow_overriding=[], cmake_args=None, cmake_target=None, cmake_target_skip_unavailable=False, cmake_clean_cache=False, cmake_clean_first=False, cmake_force_configure=False, ament_cmake_args=None, catkin_cmake_args=None, catkin_skip_building_tests=False, verb_parser=<colcon_defaults.argument_parser.defaults.DefaultArgumentsDecorator object at 0x75c87e3cee60>, verb_extension=<colcon_core.verb.build.BuildVerb object at 0x75c87e56c3d0>, main=<bound method BuildVerb.main of <colcon_core.verb.build.BuildVerb object at 0x75c87e56c3d0>>)
[0.183s] Level 1:colcon.colcon_core.package_discovery:discover_packages(colcon_meta) check parameters
[0.183s] Level 1:colcon.colcon_core.package_discovery:discover_packages(recursive) check parameters
[0.183s] Level 1:colcon.colcon_core.package_discovery:discover_packages(ignore) check parameters
[0.183s] Level 1:colcon.colcon_core.package_discovery:discover_packages(path) check parameters
[0.183s] Level 1:colcon.colcon_core.package_discovery:discover_packages(colcon_meta) discover
[0.183s] Level 1:colcon.colcon_core.package_discovery:discover_packages(recursive) discover
[0.183s] INFO:colcon.colcon_core.package_discovery:Crawling recursively for packages in '/home/abc/ROS2_SIM_WS'
[0.183s] Level 1:colcon.colcon_core.package_identification:_identify(.) by extensions ['ignore', 'ignore_ament_install']
[0.183s] Level 1:colcon.colcon_core.package_identification:_identify(.) by extension 'ignore'
[0.183s] Level 1:colcon.colcon_core.package_identification:_identify(.) by extension 'ignore_ament_install'
[0.183s] Level 1:colcon.colcon_core.package_identification:_identify(.) by extensions ['colcon_pkg']
[0.183s] Level 1:colcon.colcon_core.package_identification:_identify(.) by extension 'colcon_pkg'
[0.183s] Level 1:colcon.colcon_core.package_identification:_identify(.) by extensions ['colcon_meta']
[0.183s] Level 1:colcon.colcon_core.package_identification:_identify(.) by extension 'colcon_meta'
[0.184s] Level 1:colcon.colcon_core.package_identification:_identify(.) by extensions ['ros']
[0.184s] Level 1:colcon.colcon_core.package_identification:_identify(.) by extension 'ros'
[0.191s] Level 1:colcon.colcon_core.package_identification:_identify(.) by extensions ['cmake', 'python']
[0.191s] Level 1:colcon.colcon_core.package_identification:_identify(.) by extension 'cmake'
[0.191s] Level 1:colcon.colcon_core.package_identification:_identify(.) by extension 'python'
[0.191s] Level 1:colcon.colcon_core.package_identification:_identify(.) by extensions ['python_setup_py']
[0.191s] Level 1:colcon.colcon_core.package_identification:_identify(.) by extension 'python_setup_py'
[0.192s] Level 1:colcon.colcon_core.package_identification:_identify(build) by extensions ['ignore', 'ignore_ament_install']
[0.192s] Level 1:colcon.colcon_core.package_identification:_identify(build) by extension 'ignore'
[0.192s] Level 1:colcon.colcon_core.package_identification:_identify(build) ignored
[0.192s] Level 1:colcon.colcon_core.package_identification:_identify(ign_models) by extensions ['ignore', 'ignore_ament_install']
[0.192s] Level 1:colcon.colcon_core.package_identification:_identify(ign_models) by extension 'ignore'
[0.192s] Level 1:colcon.colcon_core.package_identification:_identify(ign_models) by extension 'ignore_ament_install'
[0.192s] Level 1:colcon.colcon_core.package_identification:_identify(ign_models) by extensions ['colcon_pkg']
[0.192s] Level 1:colcon.colcon_core.package_identification:_identify(ign_models) by extension 'colcon_pkg'
[0.192s] Level 1:colcon.colcon_core.package_identification:_identify(ign_models) by extensions ['colcon_meta']
[0.192s] Level 1:colcon.colcon_core.package_identification:_identify(ign_models) by extension 'colcon_meta'
[0.192s] Level 1:colcon.colcon_core.package_identification:_identify(ign_models) by extensions ['ros']
[0.192s] Level 1:colcon.colcon_core.package_identification:_identify(ign_models) by extension 'ros'
[0.192s] Level 1:colcon.colcon_core.package_identification:_identify(ign_models) by extensions ['cmake', 'python']
[0.192s] Level 1:colcon.colcon_core.package_identification:_identify(ign_models) by extension 'cmake'
[0.192s] Level 1:colcon.colcon_core.package_identification:_identify(ign_models) by extension 'python'
[0.192s] Level 1:colcon.colcon_core.package_identification:_identify(ign_models) by extensions ['python_setup_py']
[0.192s] Level 1:colcon.colcon_core.package_identification:_identify(ign_models) by extension 'python_setup_py'
[0.192s] Level 1:colcon.colcon_core.package_identification:_identify(ign_models/Bathtub) by extensions ['ignore', 'ignore_ament_install']
[0.192s] Level 1:colcon.colcon_core.package_identification:_identify(ign_models/Bathtub) by extension 'ignore'
[0.192s] Level 1:colcon.colcon_core.package_identification:_identify(ign_models/Bathtub) by extension 'ignore_ament_install'
[0.192s] Level 1:colcon.colcon_core.package_identification:_identify(ign_models/Bathtub) by extensions ['colcon_pkg']
[0.192s] Level 1:colcon.colcon_core.package_identification:_identify(ign_models/Bathtub) by extension 'colcon_pkg'
[0.192s] Level 1:colcon.colcon_core.package_identification:_identify(ign_models/Bathtub) by extensions ['colcon_meta']
[0.192s] Level 1:colcon.colcon_core.package_identification:_identify(ign_models/Bathtub) by extension 'colcon_meta'
[0.192s] Level 1:colcon.colcon_core.package_identification:_identify(ign_models/Bathtub) by extensions ['ros']
[0.192s] Level 1:colcon.colcon_core.package_identification:_identify(ign_models/Bathtub) by extension 'ros'
[0.193s] Level 1:colcon.colcon_core.package_identification:_identify(ign_models/Bathtub) by extensions ['cmake', 'python']
[0.193s] Level 1:colcon.colcon_core.package_identification:_identify(ign_models/Bathtub) by extension 'cmake'
[0.193s] Level 1:colcon.colcon_core.package_identification:_identify(ign_models/Bathtub) by extension 'python'
[0.193s] Level 1:colcon.colcon_core.package_identification:_identify(ign_models/Bathtub) by extensions ['python_setup_py']
[0.193s] Level 1:colcon.colcon_core.package_identification:_identify(ign_models/Bathtub) by extension 'python_setup_py'
[0.193s] Level 1:colcon.colcon_core.package_identification:_identify(ign_models/Bathtub/materials) by extensions ['ignore', 'ignore_ament_install']
[0.193s] Level 1:colcon.colcon_core.package_identification:_identify(ign_models/Bathtub/materials) by extension 'ignore'
[0.193s] Level 1:colcon.colcon_core.package_identification:_identify(ign_models/Bathtub/materials) by extension 'ignore_ament_install'
[0.193s] Level 1:colcon.colcon_core.package_identification:_identify(ign_models/Bathtub/materials) by extensions ['colcon_pkg']
[0.193s] Level 1:colcon.colcon_core.package_identification:_identify(ign_models/Bathtub/materials) by extension 'colcon_pkg'
[0.193s] Level 1:colcon.colcon_core.package_identification:_identify(ign_models/Bathtub/materials) by extensions ['colcon_meta']
[0.193s] Level 1:colcon.colcon_core.package_identification:_identify(ign_models/Bathtub/materials) by extension 'colcon_meta'
[0.193s] Level 1:colcon.colcon_core.package_identification:_identify(ign_models/Bathtub/materials) by extensions ['ros']
[0.193s] Level 1:colcon.colcon_core.package_identification:_identify(ign_models/Bathtub/materials) by extension 'ros'
[0.193s] Level 1:colcon.colcon_core.package_identification:_identify(ign_models/Bathtub/materials) by extensions ['cmake', 'python']
[0.193s] Level 1:colcon.colcon_core.package_identification:_identify(ign_models/Bathtub/materials) by extension 'cmake'
[0.193s] Level 1:colcon.colcon_core.package_identification:_identify(ign_models/Bathtub/materials) by extension 'python'
[0.193s] Level 1:colcon.colcon_core.package_identification:_identify(ign_models/Bathtub/materials) by extensions ['python_setup_py']
[0.193s] Level 1:colcon.colcon_core.package_identification:_identify(ign_models/Bathtub/materials) by extension 'python_setup_py'
[0.193s] Level 1:colcon.colcon_core.package_identification:_identify(ign_models/Bathtub/materials/textures) by extensions ['ignore', 'ignore_ament_install']
[0.193s] Level 1:colcon.colcon_core.package_identification:_identify(ign_models/Bathtub/materials/textures) by extension 'ignore'
[0.193s] Level 1:colcon.colcon_core.package_identification:_identify(ign_models/Bathtub/materials/textures) by extension 'ignore_ament_install'
[0.193s] Level 1:colcon.colcon_core.package_identification:_identify(ign_models/Bathtub/materials/textures) by extensions ['colcon_pkg']
[0.193s] Level 1:colcon.colcon_core.package_identification:_identify(ign_models/Bathtub/materials/textures) by extension 'colcon_pkg'
[0.193s] Level 1:colcon.colcon_core.package_identification:_identify(ign_models/Bathtub/materials/textures) by extensions ['colcon_meta']
[0.194s] Level 1:colcon.colcon_core.package_identification:_identify(ign_models/Bathtub/materials/textures) by extension 'colcon_meta'
[0.194s] Level 1:colcon.colcon_core.package_identification:_identify(ign_models/Bathtub/materials/textures) by extensions ['ros']
[0.194s] Level 1:colcon.colcon_core.package_identification:_identify(ign_models/Bathtub/materials/textures) by extension 'ros'
[0.194s] Level 1:colcon.colcon_core.package_identification:_identify(ign_models/Bathtub/materials/textures) by extensions ['cmake', 'python']
[0.194s] Level 1:colcon.colcon_core.package_identification:_identify(ign_models/Bathtub/materials/textures) by extension 'cmake'
[0.194s] Level 1:colcon.colcon_core.package_identification:_identify(ign_models/Bathtub/materials/textures) by extension 'python'
[0.194s] Level 1:colcon.colcon_core.package_identification:_identify(ign_models/Bathtub/materials/textures) by extensions ['python_setup_py']
[0.194s] Level 1:colcon.colcon_core.package_identification:_identify(ign_models/Bathtub/materials/textures) by extension 'python_setup_py'
[0.194s] Level 1:colcon.colcon_core.package_identification:_identify(ign_models/Bathtub/meshes) by extensions ['ignore', 'ignore_ament_install']
[0.194s] Level 1:colcon.colcon_core.package_identification:_identify(ign_models/Bathtub/meshes) by extension 'ignore'
[0.194s] Level 1:colcon.colcon_core.package_identification:_identify(ign_models/Bathtub/meshes) by extension 'ignore_ament_install'
[0.194s] Level 1:colcon.colcon_core.package_identification:_identify(ign_models/Bathtub/meshes) by extensions ['colcon_pkg']
[0.194s] Level 1:colcon.colcon_core.package_identification:_identify(ign_models/Bathtub/meshes) by extension 'colcon_pkg'
[0.194s] Level 1:colcon.colcon_core.package_identification:_identify(ign_models/Bathtub/meshes) by extensions ['colcon_meta']
[0.194s] Level 1:colcon.colcon_core.package_identification:_identify(ign_models/Bathtub/meshes) by extension 'colcon_meta'
[0.194s] Level 1:colcon.colcon_core.package_identification:_identify(ign_models/Bathtub/meshes) by extensions ['ros']
[0.194s] Level 1:colcon.colcon_core.package_identification:_identify(ign_models/Bathtub/meshes) by extension 'ros'
[0.195s] Level 1:colcon.colcon_core.package_identification:_identify(ign_models/Bathtub/meshes) by extensions ['cmake', 'python']
[0.195s] Level 1:colcon.colcon_core.package_identification:_identify(ign_models/Bathtub/meshes) by extension 'cmake'
[0.195s] Level 1:colcon.colcon_core.package_identification:_identify(ign_models/Bathtub/meshes) by extension 'python'
[0.195s] Level 1:colcon.colcon_core.package_identification:_identify(ign_models/Bathtub/meshes) by extensions ['python_setup_py']
[0.195s] Level 1:colcon.colcon_core.package_identification:_identify(ign_models/Bathtub/meshes) by extension 'python_setup_py'
[0.195s] Level 1:colcon.colcon_core.package_identification:_identify(ign_models/Bathtub/thumbnails) by extensions ['ignore', 'ignore_ament_install']
[0.195s] Level 1:colcon.colcon_core.package_identification:_identify(ign_models/Bathtub/thumbnails) by extension 'ignore'
[0.195s] Level 1:colcon.colcon_core.package_identification:_identify(ign_models/Bathtub/thumbnails) by extension 'ignore_ament_install'
[0.195s] Level 1:colcon.colcon_core.package_identification:_identify(ign_models/Bathtub/thumbnails) by extensions ['colcon_pkg']
[0.195s] Level 1:colcon.colcon_core.package_identification:_identify(ign_models/Bathtub/thumbnails) by extension 'colcon_pkg'
[0.195s] Level 1:colcon.colcon_core.package_identification:_identify(ign_models/Bathtub/thumbnails) by extensions ['colcon_meta']
[0.195s] Level 1:colcon.colcon_core.package_identification:_identify(ign_models/Bathtub/thumbnails) by extension 'colcon_meta'
[0.195s] Level 1:colcon.colcon_core.package_identification:_identify(ign_models/Bathtub/thumbnails) by extensions ['ros']
[0.195s] Level 1:colcon.colcon_core.package_identification:_identify(ign_models/Bathtub/thumbnails) by extension 'ros'
[0.195s] Level 1:colcon.colcon_core.package_identification:_identify(ign_models/Bathtub/thumbnails) by extensions ['cmake', 'python']
[0.196s] Level 1:colcon.colcon_core.package_identification:_identify(ign_models/Bathtub/thumbnails) by extension 'cmake'
[0.196s] Level 1:colcon.colcon_core.package_identification:_identify(ign_models/Bathtub/thumbnails) by extension 'python'
[0.196s] Level 1:colcon.colcon_core.package_identification:_identify(ign_models/Bathtub/thumbnails) by extensions ['python_setup_py']
[0.196s] Level 1:colcon.colcon_core.package_identification:_identify(ign_models/Bathtub/thumbnails) by extension 'python_setup_py'
[0.196s] Level 1:colcon.colcon_core.package_identification:_identify(ign_models/Bed) by extensions ['ignore', 'ignore_ament_install']
[0.196s] Level 1:colcon.colcon_core.package_identification:_identify(ign_models/Bed) by extension 'ignore'
[0.196s] Level 1:colcon.colcon_core.package_identification:_identify(ign_models/Bed) by extension 'ignore_ament_install'
[0.196s] Level 1:colcon.colcon_core.package_identification:_identify(ign_models/Bed) by extensions ['colcon_pkg']
[0.196s] Level 1:colcon.colcon_core.package_identification:_identify(ign_models/Bed) by extension 'colcon_pkg'
[0.196s] Level 1:colcon.colcon_core.package_identification:_identify(ign_models/Bed) by extensions ['colcon_meta']
[0.196s] Level 1:colcon.colcon_core.package_identification:_identify(ign_models/Bed) by extension 'colcon_meta'
[0.196s] Level 1:colcon.colcon_core.package_identification:_identify(ign_models/Bed) by extensions ['ros']
[0.196s] Level 1:colcon.colcon_core.package_identification:_identify(ign_models/Bed) by extension 'ros'
[0.196s] Level 1:colcon.colcon_core.package_identification:_identify(ign_models/Bed) by extensions ['cmake', 'python']
[0.196s] Level 1:colcon.colcon_core.package_identification:_identify(ign_models/Bed) by extension 'cmake'
[0.196s] Level 1:colcon.colcon_core.package_identification:_identify(ign_models/Bed) by extension 'python'
[0.196s] Level 1:colcon.colcon_core.package_identification:_identify(ign_models/Bed) by extensions ['python_setup_py']
[0.196s] Level 1:colcon.colcon_core.package_identification:_identify(ign_models/Bed) by extension 'python_setup_py'
[0.196s] Level 1:colcon.colcon_core.package_identification:_identify(ign_models/Bed/materials) by extensions ['ignore', 'ignore_ament_install']
[0.196s] Level 1:colcon.colcon_core.package_identification:_identify(ign_models/Bed/materials) by extension 'ignore'
[0.196s] Level 1:colcon.colcon_core.package_identification:_identify(ign_models/Bed/materials) by extension 'ignore_ament_install'
[0.196s] Level 1:colcon.colcon_core.package_identification:_identify(ign_models/Bed/materials) by extensions ['colcon_pkg']
[0.196s] Level 1:colcon.colcon_core.package_identification:_identify(ign_models/Bed/materials) by extension 'colcon_pkg'
[0.196s] Level 1:colcon.colcon_core.package_identification:_identify(ign_models/Bed/materials) by extensions ['colcon_meta']
[0.197s] Level 1:colcon.colcon_core.package_identification:_identify(ign_models/Bed/materials) by extension 'colcon_meta'
[0.197s] Level 1:colcon.colcon_core.package_identification:_identify(ign_models/Bed/materials) by extensions ['ros']
[0.197s] Level 1:colcon.colcon_core.package_identification:_identify(ign_models/Bed/materials) by extension 'ros'
[0.197s] Level 1:colcon.colcon_core.package_identification:_identify(ign_models/Bed/materials) by extensions ['cmake', 'python']
[0.197s] Level 1:colcon.colcon_core.package_identification:_identify(ign_models/Bed/materials) by extension 'cmake'
[0.197s] Level 1:colcon.colcon_core.package_identification:_identify(ign_models/Bed/materials) by extension 'python'
[0.197s] Level 1:colcon.colcon_core.package_identification:_identify(ign_models/Bed/materials) by extensions ['python_setup_py']
[0.197s] Level 1:colcon.colcon_core.package_identification:_identify(ign_models/Bed/materials) by extension 'python_setup_py'
[0.197s] Level 1:colcon.colcon_core.package_identification:_identify(ign_models/Bed/materials/textures) by extensions ['ignore', 'ignore_ament_install']
[0.197s] Level 1:colcon.colcon_core.package_identification:_identify(ign_models/Bed/materials/textures) by extension 'ignore'
[0.197s] Level 1:colcon.colcon_core.package_identification:_identify(ign_models/Bed/materials/textures) by extension 'ignore_ament_install'
[0.197s] Level 1:colcon.colcon_core.package_identification:_identify(ign_models/Bed/materials/textures) by extensions ['colcon_pkg']
[0.197s] Level 1:colcon.colcon_core.package_identification:_identify(ign_models/Bed/materials/textures) by extension 'colcon_pkg'
[0.197s] Level 1:colcon.colcon_core.package_identification:_identify(ign_models/Bed/materials/textures) by extensions ['colcon_meta']
[0.197s] Level 1:colcon.colcon_core.package_identification:_identify(ign_models/Bed/materials/textures) by extension 'colcon_meta'
[0.197s] Level 1:colcon.colcon_core.package_identification:_identify(ign_models/Bed/materials/textures) by extensions ['ros']
[0.197s] Level 1:colcon.colcon_core.package_identification:_identify(ign_models/Bed/materials/textures) by extension 'ros'
[0.197s] Level 1:colcon.colcon_core.package_identification:_identify(ign_models/Bed/materials/textures) by extensions ['cmake', 'python']
[0.197s] Level 1:colcon.colcon_core.package_identification:_identify(ign_models/Bed/materials/textures) by extension 'cmake'
[0.197s] Level 1:colcon.colcon_core.package_identification:_identify(ign_models/Bed/materials/textures) by extension 'python'
[0.197s] Level 1:colcon.colcon_core.package_identification:_identify(ign_models/Bed/materials/textures) by extensions ['python_setup_py']
[0.197s] Level 1:colcon.colcon_core.package_identification:_identify(ign_models/Bed/materials/textures) by extension 'python_setup_py'
[0.197s] Level 1:colcon.colcon_core.package_identification:_identify(ign_models/Bed/meshes) by extensions ['ignore', 'ignore_ament_install']
[0.198s] Level 1:colcon.colcon_core.package_identification:_identify(ign_models/Bed/meshes) by extension 'ignore'
[0.198s] Level 1:colcon.colcon_core.package_identification:_identify(ign_models/Bed/meshes) by extension 'ignore_ament_install'
[0.198s] Level 1:colcon.colcon_core.package_identification:_identify(ign_models/Bed/meshes) by extensions ['colcon_pkg']
[0.198s] Level 1:colcon.colcon_core.package_identification:_identify(ign_models/Bed/meshes) by extension 'colcon_pkg'
[0.198s] Level 1:colcon.colcon_core.package_identification:_identify(ign_models/Bed/meshes) by extensions ['colcon_meta']
[0.198s] Level 1:colcon.colcon_core.package_identification:_identify(ign_models/Bed/meshes) by extension 'colcon_meta'
[0.198s] Level 1:colcon.colcon_core.package_identification:_identify(ign_models/Bed/meshes) by extensions ['ros']
[0.198s] Level 1:colcon.colcon_core.package_identification:_identify(ign_models/Bed/meshes) by extension 'ros'
[0.198s] Level 1:colcon.colcon_core.package_identification:_identify(ign_models/Bed/meshes) by extensions ['cmake', 'python']
[0.198s] Level 1:colcon.colcon_core.package_identification:_identify(ign_models/Bed/meshes) by extension 'cmake'
[0.198s] Level 1:colcon.colcon_core.package_identification:_identify(ign_models/Bed/meshes) by extension 'python'
[0.198s] Level 1:colcon.colcon_core.package_identification:_identify(ign_models/Bed/meshes) by extensions ['python_setup_py']
[0.198s] Level 1:colcon.colcon_core.package_identification:_identify(ign_models/Bed/meshes) by extension 'python_setup_py'
[0.198s] Level 1:colcon.colcon_core.package_identification:_identify(ign_models/Bed/thumbnails) by extensions ['ignore', 'ignore_ament_install']
[0.198s] Level 1:colcon.colcon_core.package_identification:_identify(ign_models/Bed/thumbnails) by extension 'ignore'
[0.198s] Level 1:colcon.colcon_core.package_identification:_identify(ign_models/Bed/thumbnails) by extension 'ignore_ament_install'
[0.198s] Level 1:colcon.colcon_core.package_identification:_identify(ign_models/Bed/thumbnails) by extensions ['colcon_pkg']
[0.198s] Level 1:colcon.colcon_core.package_identification:_identify(ign_models/Bed/thumbnails) by extension 'colcon_pkg'
[0.198s] Level 1:colcon.colcon_core.package_identification:_identify(ign_models/Bed/thumbnails) by extensions ['colcon_meta']
[0.198s] Level 1:colcon.colcon_core.package_identification:_identify(ign_models/Bed/thumbnails) by extension 'colcon_meta'
[0.198s] Level 1:colcon.colcon_core.package_identification:_identify(ign_models/Bed/thumbnails) by extensions ['ros']
[0.198s] Level 1:colcon.colcon_core.package_identification:_identify(ign_models/Bed/thumbnails) by extension 'ros'
[0.198s] Level 1:colcon.colcon_core.package_identification:_identify(ign_models/Bed/thumbnails) by extensions ['cmake', 'python']
[0.198s] Level 1:colcon.colcon_core.package_identification:_identify(ign_models/Bed/thumbnails) by extension 'cmake'
[0.199s] Level 1:colcon.colcon_core.package_identification:_identify(ign_models/Bed/thumbnails) by extension 'python'
[0.199s] Level 1:colcon.colcon_core.package_identification:_identify(ign_models/Bed/thumbnails) by extensions ['python_setup_py']
[0.199s] Level 1:colcon.colcon_core.package_identification:_identify(ign_models/Bed/thumbnails) by extension 'python_setup_py'
[0.199s] Level 1:colcon.colcon_core.package_identification:_identify(ign_models/Dining Table) by extensions ['ignore', 'ignore_ament_install']
[0.199s] Level 1:colcon.colcon_core.package_identification:_identify(ign_models/Dining Table) by extension 'ignore'
[0.199s] Level 1:colcon.colcon_core.package_identification:_identify(ign_models/Dining Table) by extension 'ignore_ament_install'
[0.199s] Level 1:colcon.colcon_core.package_identification:_identify(ign_models/Dining Table) by extensions ['colcon_pkg']
[0.199s] Level 1:colcon.colcon_core.package_identification:_identify(ign_models/Dining Table) by extension 'colcon_pkg'
[0.199s] Level 1:colcon.colcon_core.package_identification:_identify(ign_models/Dining Table) by extensions ['colcon_meta']
[0.199s] Level 1:colcon.colcon_core.package_identification:_identify(ign_models/Dining Table) by extension 'colcon_meta'
[0.199s] Level 1:colcon.colcon_core.package_identification:_identify(ign_models/Dining Table) by extensions ['ros']
[0.199s] Level 1:colcon.colcon_core.package_identification:_identify(ign_models/Dining Table) by extension 'ros'
[0.199s] Level 1:colcon.colcon_core.package_identification:_identify(ign_models/Dining Table) by extensions ['cmake', 'python']
[0.199s] Level 1:colcon.colcon_core.package_identification:_identify(ign_models/Dining Table) by extension 'cmake'
[0.199s] Level 1:colcon.colcon_core.package_identification:_identify(ign_models/Dining Table) by extension 'python'
[0.199s] Level 1:colcon.colcon_core.package_identification:_identify(ign_models/Dining Table) by extensions ['python_setup_py']
[0.199s] Level 1:colcon.colcon_core.package_identification:_identify(ign_models/Dining Table) by extension 'python_setup_py'
[0.199s] Level 1:colcon.colcon_core.package_identification:_identify(ign_models/Dining Table/materials) by extensions ['ignore', 'ignore_ament_install']
[0.199s] Level 1:colcon.colcon_core.package_identification:_identify(ign_models/Dining Table/materials) by extension 'ignore'
[0.199s] Level 1:colcon.colcon_core.package_identification:_identify(ign_models/Dining Table/materials) by extension 'ignore_ament_install'
[0.199s] Level 1:colcon.colcon_core.package_identification:_identify(ign_models/Dining Table/materials) by extensions ['colcon_pkg']
[0.199s] Level 1:colcon.colcon_core.package_identification:_identify(ign_models/Dining Table/materials) by extension 'colcon_pkg'
[0.199s] Level 1:colcon.colcon_core.package_identification:_identify(ign_models/Dining Table/materials) by extensions ['colcon_meta']
[0.199s] Level 1:colcon.colcon_core.package_identification:_identify(ign_models/Dining Table/materials) by extension 'colcon_meta'
[0.199s] Level 1:colcon.colcon_core.package_identification:_identify(ign_models/Dining Table/materials) by extensions ['ros']
[0.199s] Level 1:colcon.colcon_core.package_identification:_identify(ign_models/Dining Table/materials) by extension 'ros'
[0.200s] Level 1:colcon.colcon_core.package_identification:_identify(ign_models/Dining Table/materials) by extensions ['cmake', 'python']
[0.200s] Level 1:colcon.colcon_core.package_identification:_identify(ign_models/Dining Table/materials) by extension 'cmake'
[0.200s] Level 1:colcon.colcon_core.package_identification:_identify(ign_models/Dining Table/materials) by extension 'python'
[0.200s] Level 1:colcon.colcon_core.package_identification:_identify(ign_models/Dining Table/materials) by extensions ['python_setup_py']
[0.200s] Level 1:colcon.colcon_core.package_identification:_identify(ign_models/Dining Table/materials) by extension 'python_setup_py'
[0.200s] Level 1:colcon.colcon_core.package_identification:_identify(ign_models/Dining Table/materials/textures) by extensions ['ignore', 'ignore_ament_install']
[0.200s] Level 1:colcon.colcon_core.package_identification:_identify(ign_models/Dining Table/materials/textures) by extension 'ignore'
[0.200s] Level 1:colcon.colcon_core.package_identification:_identify(ign_models/Dining Table/materials/textures) by extension 'ignore_ament_install'
[0.200s] Level 1:colcon.colcon_core.package_identification:_identify(ign_models/Dining Table/materials/textures) by extensions ['colcon_pkg']
[0.200s] Level 1:colcon.colcon_core.package_identification:_identify(ign_models/Dining Table/materials/textures) by extension 'colcon_pkg'
[0.200s] Level 1:colcon.colcon_core.package_identification:_identify(ign_models/Dining Table/materials/textures) by extensions ['colcon_meta']
[0.200s] Level 1:colcon.colcon_core.package_identification:_identify(ign_models/Dining Table/materials/textures) by extension 'colcon_meta'
[0.200s] Level 1:colcon.colcon_core.package_identification:_identify(ign_models/Dining Table/materials/textures) by extensions ['ros']
[0.200s] Level 1:colcon.colcon_core.package_identification:_identify(ign_models/Dining Table/materials/textures) by extension 'ros'
[0.200s] Level 1:colcon.colcon_core.package_identification:_identify(ign_models/Dining Table/materials/textures) by extensions ['cmake', 'python']
[0.200s] Level 1:colcon.colcon_core.package_identification:_identify(ign_models/Dining Table/materials/textures) by extension 'cmake'
[0.200s] Level 1:colcon.colcon_core.package_identification:_identify(ign_models/Dining Table/materials/textures) by extension 'python'
[0.200s] Level 1:colcon.colcon_core.package_identification:_identify(ign_models/Dining Table/materials/textures) by extensions ['python_setup_py']
[0.200s] Level 1:colcon.colcon_core.package_identification:_identify(ign_models/Dining Table/materials/textures) by extension 'python_setup_py'
[0.200s] Level 1:colcon.colcon_core.package_identification:_identify(ign_models/Dining Table/meshes) by extensions ['ignore', 'ignore_ament_install']
[0.200s] Level 1:colcon.colcon_core.package_identification:_identify(ign_models/Dining Table/meshes) by extension 'ignore'
[0.200s] Level 1:colcon.colcon_core.package_identification:_identify(ign_models/Dining Table/meshes) by extension 'ignore_ament_install'
[0.200s] Level 1:colcon.colcon_core.package_identification:_identify(ign_models/Dining Table/meshes) by extensions ['colcon_pkg']
[0.200s] Level 1:colcon.colcon_core.package_identification:_identify(ign_models/Dining Table/meshes) by extension 'colcon_pkg'
[0.200s] Level 1:colcon.colcon_core.package_identification:_identify(ign_models/Dining Table/meshes) by extensions ['colcon_meta']
[0.200s] Level 1:colcon.colcon_core.package_identification:_identify(ign_models/Dining Table/meshes) by extension 'colcon_meta'
[0.201s] Level 1:colcon.colcon_core.package_identification:_identify(ign_models/Dining Table/meshes) by extensions ['ros']
[0.201s] Level 1:colcon.colcon_core.package_identification:_identify(ign_models/Dining Table/meshes) by extension 'ros'
[0.201s] Level 1:colcon.colcon_core.package_identification:_identify(ign_models/Dining Table/meshes) by extensions ['cmake', 'python']
[0.201s] Level 1:colcon.colcon_core.package_identification:_identify(ign_models/Dining Table/meshes) by extension 'cmake'
[0.201s] Level 1:colcon.colcon_core.package_identification:_identify(ign_models/Dining Table/meshes) by extension 'python'
[0.201s] Level 1:colcon.colcon_core.package_identification:_identify(ign_models/Dining Table/meshes) by extensions ['python_setup_py']
[0.201s] Level 1:colcon.colcon_core.package_identification:_identify(ign_models/Dining Table/meshes) by extension 'python_setup_py'
[0.201s] Level 1:colcon.colcon_core.package_identification:_identify(ign_models/Dining Table/thumbnails) by extensions ['ignore', 'ignore_ament_install']
[0.201s] Level 1:colcon.colcon_core.package_identification:_identify(ign_models/Dining Table/thumbnails) by extension 'ignore'
[0.201s] Level 1:colcon.colcon_core.package_identification:_identify(ign_models/Dining Table/thumbnails) by extension 'ignore_ament_install'
[0.201s] Level 1:colcon.colcon_core.package_identification:_identify(ign_models/Dining Table/thumbnails) by extensions ['colcon_pkg']
[0.201s] Level 1:colcon.colcon_core.package_identification:_identify(ign_models/Dining Table/thumbnails) by extension 'colcon_pkg'
[0.201s] Level 1:colcon.colcon_core.package_identification:_identify(ign_models/Dining Table/thumbnails) by extensions ['colcon_meta']
[0.201s] Level 1:colcon.colcon_core.package_identification:_identify(ign_models/Dining Table/thumbnails) by extension 'colcon_meta'
[0.201s] Level 1:colcon.colcon_core.package_identification:_identify(ign_models/Dining Table/thumbnails) by extensions ['ros']
[0.201s] Level 1:colcon.colcon_core.package_identification:_identify(ign_models/Dining Table/thumbnails) by extension 'ros'
[0.201s] Level 1:colcon.colcon_core.package_identification:_identify(ign_models/Dining Table/thumbnails) by extensions ['cmake', 'python']
[0.201s] Level 1:colcon.colcon_core.package_identification:_identify(ign_models/Dining Table/thumbnails) by extension 'cmake'
[0.201s] Level 1:colcon.colcon_core.package_identification:_identify(ign_models/Dining Table/thumbnails) by extension 'python'
[0.201s] Level 1:colcon.colcon_core.package_identification:_identify(ign_models/Dining Table/thumbnails) by extensions ['python_setup_py']
[0.201s] Level 1:colcon.colcon_core.package_identification:_identify(ign_models/Dining Table/thumbnails) by extension 'python_setup_py'
[0.201s] Level 1:colcon.colcon_core.package_identification:_identify(ign_models/Office Desk) by extensions ['ignore', 'ignore_ament_install']
[0.201s] Level 1:colcon.colcon_core.package_identification:_identify(ign_models/Office Desk) by extension 'ignore'
[0.201s] Level 1:colcon.colcon_core.package_identification:_identify(ign_models/Office Desk) by extension 'ignore_ament_install'
[0.202s] Level 1:colcon.colcon_core.package_identification:_identify(ign_models/Office Desk) by extensions ['colcon_pkg']
[0.202s] Level 1:colcon.colcon_core.package_identification:_identify(ign_models/Office Desk) by extension 'colcon_pkg'
[0.202s] Level 1:colcon.colcon_core.package_identification:_identify(ign_models/Office Desk) by extensions ['colcon_meta']
[0.202s] Level 1:colcon.colcon_core.package_identification:_identify(ign_models/Office Desk) by extension 'colcon_meta'
[0.202s] Level 1:colcon.colcon_core.package_identification:_identify(ign_models/Office Desk) by extensions ['ros']
[0.202s] Level 1:colcon.colcon_core.package_identification:_identify(ign_models/Office Desk) by extension 'ros'
[0.202s] Level 1:colcon.colcon_core.package_identification:_identify(ign_models/Office Desk) by extensions ['cmake', 'python']
[0.202s] Level 1:colcon.colcon_core.package_identification:_identify(ign_models/Office Desk) by extension 'cmake'
[0.202s] Level 1:colcon.colcon_core.package_identification:_identify(ign_models/Office Desk) by extension 'python'
[0.202s] Level 1:colcon.colcon_core.package_identification:_identify(ign_models/Office Desk) by extensions ['python_setup_py']
[0.202s] Level 1:colcon.colcon_core.package_identification:_identify(ign_models/Office Desk) by extension 'python_setup_py'
[0.202s] Level 1:colcon.colcon_core.package_identification:_identify(ign_models/Office Desk/materials) by extensions ['ignore', 'ignore_ament_install']
[0.202s] Level 1:colcon.colcon_core.package_identification:_identify(ign_models/Office Desk/materials) by extension 'ignore'
[0.202s] Level 1:colcon.colcon_core.package_identification:_identify(ign_models/Office Desk/materials) by extension 'ignore_ament_install'
[0.202s] Level 1:colcon.colcon_core.package_identification:_identify(ign_models/Office Desk/materials) by extensions ['colcon_pkg']
[0.202s] Level 1:colcon.colcon_core.package_identification:_identify(ign_models/Office Desk/materials) by extension 'colcon_pkg'
[0.202s] Level 1:colcon.colcon_core.package_identification:_identify(ign_models/Office Desk/materials) by extensions ['colcon_meta']
[0.202s] Level 1:colcon.colcon_core.package_identification:_identify(ign_models/Office Desk/materials) by extension 'colcon_meta'
[0.202s] Level 1:colcon.colcon_core.package_identification:_identify(ign_models/Office Desk/materials) by extensions ['ros']
[0.202s] Level 1:colcon.colcon_core.package_identification:_identify(ign_models/Office Desk/materials) by extension 'ros'
[0.202s] Level 1:colcon.colcon_core.package_identification:_identify(ign_models/Office Desk/materials) by extensions ['cmake', 'python']
[0.202s] Level 1:colcon.colcon_core.package_identification:_identify(ign_models/Office Desk/materials) by extension 'cmake'
[0.202s] Level 1:colcon.colcon_core.package_identification:_identify(ign_models/Office Desk/materials) by extension 'python'
[0.202s] Level 1:colcon.colcon_core.package_identification:_identify(ign_models/Office Desk/materials) by extensions ['python_setup_py']
[0.202s] Level 1:colcon.colcon_core.package_identification:_identify(ign_models/Office Desk/materials) by extension 'python_setup_py'
[0.202s] Level 1:colcon.colcon_core.package_identification:_identify(ign_models/Office Desk/materials/textures) by extensions ['ignore', 'ignore_ament_install']
[0.202s] Level 1:colcon.colcon_core.package_identification:_identify(ign_models/Office Desk/materials/textures) by extension 'ignore'
[0.202s] Level 1:colcon.colcon_core.package_identification:_identify(ign_models/Office Desk/materials/textures) by extension 'ignore_ament_install'
[0.202s] Level 1:colcon.colcon_core.package_identification:_identify(ign_models/Office Desk/materials/textures) by extensions ['colcon_pkg']
[0.202s] Level 1:colcon.colcon_core.package_identification:_identify(ign_models/Office Desk/materials/textures) by extension 'colcon_pkg'
[0.203s] Level 1:colcon.colcon_core.package_identification:_identify(ign_models/Office Desk/materials/textures) by extensions ['colcon_meta']
[0.203s] Level 1:colcon.colcon_core.package_identification:_identify(ign_models/Office Desk/materials/textures) by extension 'colcon_meta'
[0.203s] Level 1:colcon.colcon_core.package_identification:_identify(ign_models/Office Desk/materials/textures) by extensions ['ros']
[0.203s] Level 1:colcon.colcon_core.package_identification:_identify(ign_models/Office Desk/materials/textures) by extension 'ros'
[0.203s] Level 1:colcon.colcon_core.package_identification:_identify(ign_models/Office Desk/materials/textures) by extensions ['cmake', 'python']
[0.203s] Level 1:colcon.colcon_core.package_identification:_identify(ign_models/Office Desk/materials/textures) by extension 'cmake'
[0.203s] Level 1:colcon.colcon_core.package_identification:_identify(ign_models/Office Desk/materials/textures) by extension 'python'
[0.203s] Level 1:colcon.colcon_core.package_identification:_identify(ign_models/Office Desk/materials/textures) by extensions ['python_setup_py']
[0.203s] Level 1:colcon.colcon_core.package_identification:_identify(ign_models/Office Desk/materials/textures) by extension 'python_setup_py'
[0.203s] Level 1:colcon.colcon_core.package_identification:_identify(ign_models/Office Desk/meshes) by extensions ['ignore', 'ignore_ament_install']
[0.203s] Level 1:colcon.colcon_core.package_identification:_identify(ign_models/Office Desk/meshes) by extension 'ignore'
[0.203s] Level 1:colcon.colcon_core.package_identification:_identify(ign_models/Office Desk/meshes) by extension 'ignore_ament_install'
[0.203s] Level 1:colcon.colcon_core.package_identification:_identify(ign_models/Office Desk/meshes) by extensions ['colcon_pkg']
[0.203s] Level 1:colcon.colcon_core.package_identification:_identify(ign_models/Office Desk/meshes) by extension 'colcon_pkg'
[0.203s] Level 1:colcon.colcon_core.package_identification:_identify(ign_models/Office Desk/meshes) by extensions ['colcon_meta']
[0.203s] Level 1:colcon.colcon_core.package_identification:_identify(ign_models/Office Desk/meshes) by extension 'colcon_meta'
[0.203s] Level 1:colcon.colcon_core.package_identification:_identify(ign_models/Office Desk/meshes) by extensions ['ros']
[0.203s] Level 1:colcon.colcon_core.package_identification:_identify(ign_models/Office Desk/meshes) by extension 'ros'
[0.203s] Level 1:colcon.colcon_core.package_identification:_identify(ign_models/Office Desk/meshes) by extensions ['cmake', 'python']
[0.203s] Level 1:colcon.colcon_core.package_identification:_identify(ign_models/Office Desk/meshes) by extension 'cmake'
[0.203s] Level 1:colcon.colcon_core.package_identification:_identify(ign_models/Office Desk/meshes) by extension 'python'
[0.203s] Level 1:colcon.colcon_core.package_identification:_identify(ign_models/Office Desk/meshes) by extensions ['python_setup_py']
[0.203s] Level 1:colcon.colcon_core.package_identification:_identify(ign_models/Office Desk/meshes) by extension 'python_setup_py'
[0.203s] Level 1:colcon.colcon_core.package_identification:_identify(ign_models/Office Desk/thumbnails) by extensions ['ignore', 'ignore_ament_install']
[0.203s] Level 1:colcon.colcon_core.package_identification:_identify(ign_models/Office Desk/thumbnails) by extension 'ignore'
[0.203s] Level 1:colcon.colcon_core.package_identification:_identify(ign_models/Office Desk/thumbnails) by extension 'ignore_ament_install'
[0.203s] Level 1:colcon.colcon_core.package_identification:_identify(ign_models/Office Desk/thumbnails) by extensions ['colcon_pkg']
[0.203s] Level 1:colcon.colcon_core.package_identification:_identify(ign_models/Office Desk/thumbnails) by extension 'colcon_pkg'
[0.203s] Level 1:colcon.colcon_core.package_identification:_identify(ign_models/Office Desk/thumbnails) by extensions ['colcon_meta']
[0.203s] Level 1:colcon.colcon_core.package_identification:_identify(ign_models/Office Desk/thumbnails) by extension 'colcon_meta'
[0.203s] Level 1:colcon.colcon_core.package_identification:_identify(ign_models/Office Desk/thumbnails) by extensions ['ros']
[0.203s] Level 1:colcon.colcon_core.package_identification:_identify(ign_models/Office Desk/thumbnails) by extension 'ros'
[0.203s] Level 1:colcon.colcon_core.package_identification:_identify(ign_models/Office Desk/thumbnails) by extensions ['cmake', 'python']
[0.203s] Level 1:colcon.colcon_core.package_identification:_identify(ign_models/Office Desk/thumbnails) by extension 'cmake'
[0.203s] Level 1:colcon.colcon_core.package_identification:_identify(ign_models/Office Desk/thumbnails) by extension 'python'
[0.203s] Level 1:colcon.colcon_core.package_identification:_identify(ign_models/Office Desk/thumbnails) by extensions ['python_setup_py']
[0.204s] Level 1:colcon.colcon_core.package_identification:_identify(ign_models/Office Desk/thumbnails) by extension 'python_setup_py'
[0.204s] Level 1:colcon.colcon_core.package_identification:_identify(ign_models/Pickup) by extensions ['ignore', 'ignore_ament_install']
[0.204s] Level 1:colcon.colcon_core.package_identification:_identify(ign_models/Pickup) by extension 'ignore'
[0.204s] Level 1:colcon.colcon_core.package_identification:_identify(ign_models/Pickup) by extension 'ignore_ament_install'
[0.204s] Level 1:colcon.colcon_core.package_identification:_identify(ign_models/Pickup) by extensions ['colcon_pkg']
[0.204s] Level 1:colcon.colcon_core.package_identification:_identify(ign_models/Pickup) by extension 'colcon_pkg'
[0.204s] Level 1:colcon.colcon_core.package_identification:_identify(ign_models/Pickup) by extensions ['colcon_meta']
[0.204s] Level 1:colcon.colcon_core.package_identification:_identify(ign_models/Pickup) by extension 'colcon_meta'
[0.204s] Level 1:colcon.colcon_core.package_identification:_identify(ign_models/Pickup) by extensions ['ros']
[0.204s] Level 1:colcon.colcon_core.package_identification:_identify(ign_models/Pickup) by extension 'ros'
[0.204s] Level 1:colcon.colcon_core.package_identification:_identify(ign_models/Pickup) by extensions ['cmake', 'python']
[0.204s] Level 1:colcon.colcon_core.package_identification:_identify(ign_models/Pickup) by extension 'cmake'
[0.204s] Level 1:colcon.colcon_core.package_identification:_identify(ign_models/Pickup) by extension 'python'
[0.204s] Level 1:colcon.colcon_core.package_identification:_identify(ign_models/Pickup) by extensions ['python_setup_py']
[0.204s] Level 1:colcon.colcon_core.package_identification:_identify(ign_models/Pickup) by extension 'python_setup_py'
[0.204s] Level 1:colcon.colcon_core.package_identification:_identify(ign_models/Pickup/materials) by extensions ['ignore', 'ignore_ament_install']
[0.204s] Level 1:colcon.colcon_core.package_identification:_identify(ign_models/Pickup/materials) by extension 'ignore'
[0.204s] Level 1:colcon.colcon_core.package_identification:_identify(ign_models/Pickup/materials) by extension 'ignore_ament_install'
[0.204s] Level 1:colcon.colcon_core.package_identification:_identify(ign_models/Pickup/materials) by extensions ['colcon_pkg']
[0.204s] Level 1:colcon.colcon_core.package_identification:_identify(ign_models/Pickup/materials) by extension 'colcon_pkg'
[0.204s] Level 1:colcon.colcon_core.package_identification:_identify(ign_models/Pickup/materials) by extensions ['colcon_meta']
[0.204s] Level 1:colcon.colcon_core.package_identification:_identify(ign_models/Pickup/materials) by extension 'colcon_meta'
[0.204s] Level 1:colcon.colcon_core.package_identification:_identify(ign_models/Pickup/materials) by extensions ['ros']
[0.204s] Level 1:colcon.colcon_core.package_identification:_identify(ign_models/Pickup/materials) by extension 'ros'
[0.204s] Level 1:colcon.colcon_core.package_identification:_identify(ign_models/Pickup/materials) by extensions ['cmake', 'python']
[0.204s] Level 1:colcon.colcon_core.package_identification:_identify(ign_models/Pickup/materials) by extension 'cmake'
[0.204s] Level 1:colcon.colcon_core.package_identification:_identify(ign_models/Pickup/materials) by extension 'python'
[0.204s] Level 1:colcon.colcon_core.package_identification:_identify(ign_models/Pickup/materials) by extensions ['python_setup_py']
[0.204s] Level 1:colcon.colcon_core.package_identification:_identify(ign_models/Pickup/materials) by extension 'python_setup_py'
[0.204s] Level 1:colcon.colcon_core.package_identification:_identify(ign_models/Pickup/materials/textures) by extensions ['ignore', 'ignore_ament_install']
[0.204s] Level 1:colcon.colcon_core.package_identification:_identify(ign_models/Pickup/materials/textures) by extension 'ignore'
[0.204s] Level 1:colcon.colcon_core.package_identification:_identify(ign_models/Pickup/materials/textures) by extension 'ignore_ament_install'
[0.204s] Level 1:colcon.colcon_core.package_identification:_identify(ign_models/Pickup/materials/textures) by extensions ['colcon_pkg']
[0.205s] Level 1:colcon.colcon_core.package_identification:_identify(ign_models/Pickup/materials/textures) by extension 'colcon_pkg'
[0.205s] Level 1:colcon.colcon_core.package_identification:_identify(ign_models/Pickup/materials/textures) by extensions ['colcon_meta']
[0.205s] Level 1:colcon.colcon_core.package_identification:_identify(ign_models/Pickup/materials/textures) by extension 'colcon_meta'
[0.205s] Level 1:colcon.colcon_core.package_identification:_identify(ign_models/Pickup/materials/textures) by extensions ['ros']
[0.205s] Level 1:colcon.colcon_core.package_identification:_identify(ign_models/Pickup/materials/textures) by extension 'ros'
[0.205s] Level 1:colcon.colcon_core.package_identification:_identify(ign_models/Pickup/materials/textures) by extensions ['cmake', 'python']
[0.205s] Level 1:colcon.colcon_core.package_identification:_identify(ign_models/Pickup/materials/textures) by extension 'cmake'
[0.205s] Level 1:colcon.colcon_core.package_identification:_identify(ign_models/Pickup/materials/textures) by extension 'python'
[0.205s] Level 1:colcon.colcon_core.package_identification:_identify(ign_models/Pickup/materials/textures) by extensions ['python_setup_py']
[0.205s] Level 1:colcon.colcon_core.package_identification:_identify(ign_models/Pickup/materials/textures) by extension 'python_setup_py'
[0.205s] Level 1:colcon.colcon_core.package_identification:_identify(ign_models/Pickup/meshes) by extensions ['ignore', 'ignore_ament_install']
[0.205s] Level 1:colcon.colcon_core.package_identification:_identify(ign_models/Pickup/meshes) by extension 'ignore'
[0.205s] Level 1:colcon.colcon_core.package_identification:_identify(ign_models/Pickup/meshes) by extension 'ignore_ament_install'
[0.205s] Level 1:colcon.colcon_core.package_identification:_identify(ign_models/Pickup/meshes) by extensions ['colcon_pkg']
[0.205s] Level 1:colcon.colcon_core.package_identification:_identify(ign_models/Pickup/meshes) by extension 'colcon_pkg'
[0.205s] Level 1:colcon.colcon_core.package_identification:_identify(ign_models/Pickup/meshes) by extensions ['colcon_meta']
[0.205s] Level 1:colcon.colcon_core.package_identification:_identify(ign_models/Pickup/meshes) by extension 'colcon_meta'
[0.205s] Level 1:colcon.colcon_core.package_identification:_identify(ign_models/Pickup/meshes) by extensions ['ros']
[0.205s] Level 1:colcon.colcon_core.package_identification:_identify(ign_models/Pickup/meshes) by extension 'ros'
[0.205s] Level 1:colcon.colcon_core.package_identification:_identify(ign_models/Pickup/meshes) by extensions ['cmake', 'python']
[0.205s] Level 1:colcon.colcon_core.package_identification:_identify(ign_models/Pickup/meshes) by extension 'cmake'
[0.205s] Level 1:colcon.colcon_core.package_identification:_identify(ign_models/Pickup/meshes) by extension 'python'
[0.205s] Level 1:colcon.colcon_core.package_identification:_identify(ign_models/Pickup/meshes) by extensions ['python_setup_py']
[0.205s] Level 1:colcon.colcon_core.package_identification:_identify(ign_models/Pickup/meshes) by extension 'python_setup_py'
[0.205s] Level 1:colcon.colcon_core.package_identification:_identify(ign_models/Pickup/thumbnails) by extensions ['ignore', 'ignore_ament_install']
[0.205s] Level 1:colcon.colcon_core.package_identification:_identify(ign_models/Pickup/thumbnails) by extension 'ignore'
[0.205s] Level 1:colcon.colcon_core.package_identification:_identify(ign_models/Pickup/thumbnails) by extension 'ignore_ament_install'
[0.205s] Level 1:colcon.colcon_core.package_identification:_identify(ign_models/Pickup/thumbnails) by extensions ['colcon_pkg']
[0.205s] Level 1:colcon.colcon_core.package_identification:_identify(ign_models/Pickup/thumbnails) by extension 'colcon_pkg'
[0.205s] Level 1:colcon.colcon_core.package_identification:_identify(ign_models/Pickup/thumbnails) by extensions ['colcon_meta']
[0.205s] Level 1:colcon.colcon_core.package_identification:_identify(ign_models/Pickup/thumbnails) by extension 'colcon_meta'
[0.205s] Level 1:colcon.colcon_core.package_identification:_identify(ign_models/Pickup/thumbnails) by extensions ['ros']
[0.205s] Level 1:colcon.colcon_core.package_identification:_identify(ign_models/Pickup/thumbnails) by extension 'ros'
[0.206s] Level 1:colcon.colcon_core.package_identification:_identify(ign_models/Pickup/thumbnails) by extensions ['cmake', 'python']
[0.206s] Level 1:colcon.colcon_core.package_identification:_identify(ign_models/Pickup/thumbnails) by extension 'cmake'
[0.206s] Level 1:colcon.colcon_core.package_identification:_identify(ign_models/Pickup/thumbnails) by extension 'python'
[0.206s] Level 1:colcon.colcon_core.package_identification:_identify(ign_models/Pickup/thumbnails) by extensions ['python_setup_py']
[0.206s] Level 1:colcon.colcon_core.package_identification:_identify(ign_models/Pickup/thumbnails) by extension 'python_setup_py'
[0.206s] Level 1:colcon.colcon_core.package_identification:_identify(ign_models/Sofa) by extensions ['ignore', 'ignore_ament_install']
[0.206s] Level 1:colcon.colcon_core.package_identification:_identify(ign_models/Sofa) by extension 'ignore'
[0.206s] Level 1:colcon.colcon_core.package_identification:_identify(ign_models/Sofa) by extension 'ignore_ament_install'
[0.206s] Level 1:colcon.colcon_core.package_identification:_identify(ign_models/Sofa) by extensions ['colcon_pkg']
[0.206s] Level 1:colcon.colcon_core.package_identification:_identify(ign_models/Sofa) by extension 'colcon_pkg'
[0.206s] Level 1:colcon.colcon_core.package_identification:_identify(ign_models/Sofa) by extensions ['colcon_meta']
[0.206s] Level 1:colcon.colcon_core.package_identification:_identify(ign_models/Sofa) by extension 'colcon_meta'
[0.206s] Level 1:colcon.colcon_core.package_identification:_identify(ign_models/Sofa) by extensions ['ros']
[0.206s] Level 1:colcon.colcon_core.package_identification:_identify(ign_models/Sofa) by extension 'ros'
[0.206s] Level 1:colcon.colcon_core.package_identification:_identify(ign_models/Sofa) by extensions ['cmake', 'python']
[0.206s] Level 1:colcon.colcon_core.package_identification:_identify(ign_models/Sofa) by extension 'cmake'
[0.206s] Level 1:colcon.colcon_core.package_identification:_identify(ign_models/Sofa) by extension 'python'
[0.206s] Level 1:colcon.colcon_core.package_identification:_identify(ign_models/Sofa) by extensions ['python_setup_py']
[0.206s] Level 1:colcon.colcon_core.package_identification:_identify(ign_models/Sofa) by extension 'python_setup_py'
[0.206s] Level 1:colcon.colcon_core.package_identification:_identify(ign_models/Sofa/meshes) by extensions ['ignore', 'ignore_ament_install']
[0.206s] Level 1:colcon.colcon_core.package_identification:_identify(ign_models/Sofa/meshes) by extension 'ignore'
[0.206s] Level 1:colcon.colcon_core.package_identification:_identify(ign_models/Sofa/meshes) by extension 'ignore_ament_install'
[0.206s] Level 1:colcon.colcon_core.package_identification:_identify(ign_models/Sofa/meshes) by extensions ['colcon_pkg']
[0.206s] Level 1:colcon.colcon_core.package_identification:_identify(ign_models/Sofa/meshes) by extension 'colcon_pkg'
[0.206s] Level 1:colcon.colcon_core.package_identification:_identify(ign_models/Sofa/meshes) by extensions ['colcon_meta']
[0.206s] Level 1:colcon.colcon_core.package_identification:_identify(ign_models/Sofa/meshes) by extension 'colcon_meta'
[0.206s] Level 1:colcon.colcon_core.package_identification:_identify(ign_models/Sofa/meshes) by extensions ['ros']
[0.206s] Level 1:colcon.colcon_core.package_identification:_identify(ign_models/Sofa/meshes) by extension 'ros'
[0.207s] Level 1:colcon.colcon_core.package_identification:_identify(ign_models/Sofa/meshes) by extensions ['cmake', 'python']
[0.207s] Level 1:colcon.colcon_core.package_identification:_identify(ign_models/Sofa/meshes) by extension 'cmake'
[0.207s] Level 1:colcon.colcon_core.package_identification:_identify(ign_models/Sofa/meshes) by extension 'python'
[0.207s] Level 1:colcon.colcon_core.package_identification:_identify(ign_models/Sofa/meshes) by extensions ['python_setup_py']
[0.207s] Level 1:colcon.colcon_core.package_identification:_identify(ign_models/Sofa/meshes) by extension 'python_setup_py'
[0.207s] Level 1:colcon.colcon_core.package_identification:_identify(ign_models/Sofa/thumbnails) by extensions ['ignore', 'ignore_ament_install']
[0.207s] Level 1:colcon.colcon_core.package_identification:_identify(ign_models/Sofa/thumbnails) by extension 'ignore'
[0.207s] Level 1:colcon.colcon_core.package_identification:_identify(ign_models/Sofa/thumbnails) by extension 'ignore_ament_install'
[0.207s] Level 1:colcon.colcon_core.package_identification:_identify(ign_models/Sofa/thumbnails) by extensions ['colcon_pkg']
[0.207s] Level 1:colcon.colcon_core.package_identification:_identify(ign_models/Sofa/thumbnails) by extension 'colcon_pkg'
[0.207s] Level 1:colcon.colcon_core.package_identification:_identify(ign_models/Sofa/thumbnails) by extensions ['colcon_meta']
[0.207s] Level 1:colcon.colcon_core.package_identification:_identify(ign_models/Sofa/thumbnails) by extension 'colcon_meta'
[0.207s] Level 1:colcon.colcon_core.package_identification:_identify(ign_models/Sofa/thumbnails) by extensions ['ros']
[0.207s] Level 1:colcon.colcon_core.package_identification:_identify(ign_models/Sofa/thumbnails) by extension 'ros'
[0.207s] Level 1:colcon.colcon_core.package_identification:_identify(ign_models/Sofa/thumbnails) by extensions ['cmake', 'python']
[0.207s] Level 1:colcon.colcon_core.package_identification:_identify(ign_models/Sofa/thumbnails) by extension 'cmake'
[0.207s] Level 1:colcon.colcon_core.package_identification:_identify(ign_models/Sofa/thumbnails) by extension 'python'
[0.207s] Level 1:colcon.colcon_core.package_identification:_identify(ign_models/Sofa/thumbnails) by extensions ['python_setup_py']
[0.207s] Level 1:colcon.colcon_core.package_identification:_identify(ign_models/Sofa/thumbnails) by extension 'python_setup_py'
[0.207s] Level 1:colcon.colcon_core.package_identification:_identify(ign_models/Vanity) by extensions ['ignore', 'ignore_ament_install']
[0.207s] Level 1:colcon.colcon_core.package_identification:_identify(ign_models/Vanity) by extension 'ignore'
[0.207s] Level 1:colcon.colcon_core.package_identification:_identify(ign_models/Vanity) by extension 'ignore_ament_install'
[0.207s] Level 1:colcon.colcon_core.package_identification:_identify(ign_models/Vanity) by extensions ['colcon_pkg']
[0.207s] Level 1:colcon.colcon_core.package_identification:_identify(ign_models/Vanity) by extension 'colcon_pkg'
[0.207s] Level 1:colcon.colcon_core.package_identification:_identify(ign_models/Vanity) by extensions ['colcon_meta']
[0.207s] Level 1:colcon.colcon_core.package_identification:_identify(ign_models/Vanity) by extension 'colcon_meta'
[0.207s] Level 1:colcon.colcon_core.package_identification:_identify(ign_models/Vanity) by extensions ['ros']
[0.207s] Level 1:colcon.colcon_core.package_identification:_identify(ign_models/Vanity) by extension 'ros'
[0.208s] Level 1:colcon.colcon_core.package_identification:_identify(ign_models/Vanity) by extensions ['cmake', 'python']
[0.208s] Level 1:colcon.colcon_core.package_identification:_identify(ign_models/Vanity) by extension 'cmake'
[0.208s] Level 1:colcon.colcon_core.package_identification:_identify(ign_models/Vanity) by extension 'python'
[0.208s] Level 1:colcon.colcon_core.package_identification:_identify(ign_models/Vanity) by extensions ['python_setup_py']
[0.208s] Level 1:colcon.colcon_core.package_identification:_identify(ign_models/Vanity) by extension 'python_setup_py'
[0.208s] Level 1:colcon.colcon_core.package_identification:_identify(ign_models/Vanity/materials) by extensions ['ignore', 'ignore_ament_install']
[0.208s] Level 1:colcon.colcon_core.package_identification:_identify(ign_models/Vanity/materials) by extension 'ignore'
[0.208s] Level 1:colcon.colcon_core.package_identification:_identify(ign_models/Vanity/materials) by extension 'ignore_ament_install'
[0.208s] Level 1:colcon.colcon_core.package_identification:_identify(ign_models/Vanity/materials) by extensions ['colcon_pkg']
[0.208s] Level 1:colcon.colcon_core.package_identification:_identify(ign_models/Vanity/materials) by extension 'colcon_pkg'
[0.208s] Level 1:colcon.colcon_core.package_identification:_identify(ign_models/Vanity/materials) by extensions ['colcon_meta']
[0.208s] Level 1:colcon.colcon_core.package_identification:_identify(ign_models/Vanity/materials) by extension 'colcon_meta'
[0.208s] Level 1:colcon.colcon_core.package_identification:_identify(ign_models/Vanity/materials) by extensions ['ros']
[0.208s] Level 1:colcon.colcon_core.package_identification:_identify(ign_models/Vanity/materials) by extension 'ros'
[0.208s] Level 1:colcon.colcon_core.package_identification:_identify(ign_models/Vanity/materials) by extensions ['cmake', 'python']
[0.208s] Level 1:colcon.colcon_core.package_identification:_identify(ign_models/Vanity/materials) by extension 'cmake'
[0.208s] Level 1:colcon.colcon_core.package_identification:_identify(ign_models/Vanity/materials) by extension 'python'
[0.208s] Level 1:colcon.colcon_core.package_identification:_identify(ign_models/Vanity/materials) by extensions ['python_setup_py']
[0.208s] Level 1:colcon.colcon_core.package_identification:_identify(ign_models/Vanity/materials) by extension 'python_setup_py'
[0.208s] Level 1:colcon.colcon_core.package_identification:_identify(ign_models/Vanity/materials/textures) by extensions ['ignore', 'ignore_ament_install']
[0.208s] Level 1:colcon.colcon_core.package_identification:_identify(ign_models/Vanity/materials/textures) by extension 'ignore'
[0.208s] Level 1:colcon.colcon_core.package_identification:_identify(ign_models/Vanity/materials/textures) by extension 'ignore_ament_install'
[0.208s] Level 1:colcon.colcon_core.package_identification:_identify(ign_models/Vanity/materials/textures) by extensions ['colcon_pkg']
[0.208s] Level 1:colcon.colcon_core.package_identification:_identify(ign_models/Vanity/materials/textures) by extension 'colcon_pkg'
[0.208s] Level 1:colcon.colcon_core.package_identification:_identify(ign_models/Vanity/materials/textures) by extensions ['colcon_meta']
[0.208s] Level 1:colcon.colcon_core.package_identification:_identify(ign_models/Vanity/materials/textures) by extension 'colcon_meta'
[0.208s] Level 1:colcon.colcon_core.package_identification:_identify(ign_models/Vanity/materials/textures) by extensions ['ros']
[0.208s] Level 1:colcon.colcon_core.package_identification:_identify(ign_models/Vanity/materials/textures) by extension 'ros'
[0.208s] Level 1:colcon.colcon_core.package_identification:_identify(ign_models/Vanity/materials/textures) by extensions ['cmake', 'python']
[0.208s] Level 1:colcon.colcon_core.package_identification:_identify(ign_models/Vanity/materials/textures) by extension 'cmake'
[0.209s] Level 1:colcon.colcon_core.package_identification:_identify(ign_models/Vanity/materials/textures) by extension 'python'
[0.209s] Level 1:colcon.colcon_core.package_identification:_identify(ign_models/Vanity/materials/textures) by extensions ['python_setup_py']
[0.209s] Level 1:colcon.colcon_core.package_identification:_identify(ign_models/Vanity/materials/textures) by extension 'python_setup_py'
[0.209s] Level 1:colcon.colcon_core.package_identification:_identify(ign_models/Vanity/meshes) by extensions ['ignore', 'ignore_ament_install']
[0.209s] Level 1:colcon.colcon_core.package_identification:_identify(ign_models/Vanity/meshes) by extension 'ignore'
[0.209s] Level 1:colcon.colcon_core.package_identification:_identify(ign_models/Vanity/meshes) by extension 'ignore_ament_install'
[0.209s] Level 1:colcon.colcon_core.package_identification:_identify(ign_models/Vanity/meshes) by extensions ['colcon_pkg']
[0.209s] Level 1:colcon.colcon_core.package_identification:_identify(ign_models/Vanity/meshes) by extension 'colcon_pkg'
[0.209s] Level 1:colcon.colcon_core.package_identification:_identify(ign_models/Vanity/meshes) by extensions ['colcon_meta']
[0.209s] Level 1:colcon.colcon_core.package_identification:_identify(ign_models/Vanity/meshes) by extension 'colcon_meta'
[0.209s] Level 1:colcon.colcon_core.package_identification:_identify(ign_models/Vanity/meshes) by extensions ['ros']
[0.209s] Level 1:colcon.colcon_core.package_identification:_identify(ign_models/Vanity/meshes) by extension 'ros'
[0.209s] Level 1:colcon.colcon_core.package_identification:_identify(ign_models/Vanity/meshes) by extensions ['cmake', 'python']
[0.209s] Level 1:colcon.colcon_core.package_identification:_identify(ign_models/Vanity/meshes) by extension 'cmake'
[0.209s] Level 1:colcon.colcon_core.package_identification:_identify(ign_models/Vanity/meshes) by extension 'python'
[0.209s] Level 1:colcon.colcon_core.package_identification:_identify(ign_models/Vanity/meshes) by extensions ['python_setup_py']
[0.209s] Level 1:colcon.colcon_core.package_identification:_identify(ign_models/Vanity/meshes) by extension 'python_setup_py'
[0.209s] Level 1:colcon.colcon_core.package_identification:_identify(ign_models/Vanity/thumbnails) by extensions ['ignore', 'ignore_ament_install']
[0.209s] Level 1:colcon.colcon_core.package_identification:_identify(ign_models/Vanity/thumbnails) by extension 'ignore'
[0.209s] Level 1:colcon.colcon_core.package_identification:_identify(ign_models/Vanity/thumbnails) by extension 'ignore_ament_install'
[0.209s] Level 1:colcon.colcon_core.package_identification:_identify(ign_models/Vanity/thumbnails) by extensions ['colcon_pkg']
[0.209s] Level 1:colcon.colcon_core.package_identification:_identify(ign_models/Vanity/thumbnails) by extension 'colcon_pkg'
[0.209s] Level 1:colcon.colcon_core.package_identification:_identify(ign_models/Vanity/thumbnails) by extensions ['colcon_meta']
[0.209s] Level 1:colcon.colcon_core.package_identification:_identify(ign_models/Vanity/thumbnails) by extension 'colcon_meta'
[0.209s] Level 1:colcon.colcon_core.package_identification:_identify(ign_models/Vanity/thumbnails) by extensions ['ros']
[0.209s] Level 1:colcon.colcon_core.package_identification:_identify(ign_models/Vanity/thumbnails) by extension 'ros'
[0.209s] Level 1:colcon.colcon_core.package_identification:_identify(ign_models/Vanity/thumbnails) by extensions ['cmake', 'python']
[0.209s] Level 1:colcon.colcon_core.package_identification:_identify(ign_models/Vanity/thumbnails) by extension 'cmake'
[0.209s] Level 1:colcon.colcon_core.package_identification:_identify(ign_models/Vanity/thumbnails) by extension 'python'
[0.209s] Level 1:colcon.colcon_core.package_identification:_identify(ign_models/Vanity/thumbnails) by extensions ['python_setup_py']
[0.209s] Level 1:colcon.colcon_core.package_identification:_identify(ign_models/Vanity/thumbnails) by extension 'python_setup_py'
[0.210s] Level 1:colcon.colcon_core.package_identification:_identify(ign_models/mycar_description) by extensions ['ignore', 'ignore_ament_install']
[0.210s] Level 1:colcon.colcon_core.package_identification:_identify(ign_models/mycar_description) by extension 'ignore'
[0.210s] Level 1:colcon.colcon_core.package_identification:_identify(ign_models/mycar_description) by extension 'ignore_ament_install'
[0.210s] Level 1:colcon.colcon_core.package_identification:_identify(ign_models/mycar_description) by extensions ['colcon_pkg']
[0.210s] Level 1:colcon.colcon_core.package_identification:_identify(ign_models/mycar_description) by extension 'colcon_pkg'
[0.210s] Level 1:colcon.colcon_core.package_identification:_identify(ign_models/mycar_description) by extensions ['colcon_meta']
[0.210s] Level 1:colcon.colcon_core.package_identification:_identify(ign_models/mycar_description) by extension 'colcon_meta'
[0.210s] Level 1:colcon.colcon_core.package_identification:_identify(ign_models/mycar_description) by extensions ['ros']
[0.210s] Level 1:colcon.colcon_core.package_identification:_identify(ign_models/mycar_description) by extension 'ros'
[0.210s] Level 1:colcon.colcon_core.package_identification:_identify(ign_models/mycar_description) by extensions ['cmake', 'python']
[0.210s] Level 1:colcon.colcon_core.package_identification:_identify(ign_models/mycar_description) by extension 'cmake'
[0.210s] Level 1:colcon.colcon_core.package_identification:_identify(ign_models/mycar_description) by extension 'python'
[0.210s] Level 1:colcon.colcon_core.package_identification:_identify(ign_models/mycar_description) by extensions ['python_setup_py']
[0.210s] Level 1:colcon.colcon_core.package_identification:_identify(ign_models/mycar_description) by extension 'python_setup_py'
[0.210s] Level 1:colcon.colcon_core.package_identification:_identify(ign_models/mycar_description/mesh) by extensions ['ignore', 'ignore_ament_install']
[0.210s] Level 1:colcon.colcon_core.package_identification:_identify(ign_models/mycar_description/mesh) by extension 'ignore'
[0.210s] Level 1:colcon.colcon_core.package_identification:_identify(ign_models/mycar_description/mesh) by extension 'ignore_ament_install'
[0.210s] Level 1:colcon.colcon_core.package_identification:_identify(ign_models/mycar_description/mesh) by extensions ['colcon_pkg']
[0.210s] Level 1:colcon.colcon_core.package_identification:_identify(ign_models/mycar_description/mesh) by extension 'colcon_pkg'
[0.210s] Level 1:colcon.colcon_core.package_identification:_identify(ign_models/mycar_description/mesh) by extensions ['colcon_meta']
[0.210s] Level 1:colcon.colcon_core.package_identification:_identify(ign_models/mycar_description/mesh) by extension 'colcon_meta'
[0.210s] Level 1:colcon.colcon_core.package_identification:_identify(ign_models/mycar_description/mesh) by extensions ['ros']
[0.210s] Level 1:colcon.colcon_core.package_identification:_identify(ign_models/mycar_description/mesh) by extension 'ros'
[0.210s] Level 1:colcon.colcon_core.package_identification:_identify(ign_models/mycar_description/mesh) by extensions ['cmake', 'python']
[0.210s] Level 1:colcon.colcon_core.package_identification:_identify(ign_models/mycar_description/mesh) by extension 'cmake'
[0.210s] Level 1:colcon.colcon_core.package_identification:_identify(ign_models/mycar_description/mesh) by extension 'python'
[0.210s] Level 1:colcon.colcon_core.package_identification:_identify(ign_models/mycar_description/mesh) by extensions ['python_setup_py']
[0.210s] Level 1:colcon.colcon_core.package_identification:_identify(ign_models/mycar_description/mesh) by extension 'python_setup_py'
[0.210s] Level 1:colcon.colcon_core.package_identification:_identify(ign_models/mycar_description_detailed) by extensions ['ignore', 'ignore_ament_install']
[0.211s] Level 1:colcon.colcon_core.package_identification:_identify(ign_models/mycar_description_detailed) by extension 'ignore'
[0.211s] Level 1:colcon.colcon_core.package_identification:_identify(ign_models/mycar_description_detailed) by extension 'ignore_ament_install'
[0.211s] Level 1:colcon.colcon_core.package_identification:_identify(ign_models/mycar_description_detailed) by extensions ['colcon_pkg']
[0.211s] Level 1:colcon.colcon_core.package_identification:_identify(ign_models/mycar_description_detailed) by extension 'colcon_pkg'
[0.211s] Level 1:colcon.colcon_core.package_identification:_identify(ign_models/mycar_description_detailed) by extensions ['colcon_meta']
[0.211s] Level 1:colcon.colcon_core.package_identification:_identify(ign_models/mycar_description_detailed) by extension 'colcon_meta'
[0.211s] Level 1:colcon.colcon_core.package_identification:_identify(ign_models/mycar_description_detailed) by extensions ['ros']
[0.211s] Level 1:colcon.colcon_core.package_identification:_identify(ign_models/mycar_description_detailed) by extension 'ros'
[0.211s] Level 1:colcon.colcon_core.package_identification:_identify(ign_models/mycar_description_detailed) by extensions ['cmake', 'python']
[0.211s] Level 1:colcon.colcon_core.package_identification:_identify(ign_models/mycar_description_detailed) by extension 'cmake'
[0.211s] Level 1:colcon.colcon_core.package_identification:_identify(ign_models/mycar_description_detailed) by extension 'python'
[0.211s] Level 1:colcon.colcon_core.package_identification:_identify(ign_models/mycar_description_detailed) by extensions ['python_setup_py']
[0.211s] Level 1:colcon.colcon_core.package_identification:_identify(ign_models/mycar_description_detailed) by extension 'python_setup_py'
[0.211s] Level 1:colcon.colcon_core.package_identification:_identify(ign_models/mycar_description_detailed/mesh) by extensions ['ignore', 'ignore_ament_install']
[0.211s] Level 1:colcon.colcon_core.package_identification:_identify(ign_models/mycar_description_detailed/mesh) by extension 'ignore'
[0.211s] Level 1:colcon.colcon_core.package_identification:_identify(ign_models/mycar_description_detailed/mesh) by extension 'ignore_ament_install'
[0.211s] Level 1:colcon.colcon_core.package_identification:_identify(ign_models/mycar_description_detailed/mesh) by extensions ['colcon_pkg']
[0.211s] Level 1:colcon.colcon_core.package_identification:_identify(ign_models/mycar_description_detailed/mesh) by extension 'colcon_pkg'
[0.211s] Level 1:colcon.colcon_core.package_identification:_identify(ign_models/mycar_description_detailed/mesh) by extensions ['colcon_meta']
[0.211s] Level 1:colcon.colcon_core.package_identification:_identify(ign_models/mycar_description_detailed/mesh) by extension 'colcon_meta'
[0.211s] Level 1:colcon.colcon_core.package_identification:_identify(ign_models/mycar_description_detailed/mesh) by extensions ['ros']
[0.211s] Level 1:colcon.colcon_core.package_identification:_identify(ign_models/mycar_description_detailed/mesh) by extension 'ros'
[0.211s] Level 1:colcon.colcon_core.package_identification:_identify(ign_models/mycar_description_detailed/mesh) by extensions ['cmake', 'python']
[0.211s] Level 1:colcon.colcon_core.package_identification:_identify(ign_models/mycar_description_detailed/mesh) by extension 'cmake'
[0.211s] Level 1:colcon.colcon_core.package_identification:_identify(ign_models/mycar_description_detailed/mesh) by extension 'python'
[0.211s] Level 1:colcon.colcon_core.package_identification:_identify(ign_models/mycar_description_detailed/mesh) by extensions ['python_setup_py']
[0.211s] Level 1:colcon.colcon_core.package_identification:_identify(ign_models/mycar_description_detailed/mesh) by extension 'python_setup_py'
[0.211s] Level 1:colcon.colcon_core.package_identification:_identify(ign_models/mycar_description_detailed/mesh/diff_2w) by extensions ['ignore', 'ignore_ament_install']
[0.211s] Level 1:colcon.colcon_core.package_identification:_identify(ign_models/mycar_description_detailed/mesh/diff_2w) by extension 'ignore'
[0.211s] Level 1:colcon.colcon_core.package_identification:_identify(ign_models/mycar_description_detailed/mesh/diff_2w) by extension 'ignore_ament_install'
[0.211s] Level 1:colcon.colcon_core.package_identification:_identify(ign_models/mycar_description_detailed/mesh/diff_2w) by extensions ['colcon_pkg']
[0.212s] Level 1:colcon.colcon_core.package_identification:_identify(ign_models/mycar_description_detailed/mesh/diff_2w) by extension 'colcon_pkg'
[0.212s] Level 1:colcon.colcon_core.package_identification:_identify(ign_models/mycar_description_detailed/mesh/diff_2w) by extensions ['colcon_meta']
[0.212s] Level 1:colcon.colcon_core.package_identification:_identify(ign_models/mycar_description_detailed/mesh/diff_2w) by extension 'colcon_meta'
[0.212s] Level 1:colcon.colcon_core.package_identification:_identify(ign_models/mycar_description_detailed/mesh/diff_2w) by extensions ['ros']
[0.212s] Level 1:colcon.colcon_core.package_identification:_identify(ign_models/mycar_description_detailed/mesh/diff_2w) by extension 'ros'
[0.212s] Level 1:colcon.colcon_core.package_identification:_identify(ign_models/mycar_description_detailed/mesh/diff_2w) by extensions ['cmake', 'python']
[0.212s] Level 1:colcon.colcon_core.package_identification:_identify(ign_models/mycar_description_detailed/mesh/diff_2w) by extension 'cmake'
[0.212s] Level 1:colcon.colcon_core.package_identification:_identify(ign_models/mycar_description_detailed/mesh/diff_2w) by extension 'python'
[0.212s] Level 1:colcon.colcon_core.package_identification:_identify(ign_models/mycar_description_detailed/mesh/diff_2w) by extensions ['python_setup_py']
[0.212s] Level 1:colcon.colcon_core.package_identification:_identify(ign_models/mycar_description_detailed/mesh/diff_2w) by extension 'python_setup_py'
[0.212s] Level 1:colcon.colcon_core.package_identification:_identify(ign_models/mycar_description_detailed/mesh/diff_4w) by extensions ['ignore', 'ignore_ament_install']
[0.212s] Level 1:colcon.colcon_core.package_identification:_identify(ign_models/mycar_description_detailed/mesh/diff_4w) by extension 'ignore'
[0.212s] Level 1:colcon.colcon_core.package_identification:_identify(ign_models/mycar_description_detailed/mesh/diff_4w) by extension 'ignore_ament_install'
[0.212s] Level 1:colcon.colcon_core.package_identification:_identify(ign_models/mycar_description_detailed/mesh/diff_4w) by extensions ['colcon_pkg']
[0.212s] Level 1:colcon.colcon_core.package_identification:_identify(ign_models/mycar_description_detailed/mesh/diff_4w) by extension 'colcon_pkg'
[0.212s] Level 1:colcon.colcon_core.package_identification:_identify(ign_models/mycar_description_detailed/mesh/diff_4w) by extensions ['colcon_meta']
[0.212s] Level 1:colcon.colcon_core.package_identification:_identify(ign_models/mycar_description_detailed/mesh/diff_4w) by extension 'colcon_meta'
[0.212s] Level 1:colcon.colcon_core.package_identification:_identify(ign_models/mycar_description_detailed/mesh/diff_4w) by extensions ['ros']
[0.212s] Level 1:colcon.colcon_core.package_identification:_identify(ign_models/mycar_description_detailed/mesh/diff_4w) by extension 'ros'
[0.212s] Level 1:colcon.colcon_core.package_identification:_identify(ign_models/mycar_description_detailed/mesh/diff_4w) by extensions ['cmake', 'python']
[0.212s] Level 1:colcon.colcon_core.package_identification:_identify(ign_models/mycar_description_detailed/mesh/diff_4w) by extension 'cmake'
[0.212s] Level 1:colcon.colcon_core.package_identification:_identify(ign_models/mycar_description_detailed/mesh/diff_4w) by extension 'python'
[0.212s] Level 1:colcon.colcon_core.package_identification:_identify(ign_models/mycar_description_detailed/mesh/diff_4w) by extensions ['python_setup_py']
[0.212s] Level 1:colcon.colcon_core.package_identification:_identify(ign_models/mycar_description_detailed/mesh/diff_4w) by extension 'python_setup_py'
[0.212s] Level 1:colcon.colcon_core.package_identification:_identify(install) by extensions ['ignore', 'ignore_ament_install']
[0.212s] Level 1:colcon.colcon_core.package_identification:_identify(install) by extension 'ignore'
[0.212s] Level 1:colcon.colcon_core.package_identification:_identify(install) ignored
[0.212s] Level 1:colcon.colcon_core.package_identification:_identify(log) by extensions ['ignore', 'ignore_ament_install']
[0.213s] Level 1:colcon.colcon_core.package_identification:_identify(log) by extension 'ignore'
[0.213s] Level 1:colcon.colcon_core.package_identification:_identify(log) ignored
[0.213s] Level 1:colcon.colcon_core.package_identification:_identify(src) by extensions ['ignore', 'ignore_ament_install']
[0.213s] Level 1:colcon.colcon_core.package_identification:_identify(src) by extension 'ignore'
[0.213s] Level 1:colcon.colcon_core.package_identification:_identify(src) by extension 'ignore_ament_install'
[0.213s] Level 1:colcon.colcon_core.package_identification:_identify(src) by extensions ['colcon_pkg']
[0.213s] Level 1:colcon.colcon_core.package_identification:_identify(src) by extension 'colcon_pkg'
[0.213s] Level 1:colcon.colcon_core.package_identification:_identify(src) by extensions ['colcon_meta']
[0.213s] Level 1:colcon.colcon_core.package_identification:_identify(src) by extension 'colcon_meta'
[0.213s] Level 1:colcon.colcon_core.package_identification:_identify(src) by extensions ['ros']
[0.213s] Level 1:colcon.colcon_core.package_identification:_identify(src) by extension 'ros'
[0.213s] Level 1:colcon.colcon_core.package_identification:_identify(src) by extensions ['cmake', 'python']
[0.213s] Level 1:colcon.colcon_core.package_identification:_identify(src) by extension 'cmake'
[0.213s] Level 1:colcon.colcon_core.package_identification:_identify(src) by extension 'python'
[0.213s] Level 1:colcon.colcon_core.package_identification:_identify(src) by extensions ['python_setup_py']
[0.213s] Level 1:colcon.colcon_core.package_identification:_identify(src) by extension 'python_setup_py'
[0.213s] Level 1:colcon.colcon_core.package_identification:_identify(src/mycar) by extensions ['ignore', 'ignore_ament_install']
[0.213s] Level 1:colcon.colcon_core.package_identification:_identify(src/mycar) by extension 'ignore'
[0.213s] Level 1:colcon.colcon_core.package_identification:_identify(src/mycar) by extension 'ignore_ament_install'
[0.213s] Level 1:colcon.colcon_core.package_identification:_identify(src/mycar) by extensions ['colcon_pkg']
[0.213s] Level 1:colcon.colcon_core.package_identification:_identify(src/mycar) by extension 'colcon_pkg'
[0.213s] Level 1:colcon.colcon_core.package_identification:_identify(src/mycar) by extensions ['colcon_meta']
[0.213s] Level 1:colcon.colcon_core.package_identification:_identify(src/mycar) by extension 'colcon_meta'
[0.213s] Level 1:colcon.colcon_core.package_identification:_identify(src/mycar) by extensions ['ros']
[0.213s] Level 1:colcon.colcon_core.package_identification:_identify(src/mycar) by extension 'ros'
[0.213s] Level 1:colcon.colcon_core.package_identification:_identify(src/mycar) by extensions ['cmake', 'python']
[0.213s] Level 1:colcon.colcon_core.package_identification:_identify(src/mycar) by extension 'cmake'
[0.213s] Level 1:colcon.colcon_core.package_identification:_identify(src/mycar) by extension 'python'
[0.213s] Level 1:colcon.colcon_core.package_identification:_identify(src/mycar) by extensions ['python_setup_py']
[0.213s] Level 1:colcon.colcon_core.package_identification:_identify(src/mycar) by extension 'python_setup_py'
[0.214s] Level 1:colcon.colcon_core.package_identification:_identify(src/mycar/mycar_description) by extensions ['ignore', 'ignore_ament_install']
[0.214s] Level 1:colcon.colcon_core.package_identification:_identify(src/mycar/mycar_description) by extension 'ignore'
[0.214s] Level 1:colcon.colcon_core.package_identification:_identify(src/mycar/mycar_description) by extension 'ignore_ament_install'
[0.214s] Level 1:colcon.colcon_core.package_identification:_identify(src/mycar/mycar_description) by extensions ['colcon_pkg']
[0.214s] Level 1:colcon.colcon_core.package_identification:_identify(src/mycar/mycar_description) by extension 'colcon_pkg'
[0.214s] Level 1:colcon.colcon_core.package_identification:_identify(src/mycar/mycar_description) by extensions ['colcon_meta']
[0.214s] Level 1:colcon.colcon_core.package_identification:_identify(src/mycar/mycar_description) by extension 'colcon_meta'
[0.214s] Level 1:colcon.colcon_core.package_identification:_identify(src/mycar/mycar_description) by extensions ['ros']
[0.214s] Level 1:colcon.colcon_core.package_identification:_identify(src/mycar/mycar_description) by extension 'ros'
[0.216s] DEBUG:colcon.colcon_core.package_identification:Package 'src/mycar/mycar_description' with type 'ros.ament_cmake' and name 'mycar_description'
[0.216s] Level 1:colcon.colcon_core.package_identification:_identify(src/mycar/mycar_description_detailed) by extensions ['ignore', 'ignore_ament_install']
[0.216s] Level 1:colcon.colcon_core.package_identification:_identify(src/mycar/mycar_description_detailed) by extension 'ignore'
[0.216s] Level 1:colcon.colcon_core.package_identification:_identify(src/mycar/mycar_description_detailed) by extension 'ignore_ament_install'
[0.216s] Level 1:colcon.colcon_core.package_identification:_identify(src/mycar/mycar_description_detailed) by extensions ['colcon_pkg']
[0.216s] Level 1:colcon.colcon_core.package_identification:_identify(src/mycar/mycar_description_detailed) by extension 'colcon_pkg'
[0.216s] Level 1:colcon.colcon_core.package_identification:_identify(src/mycar/mycar_description_detailed) by extensions ['colcon_meta']
[0.216s] Level 1:colcon.colcon_core.package_identification:_identify(src/mycar/mycar_description_detailed) by extension 'colcon_meta'
[0.216s] Level 1:colcon.colcon_core.package_identification:_identify(src/mycar/mycar_description_detailed) by extensions ['ros']
[0.216s] Level 1:colcon.colcon_core.package_identification:_identify(src/mycar/mycar_description_detailed) by extension 'ros'
[0.216s] DEBUG:colcon.colcon_core.package_identification:Package 'src/mycar/mycar_description_detailed' with type 'ros.ament_cmake' and name 'mycar_description_detailed'
[0.217s] Level 1:colcon.colcon_core.package_identification:_identify(src/sim_gazebo) by extensions ['ignore', 'ignore_ament_install']
[0.217s] Level 1:colcon.colcon_core.package_identification:_identify(src/sim_gazebo) by extension 'ignore'
[0.217s] Level 1:colcon.colcon_core.package_identification:_identify(src/sim_gazebo) by extension 'ignore_ament_install'
[0.217s] Level 1:colcon.colcon_core.package_identification:_identify(src/sim_gazebo) by extensions ['colcon_pkg']
[0.217s] Level 1:colcon.colcon_core.package_identification:_identify(src/sim_gazebo) by extension 'colcon_pkg'
[0.217s] Level 1:colcon.colcon_core.package_identification:_identify(src/sim_gazebo) by extensions ['colcon_meta']
[0.217s] Level 1:colcon.colcon_core.package_identification:_identify(src/sim_gazebo) by extension 'colcon_meta'
[0.217s] Level 1:colcon.colcon_core.package_identification:_identify(src/sim_gazebo) by extensions ['ros']
[0.217s] Level 1:colcon.colcon_core.package_identification:_identify(src/sim_gazebo) by extension 'ros'
[0.217s] Level 1:colcon.colcon_core.package_identification:_identify(src/sim_gazebo) by extensions ['cmake', 'python']
[0.217s] Level 1:colcon.colcon_core.package_identification:_identify(src/sim_gazebo) by extension 'cmake'
[0.217s] Level 1:colcon.colcon_core.package_identification:_identify(src/sim_gazebo) by extension 'python'
[0.217s] Level 1:colcon.colcon_core.package_identification:_identify(src/sim_gazebo) by extensions ['python_setup_py']
[0.217s] Level 1:colcon.colcon_core.package_identification:_identify(src/sim_gazebo) by extension 'python_setup_py'
[0.217s] Level 1:colcon.colcon_core.package_identification:_identify(src/sim_gazebo/bridge_ign) by extensions ['ignore', 'ignore_ament_install']
[0.217s] Level 1:colcon.colcon_core.package_identification:_identify(src/sim_gazebo/bridge_ign) by extension 'ignore'
[0.217s] Level 1:colcon.colcon_core.package_identification:_identify(src/sim_gazebo/bridge_ign) by extension 'ignore_ament_install'
[0.217s] Level 1:colcon.colcon_core.package_identification:_identify(src/sim_gazebo/bridge_ign) by extensions ['colcon_pkg']
[0.217s] Level 1:colcon.colcon_core.package_identification:_identify(src/sim_gazebo/bridge_ign) by extension 'colcon_pkg'
[0.217s] Level 1:colcon.colcon_core.package_identification:_identify(src/sim_gazebo/bridge_ign) by extensions ['colcon_meta']
[0.217s] Level 1:colcon.colcon_core.package_identification:_identify(src/sim_gazebo/bridge_ign) by extension 'colcon_meta'
[0.217s] Level 1:colcon.colcon_core.package_identification:_identify(src/sim_gazebo/bridge_ign) by extensions ['ros']
[0.217s] Level 1:colcon.colcon_core.package_identification:_identify(src/sim_gazebo/bridge_ign) by extension 'ros'
[0.218s] DEBUG:colcon.colcon_core.package_identification:Package 'src/sim_gazebo/bridge_ign' with type 'ros.ament_cmake' and name 'bridge_ign'
[0.218s] Level 1:colcon.colcon_core.package_identification:_identify(src/sim_gazebo/demo_gazebo_sim) by extensions ['ignore', 'ignore_ament_install']
[0.218s] Level 1:colcon.colcon_core.package_identification:_identify(src/sim_gazebo/demo_gazebo_sim) by extension 'ignore'
[0.218s] Level 1:colcon.colcon_core.package_identification:_identify(src/sim_gazebo/demo_gazebo_sim) by extension 'ignore_ament_install'
[0.218s] Level 1:colcon.colcon_core.package_identification:_identify(src/sim_gazebo/demo_gazebo_sim) by extensions ['colcon_pkg']
[0.218s] Level 1:colcon.colcon_core.package_identification:_identify(src/sim_gazebo/demo_gazebo_sim) by extension 'colcon_pkg'
[0.218s] Level 1:colcon.colcon_core.package_identification:_identify(src/sim_gazebo/demo_gazebo_sim) by extensions ['colcon_meta']
[0.218s] Level 1:colcon.colcon_core.package_identification:_identify(src/sim_gazebo/demo_gazebo_sim) by extension 'colcon_meta'
[0.218s] Level 1:colcon.colcon_core.package_identification:_identify(src/sim_gazebo/demo_gazebo_sim) by extensions ['ros']
[0.218s] Level 1:colcon.colcon_core.package_identification:_identify(src/sim_gazebo/demo_gazebo_sim) by extension 'ros'
[0.218s] DEBUG:colcon.colcon_core.package_identification:Package 'src/sim_gazebo/demo_gazebo_sim' with type 'ros.ament_cmake' and name 'demo_gazebo_sim'
[0.219s] Level 1:colcon.colcon_core.package_identification:_identify(src/sim_stage) by extensions ['ignore', 'ignore_ament_install']
[0.219s] Level 1:colcon.colcon_core.package_identification:_identify(src/sim_stage) by extension 'ignore'
[0.219s] Level 1:colcon.colcon_core.package_identification:_identify(src/sim_stage) by extension 'ignore_ament_install'
[0.219s] Level 1:colcon.colcon_core.package_identification:_identify(src/sim_stage) by extensions ['colcon_pkg']
[0.219s] Level 1:colcon.colcon_core.package_identification:_identify(src/sim_stage) by extension 'colcon_pkg'
[0.219s] Level 1:colcon.colcon_core.package_identification:_identify(src/sim_stage) by extensions ['colcon_meta']
[0.219s] Level 1:colcon.colcon_core.package_identification:_identify(src/sim_stage) by extension 'colcon_meta'
[0.219s] Level 1:colcon.colcon_core.package_identification:_identify(src/sim_stage) by extensions ['ros']
[0.219s] Level 1:colcon.colcon_core.package_identification:_identify(src/sim_stage) by extension 'ros'
[0.219s] Level 1:colcon.colcon_core.package_identification:_identify(src/sim_stage) by extensions ['cmake', 'python']
[0.219s] Level 1:colcon.colcon_core.package_identification:_identify(src/sim_stage) by extension 'cmake'
[0.219s] Level 1:colcon.colcon_core.package_identification:_identify(src/sim_stage) by extension 'python'
[0.219s] Level 1:colcon.colcon_core.package_identification:_identify(src/sim_stage) by extensions ['python_setup_py']
[0.219s] Level 1:colcon.colcon_core.package_identification:_identify(src/sim_stage) by extension 'python_setup_py'
[0.219s] Level 1:colcon.colcon_core.package_identification:_identify(src/sim_stage/Stage) by extensions ['ignore', 'ignore_ament_install']
[0.219s] Level 1:colcon.colcon_core.package_identification:_identify(src/sim_stage/Stage) by extension 'ignore'
[0.219s] Level 1:colcon.colcon_core.package_identification:_identify(src/sim_stage/Stage) by extension 'ignore_ament_install'
[0.219s] Level 1:colcon.colcon_core.package_identification:_identify(src/sim_stage/Stage) by extensions ['colcon_pkg']
[0.219s] Level 1:colcon.colcon_core.package_identification:_identify(src/sim_stage/Stage) by extension 'colcon_pkg'
[0.219s] Level 1:colcon.colcon_core.package_identification:_identify(src/sim_stage/Stage) by extensions ['colcon_meta']
[0.219s] Level 1:colcon.colcon_core.package_identification:_identify(src/sim_stage/Stage) by extension 'colcon_meta'
[0.219s] Level 1:colcon.colcon_core.package_identification:_identify(src/sim_stage/Stage) by extensions ['ros']
[0.219s] Level 1:colcon.colcon_core.package_identification:_identify(src/sim_stage/Stage) by extension 'ros'
[0.219s] Level 1:colcon.colcon_core.package_identification:_identify(src/sim_stage/Stage) by extensions ['cmake', 'python']
[0.219s] Level 1:colcon.colcon_core.package_identification:_identify(src/sim_stage/Stage) by extension 'cmake'
[0.219s] Level 1:colcon.colcon_core.package_identification:_identify(src/sim_stage/Stage) by extension 'python'
[0.219s] Level 1:colcon.colcon_core.package_identification:_identify(src/sim_stage/Stage) by extensions ['python_setup_py']
[0.219s] Level 1:colcon.colcon_core.package_identification:_identify(src/sim_stage/Stage) by extension 'python_setup_py'
[0.220s] Level 1:colcon.colcon_core.package_identification:_identify(src/sim_stage/Stage/Stage) by extensions ['ignore', 'ignore_ament_install']
[0.220s] Level 1:colcon.colcon_core.package_identification:_identify(src/sim_stage/Stage/Stage) by extension 'ignore'
[0.220s] Level 1:colcon.colcon_core.package_identification:_identify(src/sim_stage/Stage/Stage) by extension 'ignore_ament_install'
[0.220s] Level 1:colcon.colcon_core.package_identification:_identify(src/sim_stage/Stage/Stage) by extensions ['colcon_pkg']
[0.220s] Level 1:colcon.colcon_core.package_identification:_identify(src/sim_stage/Stage/Stage) by extension 'colcon_pkg'
[0.220s] Level 1:colcon.colcon_core.package_identification:_identify(src/sim_stage/Stage/Stage) by extensions ['colcon_meta']
[0.220s] Level 1:colcon.colcon_core.package_identification:_identify(src/sim_stage/Stage/Stage) by extension 'colcon_meta'
[0.220s] Level 1:colcon.colcon_core.package_identification:_identify(src/sim_stage/Stage/Stage) by extensions ['ros']
[0.220s] Level 1:colcon.colcon_core.package_identification:_identify(src/sim_stage/Stage/Stage) by extension 'ros'
[0.220s] Level 1:colcon.colcon_core.package_identification:_identify(src/sim_stage/Stage/Stage) by extensions ['cmake', 'python']
[0.220s] Level 1:colcon.colcon_core.package_identification:_identify(src/sim_stage/Stage/Stage) by extension 'cmake'
[0.222s] Level 1:colcon.colcon_core.package_identification:_identify(src/sim_stage/Stage/Stage) by extension 'python'
[0.222s] DEBUG:colcon.colcon_core.package_identification:Package 'src/sim_stage/Stage/Stage' with type 'cmake' and name 'Stage'
[0.222s] Level 1:colcon.colcon_core.package_identification:_identify(src/sim_stage/demo_stage_sim) by extensions ['ignore', 'ignore_ament_install']
[0.222s] Level 1:colcon.colcon_core.package_identification:_identify(src/sim_stage/demo_stage_sim) by extension 'ignore'
[0.222s] Level 1:colcon.colcon_core.package_identification:_identify(src/sim_stage/demo_stage_sim) by extension 'ignore_ament_install'
[0.223s] Level 1:colcon.colcon_core.package_identification:_identify(src/sim_stage/demo_stage_sim) by extensions ['colcon_pkg']
[0.223s] Level 1:colcon.colcon_core.package_identification:_identify(src/sim_stage/demo_stage_sim) by extension 'colcon_pkg'
[0.223s] Level 1:colcon.colcon_core.package_identification:_identify(src/sim_stage/demo_stage_sim) by extensions ['colcon_meta']
[0.223s] Level 1:colcon.colcon_core.package_identification:_identify(src/sim_stage/demo_stage_sim) by extension 'colcon_meta'
[0.223s] Level 1:colcon.colcon_core.package_identification:_identify(src/sim_stage/demo_stage_sim) by extensions ['ros']
[0.223s] Level 1:colcon.colcon_core.package_identification:_identify(src/sim_stage/demo_stage_sim) by extension 'ros'
[0.223s] DEBUG:colcon.colcon_core.package_identification:Package 'src/sim_stage/demo_stage_sim' with type 'ros.ament_cmake' and name 'demo_stage_sim'
[0.223s] Level 1:colcon.colcon_core.package_identification:_identify(src/sim_stage/ira_laser_tools) by extensions ['ignore', 'ignore_ament_install']
[0.223s] Level 1:colcon.colcon_core.package_identification:_identify(src/sim_stage/ira_laser_tools) by extension 'ignore'
[0.223s] Level 1:colcon.colcon_core.package_identification:_identify(src/sim_stage/ira_laser_tools) by extension 'ignore_ament_install'
[0.224s] Level 1:colcon.colcon_core.package_identification:_identify(src/sim_stage/ira_laser_tools) by extensions ['colcon_pkg']
[0.224s] Level 1:colcon.colcon_core.package_identification:_identify(src/sim_stage/ira_laser_tools) by extension 'colcon_pkg'
[0.224s] Level 1:colcon.colcon_core.package_identification:_identify(src/sim_stage/ira_laser_tools) by extensions ['colcon_meta']
[0.224s] Level 1:colcon.colcon_core.package_identification:_identify(src/sim_stage/ira_laser_tools) by extension 'colcon_meta'
[0.224s] Level 1:colcon.colcon_core.package_identification:_identify(src/sim_stage/ira_laser_tools) by extensions ['ros']
[0.224s] Level 1:colcon.colcon_core.package_identification:_identify(src/sim_stage/ira_laser_tools) by extension 'ros'
[0.225s] DEBUG:colcon.colcon_core.package_identification:Package 'src/sim_stage/ira_laser_tools' with type 'ros.ament_cmake' and name 'ira_laser_tools'
[0.225s] Level 1:colcon.colcon_core.package_identification:_identify(src/sim_stage/stage_ros2) by extensions ['ignore', 'ignore_ament_install']
[0.225s] Level 1:colcon.colcon_core.package_identification:_identify(src/sim_stage/stage_ros2) by extension 'ignore'
[0.225s] Level 1:colcon.colcon_core.package_identification:_identify(src/sim_stage/stage_ros2) by extension 'ignore_ament_install'
[0.225s] Level 1:colcon.colcon_core.package_identification:_identify(src/sim_stage/stage_ros2) by extensions ['colcon_pkg']
[0.225s] Level 1:colcon.colcon_core.package_identification:_identify(src/sim_stage/stage_ros2) by extension 'colcon_pkg'
[0.225s] Level 1:colcon.colcon_core.package_identification:_identify(src/sim_stage/stage_ros2) by extensions ['colcon_meta']
[0.225s] Level 1:colcon.colcon_core.package_identification:_identify(src/sim_stage/stage_ros2) by extension 'colcon_meta'
[0.225s] Level 1:colcon.colcon_core.package_identification:_identify(src/sim_stage/stage_ros2) by extensions ['ros']
[0.225s] Level 1:colcon.colcon_core.package_identification:_identify(src/sim_stage/stage_ros2) by extension 'ros'
[0.225s] Level 1:colcon.colcon_core.package_identification:_identify(src/sim_stage/stage_ros2) by extensions ['cmake', 'python']
[0.225s] Level 1:colcon.colcon_core.package_identification:_identify(src/sim_stage/stage_ros2) by extension 'cmake'
[0.225s] Level 1:colcon.colcon_core.package_identification:_identify(src/sim_stage/stage_ros2) by extension 'python'
[0.225s] Level 1:colcon.colcon_core.package_identification:_identify(src/sim_stage/stage_ros2) by extensions ['python_setup_py']
[0.225s] Level 1:colcon.colcon_core.package_identification:_identify(src/sim_stage/stage_ros2) by extension 'python_setup_py'
[0.225s] Level 1:colcon.colcon_core.package_identification:_identify(src/sim_stage/stage_ros2/stage_ros2) by extensions ['ignore', 'ignore_ament_install']
[0.225s] Level 1:colcon.colcon_core.package_identification:_identify(src/sim_stage/stage_ros2/stage_ros2) by extension 'ignore'
[0.225s] Level 1:colcon.colcon_core.package_identification:_identify(src/sim_stage/stage_ros2/stage_ros2) by extension 'ignore_ament_install'
[0.225s] Level 1:colcon.colcon_core.package_identification:_identify(src/sim_stage/stage_ros2/stage_ros2) by extensions ['colcon_pkg']
[0.225s] Level 1:colcon.colcon_core.package_identification:_identify(src/sim_stage/stage_ros2/stage_ros2) by extension 'colcon_pkg'
[0.225s] Level 1:colcon.colcon_core.package_identification:_identify(src/sim_stage/stage_ros2/stage_ros2) by extensions ['colcon_meta']
[0.225s] Level 1:colcon.colcon_core.package_identification:_identify(src/sim_stage/stage_ros2/stage_ros2) by extension 'colcon_meta'
[0.225s] Level 1:colcon.colcon_core.package_identification:_identify(src/sim_stage/stage_ros2/stage_ros2) by extensions ['ros']
[0.225s] Level 1:colcon.colcon_core.package_identification:_identify(src/sim_stage/stage_ros2/stage_ros2) by extension 'ros'
[0.226s] DEBUG:colcon.colcon_core.package_identification:Package 'src/sim_stage/stage_ros2/stage_ros2' with type 'ros.ament_cmake' and name 'stage_ros2'
[0.226s] Level 1:colcon.colcon_core.package_discovery:discover_packages(recursive) using defaults
[0.226s] Level 1:colcon.colcon_core.package_discovery:discover_packages(ignore) discover
[0.226s] Level 1:colcon.colcon_core.package_discovery:discover_packages(ignore) using defaults
[0.226s] Level 1:colcon.colcon_core.package_discovery:discover_packages(path) discover
[0.226s] Level 1:colcon.colcon_core.package_discovery:discover_packages(path) using defaults
[0.249s] Level 1:colcon.colcon_core.package_discovery:discover_packages(prefix_path) check parameters
[0.249s] Level 1:colcon.colcon_core.package_discovery:discover_packages(prefix_path) discover
[0.251s] DEBUG:colcon.colcon_installed_package_information.package_discovery:Found 336 installed packages in /opt/ros/humble
[0.252s] Level 1:colcon.colcon_core.package_discovery:discover_packages(prefix_path) using defaults
[0.277s] Level 5:colcon.colcon_core.verb:set package 'Stage' build argument 'cmake_args' from command line to 'None'
[0.277s] Level 5:colcon.colcon_core.verb:set package 'Stage' build argument 'cmake_target' from command line to 'None'
[0.277s] Level 5:colcon.colcon_core.verb:set package 'Stage' build argument 'cmake_target_skip_unavailable' from command line to 'False'
[0.277s] Level 5:colcon.colcon_core.verb:set package 'Stage' build argument 'cmake_clean_cache' from command line to 'False'
[0.277s] Level 5:colcon.colcon_core.verb:set package 'Stage' build argument 'cmake_clean_first' from command line to 'False'
[0.277s] Level 5:colcon.colcon_core.verb:set package 'Stage' build argument 'cmake_force_configure' from command line to 'False'
[0.277s] Level 5:colcon.colcon_core.verb:set package 'Stage' build argument 'ament_cmake_args' from command line to 'None'
[0.277s] Level 5:colcon.colcon_core.verb:set package 'Stage' build argument 'catkin_cmake_args' from command line to 'None'
[0.277s] Level 5:colcon.colcon_core.verb:set package 'Stage' build argument 'catkin_skip_building_tests' from command line to 'False'
[0.277s] DEBUG:colcon.colcon_core.verb:Building package 'Stage' with the following arguments: {'ament_cmake_args': None, 'build_base': '/home/abc/ROS2_SIM_WS/build/Stage', 'catkin_cmake_args': None, 'catkin_skip_building_tests': False, 'cmake_args': None, 'cmake_clean_cache': False, 'cmake_clean_first': False, 'cmake_force_configure': False, 'cmake_target': None, 'cmake_target_skip_unavailable': False, 'install_base': '/home/abc/ROS2_SIM_WS/install/Stage', 'merge_install': False, 'path': '/home/abc/ROS2_SIM_WS/src/sim_stage/Stage/Stage', 'symlink_install': False, 'test_result_base': None}
[0.277s] Level 5:colcon.colcon_core.verb:set package 'bridge_ign' build argument 'cmake_args' from command line to 'None'
[0.277s] Level 5:colcon.colcon_core.verb:set package 'bridge_ign' build argument 'cmake_target' from command line to 'None'
[0.277s] Level 5:colcon.colcon_core.verb:set package 'bridge_ign' build argument 'cmake_target_skip_unavailable' from command line to 'False'
[0.277s] Level 5:colcon.colcon_core.verb:set package 'bridge_ign' build argument 'cmake_clean_cache' from command line to 'False'
[0.277s] Level 5:colcon.colcon_core.verb:set package 'bridge_ign' build argument 'cmake_clean_first' from command line to 'False'
[0.277s] Level 5:colcon.colcon_core.verb:set package 'bridge_ign' build argument 'cmake_force_configure' from command line to 'False'
[0.277s] Level 5:colcon.colcon_core.verb:set package 'bridge_ign' build argument 'ament_cmake_args' from command line to 'None'
[0.277s] Level 5:colcon.colcon_core.verb:set package 'bridge_ign' build argument 'catkin_cmake_args' from command line to 'None'
[0.277s] Level 5:colcon.colcon_core.verb:set package 'bridge_ign' build argument 'catkin_skip_building_tests' from command line to 'False'
[0.277s] DEBUG:colcon.colcon_core.verb:Building package 'bridge_ign' with the following arguments: {'ament_cmake_args': None, 'build_base': '/home/abc/ROS2_SIM_WS/build/bridge_ign', 'catkin_cmake_args': None, 'catkin_skip_building_tests': False, 'cmake_args': None, 'cmake_clean_cache': False, 'cmake_clean_first': False, 'cmake_force_configure': False, 'cmake_target': None, 'cmake_target_skip_unavailable': False, 'install_base': '/home/abc/ROS2_SIM_WS/install/bridge_ign', 'merge_install': False, 'path': '/home/abc/ROS2_SIM_WS/src/sim_gazebo/bridge_ign', 'symlink_install': False, 'test_result_base': None}
[0.278s] Level 5:colcon.colcon_core.verb:set package 'demo_gazebo_sim' build argument 'cmake_args' from command line to 'None'
[0.278s] Level 5:colcon.colcon_core.verb:set package 'demo_gazebo_sim' build argument 'cmake_target' from command line to 'None'
[0.278s] Level 5:colcon.colcon_core.verb:set package 'demo_gazebo_sim' build argument 'cmake_target_skip_unavailable' from command line to 'False'
[0.278s] Level 5:colcon.colcon_core.verb:set package 'demo_gazebo_sim' build argument 'cmake_clean_cache' from command line to 'False'
[0.278s] Level 5:colcon.colcon_core.verb:set package 'demo_gazebo_sim' build argument 'cmake_clean_first' from command line to 'False'
[0.278s] Level 5:colcon.colcon_core.verb:set package 'demo_gazebo_sim' build argument 'cmake_force_configure' from command line to 'False'
[0.278s] Level 5:colcon.colcon_core.verb:set package 'demo_gazebo_sim' build argument 'ament_cmake_args' from command line to 'None'
[0.278s] Level 5:colcon.colcon_core.verb:set package 'demo_gazebo_sim' build argument 'catkin_cmake_args' from command line to 'None'
[0.278s] Level 5:colcon.colcon_core.verb:set package 'demo_gazebo_sim' build argument 'catkin_skip_building_tests' from command line to 'False'
[0.278s] DEBUG:colcon.colcon_core.verb:Building package 'demo_gazebo_sim' with the following arguments: {'ament_cmake_args': None, 'build_base': '/home/abc/ROS2_SIM_WS/build/demo_gazebo_sim', 'catkin_cmake_args': None, 'catkin_skip_building_tests': False, 'cmake_args': None, 'cmake_clean_cache': False, 'cmake_clean_first': False, 'cmake_force_configure': False, 'cmake_target': None, 'cmake_target_skip_unavailable': False, 'install_base': '/home/abc/ROS2_SIM_WS/install/demo_gazebo_sim', 'merge_install': False, 'path': '/home/abc/ROS2_SIM_WS/src/sim_gazebo/demo_gazebo_sim', 'symlink_install': False, 'test_result_base': None}
[0.278s] Level 5:colcon.colcon_core.verb:set package 'ira_laser_tools' build argument 'cmake_args' from command line to 'None'
[0.278s] Level 5:colcon.colcon_core.verb:set package 'ira_laser_tools' build argument 'cmake_target' from command line to 'None'
[0.278s] Level 5:colcon.colcon_core.verb:set package 'ira_laser_tools' build argument 'cmake_target_skip_unavailable' from command line to 'False'
[0.278s] Level 5:colcon.colcon_core.verb:set package 'ira_laser_tools' build argument 'cmake_clean_cache' from command line to 'False'
[0.278s] Level 5:colcon.colcon_core.verb:set package 'ira_laser_tools' build argument 'cmake_clean_first' from command line to 'False'
[0.278s] Level 5:colcon.colcon_core.verb:set package 'ira_laser_tools' build argument 'cmake_force_configure' from command line to 'False'
[0.278s] Level 5:colcon.colcon_core.verb:set package 'ira_laser_tools' build argument 'ament_cmake_args' from command line to 'None'
[0.278s] Level 5:colcon.colcon_core.verb:set package 'ira_laser_tools' build argument 'catkin_cmake_args' from command line to 'None'
[0.278s] Level 5:colcon.colcon_core.verb:set package 'ira_laser_tools' build argument 'catkin_skip_building_tests' from command line to 'False'
[0.278s] DEBUG:colcon.colcon_core.verb:Building package 'ira_laser_tools' with the following arguments: {'ament_cmake_args': None, 'build_base': '/home/abc/ROS2_SIM_WS/build/ira_laser_tools', 'catkin_cmake_args': None, 'catkin_skip_building_tests': False, 'cmake_args': None, 'cmake_clean_cache': False, 'cmake_clean_first': False, 'cmake_force_configure': False, 'cmake_target': None, 'cmake_target_skip_unavailable': False, 'install_base': '/home/abc/ROS2_SIM_WS/install/ira_laser_tools', 'merge_install': False, 'path': '/home/abc/ROS2_SIM_WS/src/sim_stage/ira_laser_tools', 'symlink_install': False, 'test_result_base': None}
[0.278s] Level 5:colcon.colcon_core.verb:set package 'mycar_description' build argument 'cmake_args' from command line to 'None'
[0.278s] Level 5:colcon.colcon_core.verb:set package 'mycar_description' build argument 'cmake_target' from command line to 'None'
[0.278s] Level 5:colcon.colcon_core.verb:set package 'mycar_description' build argument 'cmake_target_skip_unavailable' from command line to 'False'
[0.278s] Level 5:colcon.colcon_core.verb:set package 'mycar_description' build argument 'cmake_clean_cache' from command line to 'False'
[0.278s] Level 5:colcon.colcon_core.verb:set package 'mycar_description' build argument 'cmake_clean_first' from command line to 'False'
[0.278s] Level 5:colcon.colcon_core.verb:set package 'mycar_description' build argument 'cmake_force_configure' from command line to 'False'
[0.278s] Level 5:colcon.colcon_core.verb:set package 'mycar_description' build argument 'ament_cmake_args' from command line to 'None'
[0.278s] Level 5:colcon.colcon_core.verb:set package 'mycar_description' build argument 'catkin_cmake_args' from command line to 'None'
[0.278s] Level 5:colcon.colcon_core.verb:set package 'mycar_description' build argument 'catkin_skip_building_tests' from command line to 'False'
[0.278s] DEBUG:colcon.colcon_core.verb:Building package 'mycar_description' with the following arguments: {'ament_cmake_args': None, 'build_base': '/home/abc/ROS2_SIM_WS/build/mycar_description', 'catkin_cmake_args': None, 'catkin_skip_building_tests': False, 'cmake_args': None, 'cmake_clean_cache': False, 'cmake_clean_first': False, 'cmake_force_configure': False, 'cmake_target': None, 'cmake_target_skip_unavailable': False, 'install_base': '/home/abc/ROS2_SIM_WS/install/mycar_description', 'merge_install': False, 'path': '/home/abc/ROS2_SIM_WS/src/mycar/mycar_description', 'symlink_install': False, 'test_result_base': None}
[0.279s] Level 5:colcon.colcon_core.verb:set package 'mycar_description_detailed' build argument 'cmake_args' from command line to 'None'
[0.279s] Level 5:colcon.colcon_core.verb:set package 'mycar_description_detailed' build argument 'cmake_target' from command line to 'None'
[0.279s] Level 5:colcon.colcon_core.verb:set package 'mycar_description_detailed' build argument 'cmake_target_skip_unavailable' from command line to 'False'
[0.279s] Level 5:colcon.colcon_core.verb:set package 'mycar_description_detailed' build argument 'cmake_clean_cache' from command line to 'False'
[0.279s] Level 5:colcon.colcon_core.verb:set package 'mycar_description_detailed' build argument 'cmake_clean_first' from command line to 'False'
[0.279s] Level 5:colcon.colcon_core.verb:set package 'mycar_description_detailed' build argument 'cmake_force_configure' from command line to 'False'
[0.279s] Level 5:colcon.colcon_core.verb:set package 'mycar_description_detailed' build argument 'ament_cmake_args' from command line to 'None'
[0.279s] Level 5:colcon.colcon_core.verb:set package 'mycar_description_detailed' build argument 'catkin_cmake_args' from command line to 'None'
[0.279s] Level 5:colcon.colcon_core.verb:set package 'mycar_description_detailed' build argument 'catkin_skip_building_tests' from command line to 'False'
[0.279s] DEBUG:colcon.colcon_core.verb:Building package 'mycar_description_detailed' with the following arguments: {'ament_cmake_args': None, 'build_base': '/home/abc/ROS2_SIM_WS/build/mycar_description_detailed', 'catkin_cmake_args': None, 'catkin_skip_building_tests': False, 'cmake_args': None, 'cmake_clean_cache': False, 'cmake_clean_first': False, 'cmake_force_configure': False, 'cmake_target': None, 'cmake_target_skip_unavailable': False, 'install_base': '/home/abc/ROS2_SIM_WS/install/mycar_description_detailed', 'merge_install': False, 'path': '/home/abc/ROS2_SIM_WS/src/mycar/mycar_description_detailed', 'symlink_install': False, 'test_result_base': None}
[0.279s] Level 5:colcon.colcon_core.verb:set package 'stage_ros2' build argument 'cmake_args' from command line to 'None'
[0.279s] Level 5:colcon.colcon_core.verb:set package 'stage_ros2' build argument 'cmake_target' from command line to 'None'
[0.279s] Level 5:colcon.colcon_core.verb:set package 'stage_ros2' build argument 'cmake_target_skip_unavailable' from command line to 'False'
[0.279s] Level 5:colcon.colcon_core.verb:set package 'stage_ros2' build argument 'cmake_clean_cache' from command line to 'False'
[0.279s] Level 5:colcon.colcon_core.verb:set package 'stage_ros2' build argument 'cmake_clean_first' from command line to 'False'
[0.279s] Level 5:colcon.colcon_core.verb:set package 'stage_ros2' build argument 'cmake_force_configure' from command line to 'False'
[0.279s] Level 5:colcon.colcon_core.verb:set package 'stage_ros2' build argument 'ament_cmake_args' from command line to 'None'
[0.279s] Level 5:colcon.colcon_core.verb:set package 'stage_ros2' build argument 'catkin_cmake_args' from command line to 'None'
[0.279s] Level 5:colcon.colcon_core.verb:set package 'stage_ros2' build argument 'catkin_skip_building_tests' from command line to 'False'
[0.279s] DEBUG:colcon.colcon_core.verb:Building package 'stage_ros2' with the following arguments: {'ament_cmake_args': None, 'build_base': '/home/abc/ROS2_SIM_WS/build/stage_ros2', 'catkin_cmake_args': None, 'catkin_skip_building_tests': False, 'cmake_args': None, 'cmake_clean_cache': False, 'cmake_clean_first': False, 'cmake_force_configure': False, 'cmake_target': None, 'cmake_target_skip_unavailable': False, 'install_base': '/home/abc/ROS2_SIM_WS/install/stage_ros2', 'merge_install': False, 'path': '/home/abc/ROS2_SIM_WS/src/sim_stage/stage_ros2/stage_ros2', 'symlink_install': False, 'test_result_base': None}
[0.279s] Level 5:colcon.colcon_core.verb:set package 'demo_stage_sim' build argument 'cmake_args' from command line to 'None'
[0.279s] Level 5:colcon.colcon_core.verb:set package 'demo_stage_sim' build argument 'cmake_target' from command line to 'None'
[0.279s] Level 5:colcon.colcon_core.verb:set package 'demo_stage_sim' build argument 'cmake_target_skip_unavailable' from command line to 'False'
[0.279s] Level 5:colcon.colcon_core.verb:set package 'demo_stage_sim' build argument 'cmake_clean_cache' from command line to 'False'
[0.279s] Level 5:colcon.colcon_core.verb:set package 'demo_stage_sim' build argument 'cmake_clean_first' from command line to 'False'
[0.279s] Level 5:colcon.colcon_core.verb:set package 'demo_stage_sim' build argument 'cmake_force_configure' from command line to 'False'
[0.279s] Level 5:colcon.colcon_core.verb:set package 'demo_stage_sim' build argument 'ament_cmake_args' from command line to 'None'
[0.279s] Level 5:colcon.colcon_core.verb:set package 'demo_stage_sim' build argument 'catkin_cmake_args' from command line to 'None'
[0.279s] Level 5:colcon.colcon_core.verb:set package 'demo_stage_sim' build argument 'catkin_skip_building_tests' from command line to 'False'
[0.279s] DEBUG:colcon.colcon_core.verb:Building package 'demo_stage_sim' with the following arguments: {'ament_cmake_args': None, 'build_base': '/home/abc/ROS2_SIM_WS/build/demo_stage_sim', 'catkin_cmake_args': None, 'catkin_skip_building_tests': False, 'cmake_args': None, 'cmake_clean_cache': False, 'cmake_clean_first': False, 'cmake_force_configure': False, 'cmake_target': None, 'cmake_target_skip_unavailable': False, 'install_base': '/home/abc/ROS2_SIM_WS/install/demo_stage_sim', 'merge_install': False, 'path': '/home/abc/ROS2_SIM_WS/src/sim_stage/demo_stage_sim', 'symlink_install': False, 'test_result_base': None}
[0.280s] INFO:colcon.colcon_core.executor:Executing jobs using 'parallel' executor
[0.281s] DEBUG:colcon.colcon_parallel_executor.executor.parallel:run_until_complete
[0.281s] INFO:colcon.colcon_cmake.task.cmake.build:Building CMake package in '/home/abc/ROS2_SIM_WS/src/sim_stage/Stage/Stage'
[0.282s] INFO:colcon.colcon_core.plugin_system:Skipping extension 'colcon_core.shell.bat': Not used on non-Windows systems
[0.282s] INFO:colcon.colcon_core.shell:Skip shell extension 'powershell' for command environment: Not usable outside of PowerShell
[0.282s] DEBUG:colcon.colcon_core.shell:Skip shell extension 'dsv' for command environment
[0.284s] INFO:colcon.colcon_ros.task.ament_cmake.build:Building ROS package in '/home/abc/ROS2_SIM_WS/src/sim_gazebo/bridge_ign' with build type 'ament_cmake'
[0.285s] INFO:colcon.colcon_cmake.task.cmake.build:Building CMake package in '/home/abc/ROS2_SIM_WS/src/sim_gazebo/bridge_ign'
[0.285s] INFO:colcon.colcon_core.shell:Skip shell extension 'powershell' for command environment: Not usable outside of PowerShell
[0.285s] DEBUG:colcon.colcon_core.shell:Skip shell extension 'dsv' for command environment
[0.287s] INFO:colcon.colcon_ros.task.ament_cmake.build:Building ROS package in '/home/abc/ROS2_SIM_WS/src/sim_gazebo/demo_gazebo_sim' with build type 'ament_cmake'
[0.287s] INFO:colcon.colcon_cmake.task.cmake.build:Building CMake package in '/home/abc/ROS2_SIM_WS/src/sim_gazebo/demo_gazebo_sim'
[0.287s] INFO:colcon.colcon_core.shell:Skip shell extension 'powershell' for command environment: Not usable outside of PowerShell
[0.287s] DEBUG:colcon.colcon_core.shell:Skip shell extension 'dsv' for command environment
[0.290s] INFO:colcon.colcon_ros.task.ament_cmake.build:Building ROS package in '/home/abc/ROS2_SIM_WS/src/sim_stage/ira_laser_tools' with build type 'ament_cmake'
[0.290s] INFO:colcon.colcon_cmake.task.cmake.build:Building CMake package in '/home/abc/ROS2_SIM_WS/src/sim_stage/ira_laser_tools'
[0.290s] INFO:colcon.colcon_core.shell:Skip shell extension 'powershell' for command environment: Not usable outside of PowerShell
[0.290s] DEBUG:colcon.colcon_core.shell:Skip shell extension 'dsv' for command environment
[0.303s] DEBUG:colcon.colcon_core.event_handler.log_command:Invoking command in '/home/abc/ROS2_SIM_WS/build/Stage': /usr/bin/cmake --build /home/abc/ROS2_SIM_WS/build/Stage -- -j4 -l4
[0.306s] DEBUG:colcon.colcon_core.event_handler.log_command:Invoking command in '/home/abc/ROS2_SIM_WS/build/bridge_ign': CMAKE_PREFIX_PATH=/opt/ros/humble /usr/bin/cmake --build /home/abc/ROS2_SIM_WS/build/bridge_ign -- -j4 -l4
[0.308s] DEBUG:colcon.colcon_core.event_handler.log_command:Invoking command in '/home/abc/ROS2_SIM_WS/build/demo_gazebo_sim': CMAKE_PREFIX_PATH=/opt/ros/humble /usr/bin/cmake --build /home/abc/ROS2_SIM_WS/build/demo_gazebo_sim -- -j4 -l4
[0.316s] DEBUG:colcon.colcon_core.event_handler.log_command:Invoking command in '/home/abc/ROS2_SIM_WS/build/ira_laser_tools': CMAKE_PREFIX_PATH=/opt/ros/humble /usr/bin/cmake /home/abc/ROS2_SIM_WS/src/sim_stage/ira_laser_tools -DCMAKE_INSTALL_PREFIX=/home/abc/ROS2_SIM_WS/install/ira_laser_tools
[0.387s] Level 1:colcon.colcon_core.environment:create_environment_scripts_only(demo_gazebo_sim)
[0.387s] DEBUG:colcon.colcon_core.event_handler.log_command:Invoked command in '/home/abc/ROS2_SIM_WS/build/demo_gazebo_sim' returned '2': CMAKE_PREFIX_PATH=/opt/ros/humble /usr/bin/cmake --build /home/abc/ROS2_SIM_WS/build/demo_gazebo_sim -- -j4 -l4
[0.389s] Level 1:colcon.colcon_core.environment:checking '/home/abc/ROS2_SIM_WS/install/demo_gazebo_sim' for CMake module files
[0.391s] Level 1:colcon.colcon_core.environment:checking '/home/abc/ROS2_SIM_WS/install/demo_gazebo_sim' for CMake config files
[0.391s] Level 1:colcon.colcon_core.shell:create_environment_hook('demo_gazebo_sim', 'cmake_prefix_path')
[0.392s] INFO:colcon.colcon_core.shell:Creating environment hook '/home/abc/ROS2_SIM_WS/install/demo_gazebo_sim/share/demo_gazebo_sim/hook/cmake_prefix_path.ps1'
[0.394s] INFO:colcon.colcon_core.shell:Creating environment descriptor '/home/abc/ROS2_SIM_WS/install/demo_gazebo_sim/share/demo_gazebo_sim/hook/cmake_prefix_path.dsv'
[0.394s] INFO:colcon.colcon_core.shell:Creating environment hook '/home/abc/ROS2_SIM_WS/install/demo_gazebo_sim/share/demo_gazebo_sim/hook/cmake_prefix_path.sh'
[0.401s] Level 1:colcon.colcon_core.environment:checking '/home/abc/ROS2_SIM_WS/install/demo_gazebo_sim/bin'
[0.401s] Level 1:colcon.colcon_core.environment:checking '/home/abc/ROS2_SIM_WS/install/demo_gazebo_sim/lib/pkgconfig/demo_gazebo_sim.pc'
[0.402s] Level 1:colcon.colcon_core.environment:checking '/home/abc/ROS2_SIM_WS/install/demo_gazebo_sim/lib/python3.10/site-packages'
[0.402s] Level 1:colcon.colcon_core.environment:checking '/home/abc/ROS2_SIM_WS/install/demo_gazebo_sim/bin'
[0.403s] INFO:colcon.colcon_core.shell:Creating package script '/home/abc/ROS2_SIM_WS/install/demo_gazebo_sim/share/demo_gazebo_sim/package.ps1'
[0.405s] INFO:colcon.colcon_core.shell:Creating package descriptor '/home/abc/ROS2_SIM_WS/install/demo_gazebo_sim/share/demo_gazebo_sim/package.dsv'
[0.406s] INFO:colcon.colcon_core.shell:Creating package script '/home/abc/ROS2_SIM_WS/install/demo_gazebo_sim/share/demo_gazebo_sim/package.sh'
[0.407s] INFO:colcon.colcon_core.shell:Creating package script '/home/abc/ROS2_SIM_WS/install/demo_gazebo_sim/share/demo_gazebo_sim/package.bash'
[0.408s] INFO:colcon.colcon_core.shell:Creating package script '/home/abc/ROS2_SIM_WS/install/demo_gazebo_sim/share/demo_gazebo_sim/package.zsh'
[0.409s] Level 1:colcon.colcon_core.environment:create_file_with_runtime_dependencies(/home/abc/ROS2_SIM_WS/install/demo_gazebo_sim/share/colcon-core/packages/demo_gazebo_sim)
[0.885s] DEBUG:colcon.colcon_parallel_executor.executor.parallel:closing loop
[0.885s] DEBUG:colcon.colcon_parallel_executor.executor.parallel:loop closed
[0.886s] DEBUG:colcon.colcon_parallel_executor.executor.parallel:run_until_complete finished with '2'
[0.887s] DEBUG:colcon.colcon_core.event_reactor:joining thread
[0.893s] INFO:colcon.colcon_core.plugin_system:Skipping extension 'colcon_notification.desktop_notification.terminal_notifier': Not used on non-Darwin systems
[0.893s] INFO:colcon.colcon_core.plugin_system:Skipping extension 'colcon_notification.desktop_notification.win32': Not used on non-Windows systems
[0.893s] INFO:colcon.colcon_notification.desktop_notification:Sending desktop notification using 'notify2'
[0.920s] DEBUG:colcon.colcon_core.event_reactor:joined thread
[0.920s] INFO:colcon.colcon_core.shell:Creating prefix script '/home/abc/ROS2_SIM_WS/install/local_setup.ps1'
[0.922s] INFO:colcon.colcon_core.shell:Creating prefix util module '/home/abc/ROS2_SIM_WS/install/_local_setup_util_ps1.py'
[0.923s] INFO:colcon.colcon_core.shell:Creating prefix chain script '/home/abc/ROS2_SIM_WS/install/setup.ps1'
[0.924s] INFO:colcon.colcon_core.shell:Creating prefix script '/home/abc/ROS2_SIM_WS/install/local_setup.sh'
[0.925s] INFO:colcon.colcon_core.shell:Creating prefix util module '/home/abc/ROS2_SIM_WS/install/_local_setup_util_sh.py'
[0.925s] INFO:colcon.colcon_core.shell:Creating prefix chain script '/home/abc/ROS2_SIM_WS/install/setup.sh'
[0.926s] INFO:colcon.colcon_core.shell:Creating prefix script '/home/abc/ROS2_SIM_WS/install/local_setup.bash'
[0.927s] INFO:colcon.colcon_core.shell:Creating prefix chain script '/home/abc/ROS2_SIM_WS/install/setup.bash'
[0.928s] INFO:colcon.colcon_core.shell:Creating prefix script '/home/abc/ROS2_SIM_WS/install/local_setup.zsh'
[0.928s] INFO:colcon.colcon_core.shell:Creating prefix chain script '/home/abc/ROS2_SIM_WS/install/setup.zsh'
