[0.000000] (-) TimerEvent: {}
[0.003910] (base_interfaces_demo) JobQueued: {'identifier': 'base_interfaces_demo', 'dependencies': OrderedDict()}
[0.003995] (cpp001_sun) JobQueued: {'identifier': 'cpp001_sun', 'dependencies': OrderedDict()}
[0.004020] (cpp04_param) JobQueued: {'identifier': 'cpp04_param', 'dependencies': OrderedDict()}
[0.004032] (cpp05_names) JobQueued: {'identifier': 'cpp05_names', 'dependencies': OrderedDict()}
[0.004040] (cpp06_time) JobQueued: {'identifier': 'cpp06_time', 'dependencies': OrderedDict()}
[0.004048] (py04_param) JobQueued: {'identifier': 'py04_param', 'dependencies': OrderedDict()}
[0.004055] (py05_names) JobQueued: {'identifier': 'py05_names', 'dependencies': OrderedDict()}
[0.004062] (py06_time) JobQueued: {'identifier': 'py06_time', 'dependencies': OrderedDict()}
[0.004069] (turtlesim) JobQueued: {'identifier': 'turtlesim', 'dependencies': OrderedDict()}
[0.004076] (cpp01_topic) JobQueued: {'identifier': 'cpp01_topic', 'dependencies': OrderedDict([('base_interfaces_demo', '/home/abc/ws01_plumbing/install/base_interfaces_demo')])}
[0.004087] (cpp02_service) JobQueued: {'identifier': 'cpp02_service', 'dependencies': OrderedDict([('base_interfaces_demo', '/home/abc/ws01_plumbing/install/base_interfaces_demo')])}
[0.004096] (cpp03_action) JobQueued: {'identifier': 'cpp03_action', 'dependencies': OrderedDict([('base_interfaces_demo', '/home/abc/ws01_plumbing/install/base_interfaces_demo')])}
[0.004103] (cpp07_exercise) JobQueued: {'identifier': 'cpp07_exercise', 'dependencies': OrderedDict([('base_interfaces_demo', '/home/abc/ws01_plumbing/install/base_interfaces_demo'), ('turtlesim', '/home/abc/ws01_plumbing/install/turtlesim')])}
[0.004113] (py01_topic) JobQueued: {'identifier': 'py01_topic', 'dependencies': OrderedDict([('base_interfaces_demo', '/home/abc/ws01_plumbing/install/base_interfaces_demo')])}
[0.004121] (py02_service) JobQueued: {'identifier': 'py02_service', 'dependencies': OrderedDict([('base_interfaces_demo', '/home/abc/ws01_plumbing/install/base_interfaces_demo')])}
[0.004128] (py03_action) JobQueued: {'identifier': 'py03_action', 'dependencies': OrderedDict([('base_interfaces_demo', '/home/abc/ws01_plumbing/install/base_interfaces_demo')])}
[0.004136] (tutorails_plumbing) JobQueued: {'identifier': 'tutorails_plumbing', 'dependencies': OrderedDict([('base_interfaces_demo', '/home/abc/ws01_plumbing/install/base_interfaces_demo'), ('cpp04_param', '/home/abc/ws01_plumbing/install/cpp04_param'), ('py04_param', '/home/abc/ws01_plumbing/install/py04_param'), ('cpp01_topic', '/home/abc/ws01_plumbing/install/cpp01_topic'), ('cpp03_action', '/home/abc/ws01_plumbing/install/cpp03_action'), ('py01_topic', '/home/abc/ws01_plumbing/install/py01_topic'), ('py03_action', '/home/abc/ws01_plumbing/install/py03_action')])}
[0.004224] (base_interfaces_demo) JobStarted: {'identifier': 'base_interfaces_demo'}
[0.022110] (cpp04_param) JobStarted: {'identifier': 'cpp04_param'}
[0.025616] (py04_param) JobStarted: {'identifier': 'py04_param'}
[0.038931] (turtlesim) JobStarted: {'identifier': 'turtlesim'}
[0.048808] (base_interfaces_demo) JobProgress: {'identifier': 'base_interfaces_demo', 'progress': 'cmake'}
[0.051257] (base_interfaces_demo) JobProgress: {'identifier': 'base_interfaces_demo', 'progress': 'build'}
[0.051381] (base_interfaces_demo) Command: {'cmd': ['/usr/bin/cmake', '--build', '/home/abc/ws01_plumbing/build/base_interfaces_demo', '--', '-j4', '-l4'], 'cwd': '/home/abc/ws01_plumbing/build/base_interfaces_demo', 'env': OrderedDict([('PYTHON_BASIC_REPL', '1'), ('LESSOPEN', '| /usr/bin/lesspipe %s'), ('LANGUAGE', 'zh_CN:zh'), ('USER', 'abc'), ('SSH_CLIENT', '192.168.150.1 55401 22'), ('XDG_SESSION_TYPE', 'tty'), ('GIT_ASKPASS', '/home/abc/.vscode-server/cli/servers/Stable-585eba7c0c34fd6b30faac7c62a42050bfbc0086/server/extensions/git/dist/askpass.sh'), ('SHLVL', '1'), ('LD_LIBRARY_PATH', '/opt/ros/humble/opt/rviz_ogre_vendor/lib:/opt/ros/humble/lib/x86_64-linux-gnu:/opt/ros/humble/lib'), ('BROWSER', '/home/abc/.vscode-server/cli/servers/Stable-585eba7c0c34fd6b30faac7c62a42050bfbc0086/server/bin/helpers/browser.sh'), ('MOTD_SHOWN', 'pam'), ('HOME', '/home/abc'), ('TERM_PROGRAM_VERSION', '1.108.1'), ('VSCODE_IPC_HOOK_CLI', '/run/user/1000/vscode-ipc-f7f99b24-bc5b-43d6-947e-2a9efb26413d.sock'), ('ROS_PYTHON_VERSION', '3'), ('VSCODE_GIT_ASKPASS_MAIN', '/home/abc/.vscode-server/cli/servers/Stable-585eba7c0c34fd6b30faac7c62a42050bfbc0086/server/extensions/git/dist/askpass-main.js'), ('VSCODE_GIT_ASKPASS_NODE', '/home/abc/.vscode-server/cli/servers/Stable-585eba7c0c34fd6b30faac7c62a42050bfbc0086/server/node'), ('SSL_CERT_FILE', '/usr/lib/ssl/certs/ca-certificates.crt'), ('PYDEVD_DISABLE_FILE_VALIDATION', '1'), ('BUNDLED_DEBUGPY_PATH', '/home/abc/.vscode-server/extensions/ms-python.debugpy-2025.18.0/bundled/libs/debugpy'), ('VSCODE_PYTHON_AUTOACTIVATE_GUARD', '1'), ('DBUS_SESSION_BUS_ADDRESS', 'unix:path=/run/user/1000/bus'), ('COLORTERM', 'truecolor'), ('ROS_DISTRO', 'humble'), ('LOGNAME', 'abc'), ('_', '/usr/bin/colcon'), ('ROS_VERSION', '2'), ('XDG_SESSION_CLASS', 'user'), ('TERM', 'xterm-256color'), ('XDG_SESSION_ID', '4'), ('ROS_LOCALHOST_ONLY', '0'), ('PATH', '/opt/loongson-gcc/bin:/home/abc/.vscode-server/data/User/globalStorage/github.copilot-chat/debugCommand:/home/abc/.vscode-server/data/User/globalStorage/github.copilot-chat/copilotCli:/home/abc/.vscode-server/cli/servers/Stable-585eba7c0c34fd6b30faac7c62a42050bfbc0086/server/bin/remote-cli:/opt/loongson-gcc/bin:/opt/ros/humble/bin:/usr/local/sbin:/usr/local/bin:/usr/sbin:/usr/bin:/sbin:/bin:/usr/games:/usr/local/games:/snap/bin:/home/abc/.vscode-server/extensions/ms-python.debugpy-2025.18.0/bundled/scripts/noConfigScripts'), ('XDG_RUNTIME_DIR', '/run/user/1000'), ('SSL_CERT_DIR', '/usr/lib/ssl/certs'), ('VSCODE_DEBUGPY_ADAPTER_ENDPOINTS', '/home/abc/.vscode-server/extensions/ms-python.debugpy-2025.18.0/.noConfigDebugAdapterEndpoints/endpoint-eb3adf4cb764e782.txt'), ('LANG', 'zh_CN.UTF-8'), ('PYTHONSTARTUP', '/home/abc/.vscode-server/data/User/workspaceStorage/20b236a14418f8956cef225c8512416f/ms-python.python/pythonrc.py'), ('LS_COLORS', 'rs=0:di=01;34:ln=01;36:mh=00:pi=40;33:so=01;35:do=01;35:bd=40;33;01:cd=40;33;01:or=40;31;01:mi=00:su=37;41:sg=30;43:ca=30;41:tw=30;42:ow=34;42:st=37;44:ex=01;32:*.tar=01;31:*.tgz=01;31:*.arc=01;31:*.arj=01;31:*.taz=01;31:*.lha=01;31:*.lz4=01;31:*.lzh=01;31:*.lzma=01;31:*.tlz=01;31:*.txz=01;31:*.tzo=01;31:*.t7z=01;31:*.zip=01;31:*.z=01;31:*.dz=01;31:*.gz=01;31:*.lrz=01;31:*.lz=01;31:*.lzo=01;31:*.xz=01;31:*.zst=01;31:*.tzst=01;31:*.bz2=01;31:*.bz=01;31:*.tbz=01;31:*.tbz2=01;31:*.tz=01;31:*.deb=01;31:*.rpm=01;31:*.jar=01;31:*.war=01;31:*.ear=01;31:*.sar=01;31:*.rar=01;31:*.alz=01;31:*.ace=01;31:*.zoo=01;31:*.cpio=01;31:*.7z=01;31:*.rz=01;31:*.cab=01;31:*.wim=01;31:*.swm=01;31:*.dwm=01;31:*.esd=01;31:*.jpg=01;35:*.jpeg=01;35:*.mjpg=01;35:*.mjpeg=01;35:*.gif=01;35:*.bmp=01;35:*.pbm=01;35:*.pgm=01;35:*.ppm=01;35:*.tga=01;35:*.xbm=01;35:*.xpm=01;35:*.tif=01;35:*.tiff=01;35:*.png=01;35:*.svg=01;35:*.svgz=01;35:*.mng=01;35:*.pcx=01;35:*.mov=01;35:*.mpg=01;35:*.mpeg=01;35:*.m2v=01;35:*.mkv=01;35:*.webm=01;35:*.webp=01;35:*.ogm=01;35:*.mp4=01;35:*.m4v=01;35:*.mp4v=01;35:*.vob=01;35:*.qt=01;35:*.nuv=01;35:*.wmv=01;35:*.asf=01;35:*.rm=01;35:*.rmvb=01;35:*.flc=01;35:*.avi=01;35:*.fli=01;35:*.flv=01;35:*.gl=01;35:*.dl=01;35:*.xcf=01;35:*.xwd=01;35:*.yuv=01;35:*.cgm=01;35:*.emf=01;35:*.ogv=01;35:*.ogx=01;35:*.aac=00;36:*.au=00;36:*.flac=00;36:*.m4a=00;36:*.mid=00;36:*.midi=00;36:*.mka=00;36:*.mp3=00;36:*.mpc=00;36:*.ogg=00;36:*.ra=00;36:*.wav=00;36:*.oga=00;36:*.opus=00;36:*.spx=00;36:*.xspf=00;36:'), ('VSCODE_GIT_IPC_HANDLE', '/run/user/1000/vscode-git-91c7b8982f.sock'), ('TERM_PROGRAM', 'vscode'), ('AMENT_PREFIX_PATH', '/opt/ros/humble'), ('SHELL', '/bin/bash'), ('LESSCLOSE', '/usr/bin/lesspipe %s %s'), ('VSCODE_GIT_ASKPASS_EXTRA_ARGS', ''), ('PWD', '/home/abc/ws01_plumbing/build/base_interfaces_demo'), ('SSH_CONNECTION', '192.168.150.1 55401 192.168.150.128 22'), ('XDG_DATA_DIRS', '/usr/share/gnome:/usr/local/share:/usr/share:/var/lib/snapd/desktop'), ('PYTHONPATH', '/opt/ros/humble/lib/python3.10/site-packages:/opt/ros/humble/local/lib/python3.10/dist-packages'), ('COLCON', '1'), ('CMAKE_PREFIX_PATH', '/opt/ros/humble')]), 'shell': False}
[0.061213] (cpp04_param) JobProgress: {'identifier': 'cpp04_param', 'progress': 'cmake'}
[0.061271] (cpp04_param) Command: {'cmd': ['/usr/bin/cmake', '/home/abc/ws01_plumbing/src/cpp04_param', '-DCMAKE_INSTALL_PREFIX=/home/abc/ws01_plumbing/install/cpp04_param'], 'cwd': '/home/abc/ws01_plumbing/build/cpp04_param', 'env': OrderedDict([('PYTHON_BASIC_REPL', '1'), ('LESSOPEN', '| /usr/bin/lesspipe %s'), ('LANGUAGE', 'zh_CN:zh'), ('USER', 'abc'), ('SSH_CLIENT', '192.168.150.1 55401 22'), ('XDG_SESSION_TYPE', 'tty'), ('GIT_ASKPASS', '/home/abc/.vscode-server/cli/servers/Stable-585eba7c0c34fd6b30faac7c62a42050bfbc0086/server/extensions/git/dist/askpass.sh'), ('SHLVL', '1'), ('LD_LIBRARY_PATH', '/opt/ros/humble/opt/rviz_ogre_vendor/lib:/opt/ros/humble/lib/x86_64-linux-gnu:/opt/ros/humble/lib'), ('BROWSER', '/home/abc/.vscode-server/cli/servers/Stable-585eba7c0c34fd6b30faac7c62a42050bfbc0086/server/bin/helpers/browser.sh'), ('MOTD_SHOWN', 'pam'), ('HOME', '/home/abc'), ('TERM_PROGRAM_VERSION', '1.108.1'), ('VSCODE_IPC_HOOK_CLI', '/run/user/1000/vscode-ipc-f7f99b24-bc5b-43d6-947e-2a9efb26413d.sock'), ('ROS_PYTHON_VERSION', '3'), ('VSCODE_GIT_ASKPASS_MAIN', '/home/abc/.vscode-server/cli/servers/Stable-585eba7c0c34fd6b30faac7c62a42050bfbc0086/server/extensions/git/dist/askpass-main.js'), ('VSCODE_GIT_ASKPASS_NODE', '/home/abc/.vscode-server/cli/servers/Stable-585eba7c0c34fd6b30faac7c62a42050bfbc0086/server/node'), ('SSL_CERT_FILE', '/usr/lib/ssl/certs/ca-certificates.crt'), ('PYDEVD_DISABLE_FILE_VALIDATION', '1'), ('BUNDLED_DEBUGPY_PATH', '/home/abc/.vscode-server/extensions/ms-python.debugpy-2025.18.0/bundled/libs/debugpy'), ('VSCODE_PYTHON_AUTOACTIVATE_GUARD', '1'), ('DBUS_SESSION_BUS_ADDRESS', 'unix:path=/run/user/1000/bus'), ('COLORTERM', 'truecolor'), ('ROS_DISTRO', 'humble'), ('LOGNAME', 'abc'), ('_', '/usr/bin/colcon'), ('ROS_VERSION', '2'), ('XDG_SESSION_CLASS', 'user'), ('TERM', 'xterm-256color'), ('XDG_SESSION_ID', '4'), ('ROS_LOCALHOST_ONLY', '0'), ('PATH', '/opt/loongson-gcc/bin:/home/abc/.vscode-server/data/User/globalStorage/github.copilot-chat/debugCommand:/home/abc/.vscode-server/data/User/globalStorage/github.copilot-chat/copilotCli:/home/abc/.vscode-server/cli/servers/Stable-585eba7c0c34fd6b30faac7c62a42050bfbc0086/server/bin/remote-cli:/opt/loongson-gcc/bin:/opt/ros/humble/bin:/usr/local/sbin:/usr/local/bin:/usr/sbin:/usr/bin:/sbin:/bin:/usr/games:/usr/local/games:/snap/bin:/home/abc/.vscode-server/extensions/ms-python.debugpy-2025.18.0/bundled/scripts/noConfigScripts'), ('XDG_RUNTIME_DIR', '/run/user/1000'), ('SSL_CERT_DIR', '/usr/lib/ssl/certs'), ('VSCODE_DEBUGPY_ADAPTER_ENDPOINTS', '/home/abc/.vscode-server/extensions/ms-python.debugpy-2025.18.0/.noConfigDebugAdapterEndpoints/endpoint-eb3adf4cb764e782.txt'), ('LANG', 'zh_CN.UTF-8'), ('PYTHONSTARTUP', '/home/abc/.vscode-server/data/User/workspaceStorage/20b236a14418f8956cef225c8512416f/ms-python.python/pythonrc.py'), ('LS_COLORS', 'rs=0:di=01;34:ln=01;36:mh=00:pi=40;33:so=01;35:do=01;35:bd=40;33;01:cd=40;33;01:or=40;31;01:mi=00:su=37;41:sg=30;43:ca=30;41:tw=30;42:ow=34;42:st=37;44:ex=01;32:*.tar=01;31:*.tgz=01;31:*.arc=01;31:*.arj=01;31:*.taz=01;31:*.lha=01;31:*.lz4=01;31:*.lzh=01;31:*.lzma=01;31:*.tlz=01;31:*.txz=01;31:*.tzo=01;31:*.t7z=01;31:*.zip=01;31:*.z=01;31:*.dz=01;31:*.gz=01;31:*.lrz=01;31:*.lz=01;31:*.lzo=01;31:*.xz=01;31:*.zst=01;31:*.tzst=01;31:*.bz2=01;31:*.bz=01;31:*.tbz=01;31:*.tbz2=01;31:*.tz=01;31:*.deb=01;31:*.rpm=01;31:*.jar=01;31:*.war=01;31:*.ear=01;31:*.sar=01;31:*.rar=01;31:*.alz=01;31:*.ace=01;31:*.zoo=01;31:*.cpio=01;31:*.7z=01;31:*.rz=01;31:*.cab=01;31:*.wim=01;31:*.swm=01;31:*.dwm=01;31:*.esd=01;31:*.jpg=01;35:*.jpeg=01;35:*.mjpg=01;35:*.mjpeg=01;35:*.gif=01;35:*.bmp=01;35:*.pbm=01;35:*.pgm=01;35:*.ppm=01;35:*.tga=01;35:*.xbm=01;35:*.xpm=01;35:*.tif=01;35:*.tiff=01;35:*.png=01;35:*.svg=01;35:*.svgz=01;35:*.mng=01;35:*.pcx=01;35:*.mov=01;35:*.mpg=01;35:*.mpeg=01;35:*.m2v=01;35:*.mkv=01;35:*.webm=01;35:*.webp=01;35:*.ogm=01;35:*.mp4=01;35:*.m4v=01;35:*.mp4v=01;35:*.vob=01;35:*.qt=01;35:*.nuv=01;35:*.wmv=01;35:*.asf=01;35:*.rm=01;35:*.rmvb=01;35:*.flc=01;35:*.avi=01;35:*.fli=01;35:*.flv=01;35:*.gl=01;35:*.dl=01;35:*.xcf=01;35:*.xwd=01;35:*.yuv=01;35:*.cgm=01;35:*.emf=01;35:*.ogv=01;35:*.ogx=01;35:*.aac=00;36:*.au=00;36:*.flac=00;36:*.m4a=00;36:*.mid=00;36:*.midi=00;36:*.mka=00;36:*.mp3=00;36:*.mpc=00;36:*.ogg=00;36:*.ra=00;36:*.wav=00;36:*.oga=00;36:*.opus=00;36:*.spx=00;36:*.xspf=00;36:'), ('VSCODE_GIT_IPC_HANDLE', '/run/user/1000/vscode-git-91c7b8982f.sock'), ('TERM_PROGRAM', 'vscode'), ('AMENT_PREFIX_PATH', '/opt/ros/humble'), ('SHELL', '/bin/bash'), ('LESSCLOSE', '/usr/bin/lesspipe %s %s'), ('VSCODE_GIT_ASKPASS_EXTRA_ARGS', ''), ('PWD', '/home/abc/ws01_plumbing/build/cpp04_param'), ('SSH_CONNECTION', '192.168.150.1 55401 192.168.150.128 22'), ('XDG_DATA_DIRS', '/usr/share/gnome:/usr/local/share:/usr/share:/var/lib/snapd/desktop'), ('PYTHONPATH', '/opt/ros/humble/lib/python3.10/site-packages:/opt/ros/humble/local/lib/python3.10/dist-packages'), ('COLCON', '1'), ('CMAKE_PREFIX_PATH', '/opt/ros/humble')]), 'shell': False}
[0.100145] (-) TimerEvent: {}
[0.200540] (-) TimerEvent: {}
[0.305363] (-) TimerEvent: {}
[0.406257] (-) TimerEvent: {}
[0.443186] (turtlesim) JobProgress: {'identifier': 'turtlesim', 'progress': 'cmake'}
[0.452774] (turtlesim) JobProgress: {'identifier': 'turtlesim', 'progress': 'build'}
[0.452849] (turtlesim) Command: {'cmd': ['/usr/bin/cmake', '--build', '/home/abc/ws01_plumbing/build/turtlesim', '--', '-j4', '-l4'], 'cwd': '/home/abc/ws01_plumbing/build/turtlesim', 'env': OrderedDict([('PYTHON_BASIC_REPL', '1'), ('LESSOPEN', '| /usr/bin/lesspipe %s'), ('LANGUAGE', 'zh_CN:zh'), ('USER', 'abc'), ('SSH_CLIENT', '192.168.150.1 55401 22'), ('XDG_SESSION_TYPE', 'tty'), ('GIT_ASKPASS', '/home/abc/.vscode-server/cli/servers/Stable-585eba7c0c34fd6b30faac7c62a42050bfbc0086/server/extensions/git/dist/askpass.sh'), ('SHLVL', '1'), ('LD_LIBRARY_PATH', '/opt/ros/humble/opt/rviz_ogre_vendor/lib:/opt/ros/humble/lib/x86_64-linux-gnu:/opt/ros/humble/lib'), ('BROWSER', '/home/abc/.vscode-server/cli/servers/Stable-585eba7c0c34fd6b30faac7c62a42050bfbc0086/server/bin/helpers/browser.sh'), ('MOTD_SHOWN', 'pam'), ('HOME', '/home/abc'), ('TERM_PROGRAM_VERSION', '1.108.1'), ('VSCODE_IPC_HOOK_CLI', '/run/user/1000/vscode-ipc-f7f99b24-bc5b-43d6-947e-2a9efb26413d.sock'), ('ROS_PYTHON_VERSION', '3'), ('VSCODE_GIT_ASKPASS_MAIN', '/home/abc/.vscode-server/cli/servers/Stable-585eba7c0c34fd6b30faac7c62a42050bfbc0086/server/extensions/git/dist/askpass-main.js'), ('VSCODE_GIT_ASKPASS_NODE', '/home/abc/.vscode-server/cli/servers/Stable-585eba7c0c34fd6b30faac7c62a42050bfbc0086/server/node'), ('SSL_CERT_FILE', '/usr/lib/ssl/certs/ca-certificates.crt'), ('PYDEVD_DISABLE_FILE_VALIDATION', '1'), ('BUNDLED_DEBUGPY_PATH', '/home/abc/.vscode-server/extensions/ms-python.debugpy-2025.18.0/bundled/libs/debugpy'), ('VSCODE_PYTHON_AUTOACTIVATE_GUARD', '1'), ('DBUS_SESSION_BUS_ADDRESS', 'unix:path=/run/user/1000/bus'), ('COLORTERM', 'truecolor'), ('ROS_DISTRO', 'humble'), ('LOGNAME', 'abc'), ('_', '/usr/bin/colcon'), ('ROS_VERSION', '2'), ('XDG_SESSION_CLASS', 'user'), ('TERM', 'xterm-256color'), ('XDG_SESSION_ID', '4'), ('ROS_LOCALHOST_ONLY', '0'), ('PATH', '/opt/loongson-gcc/bin:/home/abc/.vscode-server/data/User/globalStorage/github.copilot-chat/debugCommand:/home/abc/.vscode-server/data/User/globalStorage/github.copilot-chat/copilotCli:/home/abc/.vscode-server/cli/servers/Stable-585eba7c0c34fd6b30faac7c62a42050bfbc0086/server/bin/remote-cli:/opt/loongson-gcc/bin:/opt/ros/humble/bin:/usr/local/sbin:/usr/local/bin:/usr/sbin:/usr/bin:/sbin:/bin:/usr/games:/usr/local/games:/snap/bin:/home/abc/.vscode-server/extensions/ms-python.debugpy-2025.18.0/bundled/scripts/noConfigScripts'), ('XDG_RUNTIME_DIR', '/run/user/1000'), ('SSL_CERT_DIR', '/usr/lib/ssl/certs'), ('VSCODE_DEBUGPY_ADAPTER_ENDPOINTS', '/home/abc/.vscode-server/extensions/ms-python.debugpy-2025.18.0/.noConfigDebugAdapterEndpoints/endpoint-eb3adf4cb764e782.txt'), ('LANG', 'zh_CN.UTF-8'), ('PYTHONSTARTUP', '/home/abc/.vscode-server/data/User/workspaceStorage/20b236a14418f8956cef225c8512416f/ms-python.python/pythonrc.py'), ('LS_COLORS', 'rs=0:di=01;34:ln=01;36:mh=00:pi=40;33:so=01;35:do=01;35:bd=40;33;01:cd=40;33;01:or=40;31;01:mi=00:su=37;41:sg=30;43:ca=30;41:tw=30;42:ow=34;42:st=37;44:ex=01;32:*.tar=01;31:*.tgz=01;31:*.arc=01;31:*.arj=01;31:*.taz=01;31:*.lha=01;31:*.lz4=01;31:*.lzh=01;31:*.lzma=01;31:*.tlz=01;31:*.txz=01;31:*.tzo=01;31:*.t7z=01;31:*.zip=01;31:*.z=01;31:*.dz=01;31:*.gz=01;31:*.lrz=01;31:*.lz=01;31:*.lzo=01;31:*.xz=01;31:*.zst=01;31:*.tzst=01;31:*.bz2=01;31:*.bz=01;31:*.tbz=01;31:*.tbz2=01;31:*.tz=01;31:*.deb=01;31:*.rpm=01;31:*.jar=01;31:*.war=01;31:*.ear=01;31:*.sar=01;31:*.rar=01;31:*.alz=01;31:*.ace=01;31:*.zoo=01;31:*.cpio=01;31:*.7z=01;31:*.rz=01;31:*.cab=01;31:*.wim=01;31:*.swm=01;31:*.dwm=01;31:*.esd=01;31:*.jpg=01;35:*.jpeg=01;35:*.mjpg=01;35:*.mjpeg=01;35:*.gif=01;35:*.bmp=01;35:*.pbm=01;35:*.pgm=01;35:*.ppm=01;35:*.tga=01;35:*.xbm=01;35:*.xpm=01;35:*.tif=01;35:*.tiff=01;35:*.png=01;35:*.svg=01;35:*.svgz=01;35:*.mng=01;35:*.pcx=01;35:*.mov=01;35:*.mpg=01;35:*.mpeg=01;35:*.m2v=01;35:*.mkv=01;35:*.webm=01;35:*.webp=01;35:*.ogm=01;35:*.mp4=01;35:*.m4v=01;35:*.mp4v=01;35:*.vob=01;35:*.qt=01;35:*.nuv=01;35:*.wmv=01;35:*.asf=01;35:*.rm=01;35:*.rmvb=01;35:*.flc=01;35:*.avi=01;35:*.fli=01;35:*.flv=01;35:*.gl=01;35:*.dl=01;35:*.xcf=01;35:*.xwd=01;35:*.yuv=01;35:*.cgm=01;35:*.emf=01;35:*.ogv=01;35:*.ogx=01;35:*.aac=00;36:*.au=00;36:*.flac=00;36:*.m4a=00;36:*.mid=00;36:*.midi=00;36:*.mka=00;36:*.mp3=00;36:*.mpc=00;36:*.ogg=00;36:*.ra=00;36:*.wav=00;36:*.oga=00;36:*.opus=00;36:*.spx=00;36:*.xspf=00;36:'), ('VSCODE_GIT_IPC_HANDLE', '/run/user/1000/vscode-git-91c7b8982f.sock'), ('TERM_PROGRAM', 'vscode'), ('AMENT_PREFIX_PATH', '/opt/ros/humble'), ('SHELL', '/bin/bash'), ('LESSCLOSE', '/usr/bin/lesspipe %s %s'), ('VSCODE_GIT_ASKPASS_EXTRA_ARGS', ''), ('PWD', '/home/abc/ws01_plumbing/build/turtlesim'), ('SSH_CONNECTION', '192.168.150.1 55401 192.168.150.128 22'), ('XDG_DATA_DIRS', '/usr/share/gnome:/usr/local/share:/usr/share:/var/lib/snapd/desktop'), ('PYTHONPATH', '/opt/ros/humble/lib/python3.10/site-packages:/opt/ros/humble/local/lib/python3.10/dist-packages'), ('COLCON', '1'), ('CMAKE_PREFIX_PATH', '/opt/ros/humble')]), 'shell': False}
[0.464868] (base_interfaces_demo) StdoutLine: {'line': b'\x1b[35m\x1b[1mConsolidate compiler generated dependencies of target base_interfaces_demo__rosidl_generator_c\x1b[0m\n'}
[0.465042] (base_interfaces_demo) StdoutLine: {'line': b'[  1%] Built target base_interfaces_demo__cpp\n'}
[0.465087] (base_interfaces_demo) StdoutLine: {'line': b'[ 12%] Built target base_interfaces_demo__rosidl_generator_c\n'}
[0.466353] (base_interfaces_demo) StdoutLine: {'line': b'\x1b[35m\x1b[1mConsolidate compiler generated dependencies of target base_interfaces_demo__rosidl_typesupport_cpp\x1b[0m\n'}
[0.466398] (base_interfaces_demo) StdoutLine: {'line': b'\x1b[35m\x1b[1mConsolidate compiler generated dependencies of target base_interfaces_demo__rosidl_typesupport_fastrtps_cpp\x1b[0m\n'}
[0.466428] (base_interfaces_demo) StdoutLine: {'line': b'[ 12%] Built target ament_cmake_python_copy_base_interfaces_demo\n'}
[0.466459] (base_interfaces_demo) StdoutLine: {'line': b'\x1b[35m\x1b[1mConsolidate compiler generated dependencies of target base_interfaces_demo__rosidl_typesupport_introspection_cpp\x1b[0m\n'}
[0.466488] (base_interfaces_demo) StdoutLine: {'line': b'[ 23%] Built target base_interfaces_demo__rosidl_typesupport_cpp\n'}
[0.466516] (base_interfaces_demo) StdoutLine: {'line': b'[ 34%] Built target base_interfaces_demo__rosidl_typesupport_fastrtps_cpp\n'}
[0.466567] (base_interfaces_demo) StdoutLine: {'line': b'[ 46%] Built target base_interfaces_demo__rosidl_typesupport_introspection_cpp\n'}
[0.466598] (base_interfaces_demo) StdoutLine: {'line': b'\x1b[35m\x1b[1mConsolidate compiler generated dependencies of target base_interfaces_demo__rosidl_typesupport_c\x1b[0m\n'}
[0.466627] (base_interfaces_demo) StdoutLine: {'line': b'\x1b[35m\x1b[1mConsolidate compiler generated dependencies of target base_interfaces_demo__rosidl_typesupport_fastrtps_c\x1b[0m\n'}
[0.466658] (base_interfaces_demo) StdoutLine: {'line': b'\x1b[35m\x1b[1mConsolidate compiler generated dependencies of target base_interfaces_demo__rosidl_typesupport_introspection_c\x1b[0m\n'}
[0.466683] (base_interfaces_demo) StdoutLine: {'line': b'[ 57%] Built target base_interfaces_demo__rosidl_typesupport_c\n'}
[0.466711] (base_interfaces_demo) StdoutLine: {'line': b'[ 68%] Built target base_interfaces_demo__rosidl_typesupport_introspection_c\n'}
[0.466739] (base_interfaces_demo) StdoutLine: {'line': b'[ 79%] Built target base_interfaces_demo__rosidl_typesupport_fastrtps_c\n'}
[0.466794] (base_interfaces_demo) StdoutLine: {'line': b'[ 79%] Built target base_interfaces_demo\n'}
[0.466827] (base_interfaces_demo) StdoutLine: {'line': b'[ 80%] Built target base_interfaces_demo__py\n'}
[0.466854] (base_interfaces_demo) StdoutLine: {'line': b'\x1b[35m\x1b[1mConsolidate compiler generated dependencies of target base_interfaces_demo__rosidl_generator_py\x1b[0m\n'}
[0.466880] (base_interfaces_demo) StdoutLine: {'line': b'[ 90%] Built target base_interfaces_demo__rosidl_generator_py\n'}
[0.476153] (cpp04_param) StdoutLine: {'line': b'-- The C compiler identification is GNU 11.4.0\n'}
[0.476392] (cpp04_param) StdoutLine: {'line': b'-- The CXX compiler identification is GNU 11.4.0\n'}
[0.476464] (base_interfaces_demo) StdoutLine: {'line': b'\x1b[35m\x1b[1mConsolidate compiler generated dependencies of target base_interfaces_demo__rosidl_typesupport_fastrtps_c__pyext\x1b[0m\n'}
[0.481039] (base_interfaces_demo) StdoutLine: {'line': b'\x1b[35m\x1b[1mConsolidate compiler generated dependencies of target base_interfaces_demo__rosidl_typesupport_c__pyext\x1b[0m\n'}
[0.481286] (base_interfaces_demo) StdoutLine: {'line': b'\x1b[35m\x1b[1mConsolidate compiler generated dependencies of target base_interfaces_demo__rosidl_typesupport_introspection_c__pyext\x1b[0m\n'}
[0.506767] (-) TimerEvent: {}
[0.520591] (base_interfaces_demo) StdoutLine: {'line': b'[ 93%] Built target base_interfaces_demo__rosidl_typesupport_introspection_c__pyext\n'}
[0.520831] (base_interfaces_demo) StdoutLine: {'line': b'[ 96%] Built target base_interfaces_demo__rosidl_typesupport_c__pyext\n'}
[0.525452] (base_interfaces_demo) StdoutLine: {'line': b'[100%] Built target base_interfaces_demo__rosidl_typesupport_fastrtps_c__pyext\n'}
[0.532346] (cpp04_param) StdoutLine: {'line': b'-- Detecting C compiler ABI info\n'}
[0.606934] (-) TimerEvent: {}
[0.610413] (turtlesim) StdoutLine: {'line': b'[  1%] Built target turtlesim__cpp\n'}
[0.658627] (turtlesim) StdoutLine: {'line': b'[ 11%] Built target turtlesim__rosidl_generator_c\n'}
[0.686927] (turtlesim) StdoutLine: {'line': b'[ 21%] Built target turtlesim__rosidl_typesupport_cpp\n'}
[0.689734] (turtlesim) StdoutLine: {'line': b'[ 31%] Built target turtlesim__rosidl_typesupport_fastrtps_cpp\n'}
[0.707747] (turtlesim) StdoutLine: {'line': b'[ 41%] Built target turtlesim__rosidl_typesupport_introspection_cpp\n'}
[0.708582] (-) TimerEvent: {}
[0.711862] (base_interfaces_demo) StdoutLine: {'line': b'running egg_info\n'}
[0.712075] (base_interfaces_demo) StdoutLine: {'line': b'writing base_interfaces_demo.egg-info/PKG-INFO\n'}
[0.712113] (base_interfaces_demo) StdoutLine: {'line': b'writing dependency_links to base_interfaces_demo.egg-info/dependency_links.txt\n'}
[0.712176] (base_interfaces_demo) StdoutLine: {'line': b'writing top-level names to base_interfaces_demo.egg-info/top_level.txt\n'}
[0.717848] (turtlesim) StdoutLine: {'line': b'[ 41%] Built target ament_cmake_python_copy_turtlesim\n'}
[0.720202] (base_interfaces_demo) StdoutLine: {'line': b"reading manifest file 'base_interfaces_demo.egg-info/SOURCES.txt'\n"}
[0.721183] (base_interfaces_demo) StdoutLine: {'line': b"writing manifest file 'base_interfaces_demo.egg-info/SOURCES.txt'\n"}
[0.748011] (turtlesim) StdoutLine: {'line': b'[ 51%] Built target turtlesim__rosidl_typesupport_introspection_c\n'}
[0.748292] (turtlesim) StdoutLine: {'line': b'[ 61%] Built target turtlesim__rosidl_typesupport_fastrtps_c\n'}
[0.757551] (cpp04_param) StdoutLine: {'line': b'-- Detecting C compiler ABI info - done\n'}
[0.780783] (cpp04_param) StdoutLine: {'line': b'-- Check for working C compiler: /usr/bin/cc - skipped\n'}
[0.781003] (cpp04_param) StdoutLine: {'line': b'-- Detecting C compile features\n'}
[0.781052] (cpp04_param) StdoutLine: {'line': b'-- Detecting C compile features - done\n'}
[0.791897] (cpp04_param) StdoutLine: {'line': b'-- Detecting CXX compiler ABI info\n'}
[0.792969] (turtlesim) StdoutLine: {'line': b'[ 71%] Built target turtlesim__rosidl_typesupport_c\n'}
[0.810111] (turtlesim) StdoutLine: {'line': b'[ 77%] Built target turtlesim_node\n'}
[0.810298] (-) TimerEvent: {}
[0.813845] (base_interfaces_demo) StdoutLine: {'line': b'[100%] Built target ament_cmake_python_build_base_interfaces_demo_egg\n'}
[0.821006] (turtlesim) StdoutLine: {'line': b'[ 80%] Built target turtle_teleop_key\n'}
[0.839881] (turtlesim) StdoutLine: {'line': b'[ 81%] Built target draw_square\n'}
[0.867678] (turtlesim) StdoutLine: {'line': b'[ 81%] Built target turtlesim\n'}
[0.867910] (base_interfaces_demo) CommandEnded: {'returncode': 0}
[0.876354] (base_interfaces_demo) JobProgress: {'identifier': 'base_interfaces_demo', 'progress': 'install'}
[0.876606] (turtlesim) StdoutLine: {'line': b'[ 83%] Built target mimic\n'}
[0.893973] (base_interfaces_demo) Command: {'cmd': ['/usr/bin/cmake', '--install', '/home/abc/ws01_plumbing/build/base_interfaces_demo'], 'cwd': '/home/abc/ws01_plumbing/build/base_interfaces_demo', 'env': OrderedDict([('PYTHON_BASIC_REPL', '1'), ('LESSOPEN', '| /usr/bin/lesspipe %s'), ('LANGUAGE', 'zh_CN:zh'), ('USER', 'abc'), ('SSH_CLIENT', '192.168.150.1 55401 22'), ('XDG_SESSION_TYPE', 'tty'), ('GIT_ASKPASS', '/home/abc/.vscode-server/cli/servers/Stable-585eba7c0c34fd6b30faac7c62a42050bfbc0086/server/extensions/git/dist/askpass.sh'), ('SHLVL', '1'), ('LD_LIBRARY_PATH', '/opt/ros/humble/opt/rviz_ogre_vendor/lib:/opt/ros/humble/lib/x86_64-linux-gnu:/opt/ros/humble/lib'), ('BROWSER', '/home/abc/.vscode-server/cli/servers/Stable-585eba7c0c34fd6b30faac7c62a42050bfbc0086/server/bin/helpers/browser.sh'), ('MOTD_SHOWN', 'pam'), ('HOME', '/home/abc'), ('TERM_PROGRAM_VERSION', '1.108.1'), ('VSCODE_IPC_HOOK_CLI', '/run/user/1000/vscode-ipc-f7f99b24-bc5b-43d6-947e-2a9efb26413d.sock'), ('ROS_PYTHON_VERSION', '3'), ('VSCODE_GIT_ASKPASS_MAIN', '/home/abc/.vscode-server/cli/servers/Stable-585eba7c0c34fd6b30faac7c62a42050bfbc0086/server/extensions/git/dist/askpass-main.js'), ('VSCODE_GIT_ASKPASS_NODE', '/home/abc/.vscode-server/cli/servers/Stable-585eba7c0c34fd6b30faac7c62a42050bfbc0086/server/node'), ('SSL_CERT_FILE', '/usr/lib/ssl/certs/ca-certificates.crt'), ('PYDEVD_DISABLE_FILE_VALIDATION', '1'), ('BUNDLED_DEBUGPY_PATH', '/home/abc/.vscode-server/extensions/ms-python.debugpy-2025.18.0/bundled/libs/debugpy'), ('VSCODE_PYTHON_AUTOACTIVATE_GUARD', '1'), ('DBUS_SESSION_BUS_ADDRESS', 'unix:path=/run/user/1000/bus'), ('COLORTERM', 'truecolor'), ('ROS_DISTRO', 'humble'), ('LOGNAME', 'abc'), ('_', '/usr/bin/colcon'), ('ROS_VERSION', '2'), ('XDG_SESSION_CLASS', 'user'), ('TERM', 'xterm-256color'), ('XDG_SESSION_ID', '4'), ('ROS_LOCALHOST_ONLY', '0'), ('PATH', '/opt/loongson-gcc/bin:/home/abc/.vscode-server/data/User/globalStorage/github.copilot-chat/debugCommand:/home/abc/.vscode-server/data/User/globalStorage/github.copilot-chat/copilotCli:/home/abc/.vscode-server/cli/servers/Stable-585eba7c0c34fd6b30faac7c62a42050bfbc0086/server/bin/remote-cli:/opt/loongson-gcc/bin:/opt/ros/humble/bin:/usr/local/sbin:/usr/local/bin:/usr/sbin:/usr/bin:/sbin:/bin:/usr/games:/usr/local/games:/snap/bin:/home/abc/.vscode-server/extensions/ms-python.debugpy-2025.18.0/bundled/scripts/noConfigScripts'), ('XDG_RUNTIME_DIR', '/run/user/1000'), ('SSL_CERT_DIR', '/usr/lib/ssl/certs'), ('VSCODE_DEBUGPY_ADAPTER_ENDPOINTS', '/home/abc/.vscode-server/extensions/ms-python.debugpy-2025.18.0/.noConfigDebugAdapterEndpoints/endpoint-eb3adf4cb764e782.txt'), ('LANG', 'zh_CN.UTF-8'), ('PYTHONSTARTUP', '/home/abc/.vscode-server/data/User/workspaceStorage/20b236a14418f8956cef225c8512416f/ms-python.python/pythonrc.py'), ('LS_COLORS', 'rs=0:di=01;34:ln=01;36:mh=00:pi=40;33:so=01;35:do=01;35:bd=40;33;01:cd=40;33;01:or=40;31;01:mi=00:su=37;41:sg=30;43:ca=30;41:tw=30;42:ow=34;42:st=37;44:ex=01;32:*.tar=01;31:*.tgz=01;31:*.arc=01;31:*.arj=01;31:*.taz=01;31:*.lha=01;31:*.lz4=01;31:*.lzh=01;31:*.lzma=01;31:*.tlz=01;31:*.txz=01;31:*.tzo=01;31:*.t7z=01;31:*.zip=01;31:*.z=01;31:*.dz=01;31:*.gz=01;31:*.lrz=01;31:*.lz=01;31:*.lzo=01;31:*.xz=01;31:*.zst=01;31:*.tzst=01;31:*.bz2=01;31:*.bz=01;31:*.tbz=01;31:*.tbz2=01;31:*.tz=01;31:*.deb=01;31:*.rpm=01;31:*.jar=01;31:*.war=01;31:*.ear=01;31:*.sar=01;31:*.rar=01;31:*.alz=01;31:*.ace=01;31:*.zoo=01;31:*.cpio=01;31:*.7z=01;31:*.rz=01;31:*.cab=01;31:*.wim=01;31:*.swm=01;31:*.dwm=01;31:*.esd=01;31:*.jpg=01;35:*.jpeg=01;35:*.mjpg=01;35:*.mjpeg=01;35:*.gif=01;35:*.bmp=01;35:*.pbm=01;35:*.pgm=01;35:*.ppm=01;35:*.tga=01;35:*.xbm=01;35:*.xpm=01;35:*.tif=01;35:*.tiff=01;35:*.png=01;35:*.svg=01;35:*.svgz=01;35:*.mng=01;35:*.pcx=01;35:*.mov=01;35:*.mpg=01;35:*.mpeg=01;35:*.m2v=01;35:*.mkv=01;35:*.webm=01;35:*.webp=01;35:*.ogm=01;35:*.mp4=01;35:*.m4v=01;35:*.mp4v=01;35:*.vob=01;35:*.qt=01;35:*.nuv=01;35:*.wmv=01;35:*.asf=01;35:*.rm=01;35:*.rmvb=01;35:*.flc=01;35:*.avi=01;35:*.fli=01;35:*.flv=01;35:*.gl=01;35:*.dl=01;35:*.xcf=01;35:*.xwd=01;35:*.yuv=01;35:*.cgm=01;35:*.emf=01;35:*.ogv=01;35:*.ogx=01;35:*.aac=00;36:*.au=00;36:*.flac=00;36:*.m4a=00;36:*.mid=00;36:*.midi=00;36:*.mka=00;36:*.mp3=00;36:*.mpc=00;36:*.ogg=00;36:*.ra=00;36:*.wav=00;36:*.oga=00;36:*.opus=00;36:*.spx=00;36:*.xspf=00;36:'), ('VSCODE_GIT_IPC_HANDLE', '/run/user/1000/vscode-git-91c7b8982f.sock'), ('TERM_PROGRAM', 'vscode'), ('AMENT_PREFIX_PATH', '/opt/ros/humble'), ('SHELL', '/bin/bash'), ('LESSCLOSE', '/usr/bin/lesspipe %s %s'), ('VSCODE_GIT_ASKPASS_EXTRA_ARGS', ''), ('PWD', '/home/abc/ws01_plumbing/build/base_interfaces_demo'), ('SSH_CONNECTION', '192.168.150.1 55401 192.168.150.128 22'), ('XDG_DATA_DIRS', '/usr/share/gnome:/usr/local/share:/usr/share:/var/lib/snapd/desktop'), ('PYTHONPATH', '/opt/ros/humble/lib/python3.10/site-packages:/opt/ros/humble/local/lib/python3.10/dist-packages'), ('COLCON', '1'), ('CMAKE_PREFIX_PATH', '/opt/ros/humble')]), 'shell': False}
[0.911190] (base_interfaces_demo) StdoutLine: {'line': b'-- Install configuration: ""\n'}
[0.911472] (-) TimerEvent: {}
[0.911608] (base_interfaces_demo) StdoutLine: {'line': b'-- Up-to-date: /home/abc/ws01_plumbing/install/base_interfaces_demo/share/ament_index/resource_index/rosidl_interfaces/base_interfaces_demo\n'}
[0.912335] (base_interfaces_demo) StdoutLine: {'line': b'-- Up-to-date: /home/abc/ws01_plumbing/install/base_interfaces_demo/include/base_interfaces_demo/base_interfaces_demo\n'}
[0.912452] (base_interfaces_demo) StdoutLine: {'line': b'-- Up-to-date: /home/abc/ws01_plumbing/install/base_interfaces_demo/include/base_interfaces_demo/base_interfaces_demo/msg\n'}
[0.912549] (base_interfaces_demo) StdoutLine: {'line': b'-- Up-to-date: /home/abc/ws01_plumbing/install/base_interfaces_demo/include/base_interfaces_demo/base_interfaces_demo/msg/detail\n'}
[0.912611] (base_interfaces_demo) StdoutLine: {'line': b'-- Up-to-date: /home/abc/ws01_plumbing/install/base_interfaces_demo/include/base_interfaces_demo/base_interfaces_demo/msg/detail/student__functions.c\n'}
[0.912687] (base_interfaces_demo) StdoutLine: {'line': b'-- Up-to-date: /home/abc/ws01_plumbing/install/base_interfaces_demo/include/base_interfaces_demo/base_interfaces_demo/msg/detail/student__struct.h\n'}
[0.912739] (base_interfaces_demo) StdoutLine: {'line': b'-- Up-to-date: /home/abc/ws01_plumbing/install/base_interfaces_demo/include/base_interfaces_demo/base_interfaces_demo/msg/detail/student__functions.h\n'}
[0.912788] (base_interfaces_demo) StdoutLine: {'line': b'-- Up-to-date: /home/abc/ws01_plumbing/install/base_interfaces_demo/include/base_interfaces_demo/base_interfaces_demo/msg/detail/student__type_support.h\n'}
[0.912836] (base_interfaces_demo) StdoutLine: {'line': b'-- Up-to-date: /home/abc/ws01_plumbing/install/base_interfaces_demo/include/base_interfaces_demo/base_interfaces_demo/msg/rosidl_generator_c__visibility_control.h\n'}
[0.912890] (base_interfaces_demo) StdoutLine: {'line': b'-- Up-to-date: /home/abc/ws01_plumbing/install/base_interfaces_demo/include/base_interfaces_demo/base_interfaces_demo/msg/student.h\n'}
[0.912943] (base_interfaces_demo) StdoutLine: {'line': b'-- Up-to-date: /home/abc/ws01_plumbing/install/base_interfaces_demo/include/base_interfaces_demo/base_interfaces_demo/srv\n'}
[0.914416] (turtlesim) StdoutLine: {'line': b'[ 84%] Built target turtlesim__py\n'}
[0.916318] (base_interfaces_demo) StdoutLine: {'line': b'-- Up-to-date: /home/abc/ws01_plumbing/install/base_interfaces_demo/include/base_interfaces_demo/base_interfaces_demo/srv/detail\n'}
[0.916397] (base_interfaces_demo) StdoutLine: {'line': b'-- Up-to-date: /home/abc/ws01_plumbing/install/base_interfaces_demo/include/base_interfaces_demo/base_interfaces_demo/srv/detail/distance__type_support.h\n'}
[0.916432] (base_interfaces_demo) StdoutLine: {'line': b'-- Up-to-date: /home/abc/ws01_plumbing/install/base_interfaces_demo/include/base_interfaces_demo/base_interfaces_demo/srv/detail/add_ints__functions.c\n'}
[0.916461] (base_interfaces_demo) StdoutLine: {'line': b'-- Up-to-date: /home/abc/ws01_plumbing/install/base_interfaces_demo/include/base_interfaces_demo/base_interfaces_demo/srv/detail/distance__struct.h\n'}
[0.916545] (base_interfaces_demo) StdoutLine: {'line': b'-- Up-to-date: /home/abc/ws01_plumbing/install/base_interfaces_demo/include/base_interfaces_demo/base_interfaces_demo/srv/detail/distance__functions.c\n'}
[0.916581] (base_interfaces_demo) StdoutLine: {'line': b'-- Up-to-date: /home/abc/ws01_plumbing/install/base_interfaces_demo/include/base_interfaces_demo/base_interfaces_demo/srv/detail/distance__functions.h\n'}
[0.916608] (base_interfaces_demo) StdoutLine: {'line': b'-- Up-to-date: /home/abc/ws01_plumbing/install/base_interfaces_demo/include/base_interfaces_demo/base_interfaces_demo/srv/detail/add_ints__struct.h\n'}
[0.916635] (base_interfaces_demo) StdoutLine: {'line': b'-- Up-to-date: /home/abc/ws01_plumbing/install/base_interfaces_demo/include/base_interfaces_demo/base_interfaces_demo/srv/detail/add_ints__type_support.h\n'}
[0.916662] (base_interfaces_demo) StdoutLine: {'line': b'-- Up-to-date: /home/abc/ws01_plumbing/install/base_interfaces_demo/include/base_interfaces_demo/base_interfaces_demo/srv/detail/add_ints__functions.h\n'}
[0.916688] (base_interfaces_demo) StdoutLine: {'line': b'-- Up-to-date: /home/abc/ws01_plumbing/install/base_interfaces_demo/include/base_interfaces_demo/base_interfaces_demo/srv/add_ints.h\n'}
[0.916714] (base_interfaces_demo) StdoutLine: {'line': b'-- Up-to-date: /home/abc/ws01_plumbing/install/base_interfaces_demo/include/base_interfaces_demo/base_interfaces_demo/srv/distance.h\n'}
[0.916766] (base_interfaces_demo) StdoutLine: {'line': b'-- Up-to-date: /home/abc/ws01_plumbing/install/base_interfaces_demo/include/base_interfaces_demo/base_interfaces_demo/action\n'}
[0.916792] (base_interfaces_demo) StdoutLine: {'line': b'-- Up-to-date: /home/abc/ws01_plumbing/install/base_interfaces_demo/include/base_interfaces_demo/base_interfaces_demo/action/detail\n'}
[0.916817] (base_interfaces_demo) StdoutLine: {'line': b'-- Up-to-date: /home/abc/ws01_plumbing/install/base_interfaces_demo/include/base_interfaces_demo/base_interfaces_demo/action/detail/nav__functions.h\n'}
[0.916847] (base_interfaces_demo) StdoutLine: {'line': b'-- Up-to-date: /home/abc/ws01_plumbing/install/base_interfaces_demo/include/base_interfaces_demo/base_interfaces_demo/action/detail/progress__functions.h\n'}
[0.916871] (base_interfaces_demo) StdoutLine: {'line': b'-- Up-to-date: /home/abc/ws01_plumbing/install/base_interfaces_demo/include/base_interfaces_demo/base_interfaces_demo/action/detail/progress__struct.h\n'}
[0.916994] (base_interfaces_demo) StdoutLine: {'line': b'-- Up-to-date: /home/abc/ws01_plumbing/install/base_interfaces_demo/include/base_interfaces_demo/base_interfaces_demo/action/detail/progress__functions.c\n'}
[0.917022] (base_interfaces_demo) StdoutLine: {'line': b'-- Up-to-date: /home/abc/ws01_plumbing/install/base_interfaces_demo/include/base_interfaces_demo/base_interfaces_demo/action/detail/nav__functions.c\n'}
[0.917052] (base_interfaces_demo) StdoutLine: {'line': b'-- Up-to-date: /home/abc/ws01_plumbing/install/base_interfaces_demo/include/base_interfaces_demo/base_interfaces_demo/action/detail/progress__type_support.h\n'}
[0.917078] (base_interfaces_demo) StdoutLine: {'line': b'-- Up-to-date: /home/abc/ws01_plumbing/install/base_interfaces_demo/include/base_interfaces_demo/base_interfaces_demo/action/detail/nav__type_support.h\n'}
[0.917104] (base_interfaces_demo) StdoutLine: {'line': b'-- Up-to-date: /home/abc/ws01_plumbing/install/base_interfaces_demo/include/base_interfaces_demo/base_interfaces_demo/action/detail/nav__struct.h\n'}
[0.917128] (base_interfaces_demo) StdoutLine: {'line': b'-- Up-to-date: /home/abc/ws01_plumbing/install/base_interfaces_demo/include/base_interfaces_demo/base_interfaces_demo/action/nav.h\n'}
[0.917154] (base_interfaces_demo) StdoutLine: {'line': b'-- Up-to-date: /home/abc/ws01_plumbing/install/base_interfaces_demo/include/base_interfaces_demo/base_interfaces_demo/action/progress.h\n'}
[0.917179] (base_interfaces_demo) StdoutLine: {'line': b'-- Up-to-date: /home/abc/ws01_plumbing/install/base_interfaces_demo/share/base_interfaces_demo/environment/library_path.sh\n'}
[0.917204] (base_interfaces_demo) StdoutLine: {'line': b'-- Up-to-date: /home/abc/ws01_plumbing/install/base_interfaces_demo/share/base_interfaces_demo/environment/library_path.dsv\n'}
[0.917494] (base_interfaces_demo) StdoutLine: {'line': b'-- Up-to-date: /home/abc/ws01_plumbing/install/base_interfaces_demo/lib/libbase_interfaces_demo__rosidl_generator_c.so\n'}
[0.917565] (base_interfaces_demo) StdoutLine: {'line': b'-- Up-to-date: /home/abc/ws01_plumbing/install/base_interfaces_demo/include/base_interfaces_demo/base_interfaces_demo\n'}
[0.918276] (base_interfaces_demo) StdoutLine: {'line': b'-- Up-to-date: /home/abc/ws01_plumbing/install/base_interfaces_demo/include/base_interfaces_demo/base_interfaces_demo/msg\n'}
[0.918340] (base_interfaces_demo) StdoutLine: {'line': b'-- Up-to-date: /home/abc/ws01_plumbing/install/base_interfaces_demo/include/base_interfaces_demo/base_interfaces_demo/msg/detail\n'}
[0.918649] (base_interfaces_demo) StdoutLine: {'line': b'-- Up-to-date: /home/abc/ws01_plumbing/install/base_interfaces_demo/include/base_interfaces_demo/base_interfaces_demo/msg/detail/student__rosidl_typesupport_fastrtps_c.h\n'}
[0.918684] (base_interfaces_demo) StdoutLine: {'line': b'-- Up-to-date: /home/abc/ws01_plumbing/install/base_interfaces_demo/include/base_interfaces_demo/base_interfaces_demo/msg/rosidl_typesupport_fastrtps_c__visibility_control.h\n'}
[0.918816] (base_interfaces_demo) StdoutLine: {'line': b'-- Up-to-date: /home/abc/ws01_plumbing/install/base_interfaces_demo/include/base_interfaces_demo/base_interfaces_demo/srv\n'}
[0.918858] (base_interfaces_demo) StdoutLine: {'line': b'-- Up-to-date: /home/abc/ws01_plumbing/install/base_interfaces_demo/include/base_interfaces_demo/base_interfaces_demo/srv/detail\n'}
[0.918888] (base_interfaces_demo) StdoutLine: {'line': b'-- Up-to-date: /home/abc/ws01_plumbing/install/base_interfaces_demo/include/base_interfaces_demo/base_interfaces_demo/srv/detail/distance__rosidl_typesupport_fastrtps_c.h\n'}
[0.918915] (base_interfaces_demo) StdoutLine: {'line': b'-- Up-to-date: /home/abc/ws01_plumbing/install/base_interfaces_demo/include/base_interfaces_demo/base_interfaces_demo/srv/detail/add_ints__rosidl_typesupport_fastrtps_c.h\n'}
[0.918941] (base_interfaces_demo) StdoutLine: {'line': b'-- Up-to-date: /home/abc/ws01_plumbing/install/base_interfaces_demo/include/base_interfaces_demo/base_interfaces_demo/action\n'}
[0.918967] (base_interfaces_demo) StdoutLine: {'line': b'-- Up-to-date: /home/abc/ws01_plumbing/install/base_interfaces_demo/include/base_interfaces_demo/base_interfaces_demo/action/detail\n'}
[0.918993] (base_interfaces_demo) StdoutLine: {'line': b'-- Up-to-date: /home/abc/ws01_plumbing/install/base_interfaces_demo/include/base_interfaces_demo/base_interfaces_demo/action/detail/nav__rosidl_typesupport_fastrtps_c.h\n'}
[0.919026] (base_interfaces_demo) StdoutLine: {'line': b'-- Up-to-date: /home/abc/ws01_plumbing/install/base_interfaces_demo/include/base_interfaces_demo/base_interfaces_demo/action/detail/progress__rosidl_typesupport_fastrtps_c.h\n'}
[0.920128] (base_interfaces_demo) StdoutLine: {'line': b'-- Up-to-date: /home/abc/ws01_plumbing/install/base_interfaces_demo/lib/libbase_interfaces_demo__rosidl_typesupport_fastrtps_c.so\n'}
[0.921422] (base_interfaces_demo) StdoutLine: {'line': b'-- Up-to-date: /home/abc/ws01_plumbing/install/base_interfaces_demo/include/base_interfaces_demo/base_interfaces_demo\n'}
[0.921537] (base_interfaces_demo) StdoutLine: {'line': b'-- Up-to-date: /home/abc/ws01_plumbing/install/base_interfaces_demo/include/base_interfaces_demo/base_interfaces_demo/msg\n'}
[0.921623] (base_interfaces_demo) StdoutLine: {'line': b'-- Up-to-date: /home/abc/ws01_plumbing/install/base_interfaces_demo/include/base_interfaces_demo/base_interfaces_demo/msg/rosidl_typesupport_introspection_c__visibility_control.h\n'}
[0.921682] (base_interfaces_demo) StdoutLine: {'line': b'-- Up-to-date: /home/abc/ws01_plumbing/install/base_interfaces_demo/include/base_interfaces_demo/base_interfaces_demo/msg/detail\n'}
[0.921856] (base_interfaces_demo) StdoutLine: {'line': b'-- Up-to-date: /home/abc/ws01_plumbing/install/base_interfaces_demo/include/base_interfaces_demo/base_interfaces_demo/msg/detail/student__type_support.c\n'}
[0.921907] (base_interfaces_demo) StdoutLine: {'line': b'-- Up-to-date: /home/abc/ws01_plumbing/install/base_interfaces_demo/include/base_interfaces_demo/base_interfaces_demo/msg/detail/student__rosidl_typesupport_introspection_c.h\n'}
[0.921940] (base_interfaces_demo) StdoutLine: {'line': b'-- Up-to-date: /home/abc/ws01_plumbing/install/base_interfaces_demo/include/base_interfaces_demo/base_interfaces_demo/srv\n'}
[0.921967] (base_interfaces_demo) StdoutLine: {'line': b'-- Up-to-date: /home/abc/ws01_plumbing/install/base_interfaces_demo/include/base_interfaces_demo/base_interfaces_demo/srv/detail\n'}
[0.921994] (base_interfaces_demo) StdoutLine: {'line': b'-- Up-to-date: /home/abc/ws01_plumbing/install/base_interfaces_demo/include/base_interfaces_demo/base_interfaces_demo/srv/detail/add_ints__rosidl_typesupport_introspection_c.h\n'}
[0.922019] (base_interfaces_demo) StdoutLine: {'line': b'-- Up-to-date: /home/abc/ws01_plumbing/install/base_interfaces_demo/include/base_interfaces_demo/base_interfaces_demo/srv/detail/distance__type_support.c\n'}
[0.922045] (base_interfaces_demo) StdoutLine: {'line': b'-- Up-to-date: /home/abc/ws01_plumbing/install/base_interfaces_demo/include/base_interfaces_demo/base_interfaces_demo/srv/detail/distance__rosidl_typesupport_introspection_c.h\n'}
[0.922071] (base_interfaces_demo) StdoutLine: {'line': b'-- Up-to-date: /home/abc/ws01_plumbing/install/base_interfaces_demo/include/base_interfaces_demo/base_interfaces_demo/srv/detail/add_ints__type_support.c\n'}
[0.922096] (base_interfaces_demo) StdoutLine: {'line': b'-- Up-to-date: /home/abc/ws01_plumbing/install/base_interfaces_demo/include/base_interfaces_demo/base_interfaces_demo/action\n'}
[0.922121] (base_interfaces_demo) StdoutLine: {'line': b'-- Up-to-date: /home/abc/ws01_plumbing/install/base_interfaces_demo/include/base_interfaces_demo/base_interfaces_demo/action/detail\n'}
[0.922147] (base_interfaces_demo) StdoutLine: {'line': b'-- Up-to-date: /home/abc/ws01_plumbing/install/base_interfaces_demo/include/base_interfaces_demo/base_interfaces_demo/action/detail/progress__type_support.c\n'}
[0.922173] (base_interfaces_demo) StdoutLine: {'line': b'-- Up-to-date: /home/abc/ws01_plumbing/install/base_interfaces_demo/include/base_interfaces_demo/base_interfaces_demo/action/detail/nav__type_support.c\n'}
[0.922225] (base_interfaces_demo) StdoutLine: {'line': b'-- Up-to-date: /home/abc/ws01_plumbing/install/base_interfaces_demo/include/base_interfaces_demo/base_interfaces_demo/action/detail/progress__rosidl_typesupport_introspection_c.h\n'}
[0.922250] (base_interfaces_demo) StdoutLine: {'line': b'-- Up-to-date: /home/abc/ws01_plumbing/install/base_interfaces_demo/include/base_interfaces_demo/base_interfaces_demo/action/detail/nav__rosidl_typesupport_introspection_c.h\n'}
[0.924308] (base_interfaces_demo) StdoutLine: {'line': b'-- Up-to-date: /home/abc/ws01_plumbing/install/base_interfaces_demo/lib/libbase_interfaces_demo__rosidl_typesupport_introspection_c.so\n'}
[0.931553] (base_interfaces_demo) StdoutLine: {'line': b'-- Up-to-date: /home/abc/ws01_plumbing/install/base_interfaces_demo/lib/libbase_interfaces_demo__rosidl_typesupport_c.so\n'}
[0.931778] (base_interfaces_demo) StdoutLine: {'line': b'-- Up-to-date: /home/abc/ws01_plumbing/install/base_interfaces_demo/include/base_interfaces_demo/base_interfaces_demo\n'}
[0.931829] (base_interfaces_demo) StdoutLine: {'line': b'-- Up-to-date: /home/abc/ws01_plumbing/install/base_interfaces_demo/include/base_interfaces_demo/base_interfaces_demo/msg\n'}
[0.931859] (base_interfaces_demo) StdoutLine: {'line': b'-- Up-to-date: /home/abc/ws01_plumbing/install/base_interfaces_demo/include/base_interfaces_demo/base_interfaces_demo/msg/detail\n'}
[0.931887] (base_interfaces_demo) StdoutLine: {'line': b'-- Up-to-date: /home/abc/ws01_plumbing/install/base_interfaces_demo/include/base_interfaces_demo/base_interfaces_demo/msg/detail/student__traits.hpp\n'}
[0.931915] (base_interfaces_demo) StdoutLine: {'line': b'-- Up-to-date: /home/abc/ws01_plumbing/install/base_interfaces_demo/include/base_interfaces_demo/base_interfaces_demo/msg/detail/student__builder.hpp\n'}
[0.931940] (base_interfaces_demo) StdoutLine: {'line': b'-- Up-to-date: /home/abc/ws01_plumbing/install/base_interfaces_demo/include/base_interfaces_demo/base_interfaces_demo/msg/detail/student__struct.hpp\n'}
[0.931965] (base_interfaces_demo) StdoutLine: {'line': b'-- Up-to-date: /home/abc/ws01_plumbing/install/base_interfaces_demo/include/base_interfaces_demo/base_interfaces_demo/msg/detail/student__type_support.hpp\n'}
[0.931991] (base_interfaces_demo) StdoutLine: {'line': b'-- Up-to-date: /home/abc/ws01_plumbing/install/base_interfaces_demo/include/base_interfaces_demo/base_interfaces_demo/msg/student.hpp\n'}
[0.932015] (base_interfaces_demo) StdoutLine: {'line': b'-- Up-to-date: /home/abc/ws01_plumbing/install/base_interfaces_demo/include/base_interfaces_demo/base_interfaces_demo/msg/rosidl_generator_cpp__visibility_control.hpp\n'}
[0.932041] (base_interfaces_demo) StdoutLine: {'line': b'-- Up-to-date: /home/abc/ws01_plumbing/install/base_interfaces_demo/include/base_interfaces_demo/base_interfaces_demo/srv\n'}
[0.932066] (base_interfaces_demo) StdoutLine: {'line': b'-- Up-to-date: /home/abc/ws01_plumbing/install/base_interfaces_demo/include/base_interfaces_demo/base_interfaces_demo/srv/detail\n'}
[0.932091] (base_interfaces_demo) StdoutLine: {'line': b'-- Up-to-date: /home/abc/ws01_plumbing/install/base_interfaces_demo/include/base_interfaces_demo/base_interfaces_demo/srv/detail/add_ints__builder.hpp\n'}
[0.932116] (base_interfaces_demo) StdoutLine: {'line': b'-- Up-to-date: /home/abc/ws01_plumbing/install/base_interfaces_demo/include/base_interfaces_demo/base_interfaces_demo/srv/detail/add_ints__traits.hpp\n'}
[0.932209] (base_interfaces_demo) StdoutLine: {'line': b'-- Up-to-date: /home/abc/ws01_plumbing/install/base_interfaces_demo/include/base_interfaces_demo/base_interfaces_demo/srv/detail/distance__struct.hpp\n'}
[0.932247] (base_interfaces_demo) StdoutLine: {'line': b'-- Up-to-date: /home/abc/ws01_plumbing/install/base_interfaces_demo/include/base_interfaces_demo/base_interfaces_demo/srv/detail/add_ints__type_support.hpp\n'}
[0.932279] (base_interfaces_demo) StdoutLine: {'line': b'-- Up-to-date: /home/abc/ws01_plumbing/install/base_interfaces_demo/include/base_interfaces_demo/base_interfaces_demo/srv/detail/add_ints__struct.hpp\n'}
[0.932309] (base_interfaces_demo) StdoutLine: {'line': b'-- Up-to-date: /home/abc/ws01_plumbing/install/base_interfaces_demo/include/base_interfaces_demo/base_interfaces_demo/srv/detail/distance__type_support.hpp\n'}
[0.932336] (base_interfaces_demo) StdoutLine: {'line': b'-- Up-to-date: /home/abc/ws01_plumbing/install/base_interfaces_demo/include/base_interfaces_demo/base_interfaces_demo/srv/detail/distance__traits.hpp\n'}
[0.932368] (base_interfaces_demo) StdoutLine: {'line': b'-- Up-to-date: /home/abc/ws01_plumbing/install/base_interfaces_demo/include/base_interfaces_demo/base_interfaces_demo/srv/detail/distance__builder.hpp\n'}
[0.932396] (base_interfaces_demo) StdoutLine: {'line': b'-- Up-to-date: /home/abc/ws01_plumbing/install/base_interfaces_demo/include/base_interfaces_demo/base_interfaces_demo/srv/distance.hpp\n'}
[0.932424] (base_interfaces_demo) StdoutLine: {'line': b'-- Up-to-date: /home/abc/ws01_plumbing/install/base_interfaces_demo/include/base_interfaces_demo/base_interfaces_demo/srv/add_ints.hpp\n'}
[0.932450] (base_interfaces_demo) StdoutLine: {'line': b'-- Up-to-date: /home/abc/ws01_plumbing/install/base_interfaces_demo/include/base_interfaces_demo/base_interfaces_demo/action\n'}
[0.932476] (base_interfaces_demo) StdoutLine: {'line': b'-- Up-to-date: /home/abc/ws01_plumbing/install/base_interfaces_demo/include/base_interfaces_demo/base_interfaces_demo/action/progress.hpp\n'}
[0.932502] (base_interfaces_demo) StdoutLine: {'line': b'-- Up-to-date: /home/abc/ws01_plumbing/install/base_interfaces_demo/include/base_interfaces_demo/base_interfaces_demo/action/detail\n'}
[0.932528] (base_interfaces_demo) StdoutLine: {'line': b'-- Up-to-date: /home/abc/ws01_plumbing/install/base_interfaces_demo/include/base_interfaces_demo/base_interfaces_demo/action/detail/nav__type_support.hpp\n'}
[0.932561] (base_interfaces_demo) StdoutLine: {'line': b'-- Up-to-date: /home/abc/ws01_plumbing/install/base_interfaces_demo/include/base_interfaces_demo/base_interfaces_demo/action/detail/nav__builder.hpp\n'}
[0.932587] (base_interfaces_demo) StdoutLine: {'line': b'-- Up-to-date: /home/abc/ws01_plumbing/install/base_interfaces_demo/include/base_interfaces_demo/base_interfaces_demo/action/detail/progress__traits.hpp\n'}
[0.932612] (base_interfaces_demo) StdoutLine: {'line': b'-- Up-to-date: /home/abc/ws01_plumbing/install/base_interfaces_demo/include/base_interfaces_demo/base_interfaces_demo/action/detail/nav__struct.hpp\n'}
[0.932637] (base_interfaces_demo) StdoutLine: {'line': b'-- Up-to-date: /home/abc/ws01_plumbing/install/base_interfaces_demo/include/base_interfaces_demo/base_interfaces_demo/action/detail/progress__type_support.hpp\n'}
[0.932741] (base_interfaces_demo) StdoutLine: {'line': b'-- Up-to-date: /home/abc/ws01_plumbing/install/base_interfaces_demo/include/base_interfaces_demo/base_interfaces_demo/action/detail/progress__struct.hpp\n'}
[0.932774] (base_interfaces_demo) StdoutLine: {'line': b'-- Up-to-date: /home/abc/ws01_plumbing/install/base_interfaces_demo/include/base_interfaces_demo/base_interfaces_demo/action/detail/nav__traits.hpp\n'}
[0.932804] (base_interfaces_demo) StdoutLine: {'line': b'-- Up-to-date: /home/abc/ws01_plumbing/install/base_interfaces_demo/include/base_interfaces_demo/base_interfaces_demo/action/detail/progress__builder.hpp\n'}
[0.932834] (base_interfaces_demo) StdoutLine: {'line': b'-- Up-to-date: /home/abc/ws01_plumbing/install/base_interfaces_demo/include/base_interfaces_demo/base_interfaces_demo/action/nav.hpp\n'}
[0.932872] (base_interfaces_demo) StdoutLine: {'line': b'-- Up-to-date: /home/abc/ws01_plumbing/install/base_interfaces_demo/include/base_interfaces_demo/base_interfaces_demo\n'}
[0.932899] (base_interfaces_demo) StdoutLine: {'line': b'-- Up-to-date: /home/abc/ws01_plumbing/install/base_interfaces_demo/include/base_interfaces_demo/base_interfaces_demo/msg\n'}
[0.932924] (base_interfaces_demo) StdoutLine: {'line': b'-- Up-to-date: /home/abc/ws01_plumbing/install/base_interfaces_demo/include/base_interfaces_demo/base_interfaces_demo/msg/rosidl_typesupport_fastrtps_cpp__visibility_control.h\n'}
[0.932954] (base_interfaces_demo) StdoutLine: {'line': b'-- Up-to-date: /home/abc/ws01_plumbing/install/base_interfaces_demo/include/base_interfaces_demo/base_interfaces_demo/msg/detail\n'}
[0.932980] (base_interfaces_demo) StdoutLine: {'line': b'-- Up-to-date: /home/abc/ws01_plumbing/install/base_interfaces_demo/include/base_interfaces_demo/base_interfaces_demo/msg/detail/student__rosidl_typesupport_fastrtps_cpp.hpp\n'}
[0.933042] (base_interfaces_demo) StdoutLine: {'line': b'-- Up-to-date: /home/abc/ws01_plumbing/install/base_interfaces_demo/include/base_interfaces_demo/base_interfaces_demo/msg/detail/dds_fastrtps\n'}
[0.933076] (base_interfaces_demo) StdoutLine: {'line': b'-- Up-to-date: /home/abc/ws01_plumbing/install/base_interfaces_demo/include/base_interfaces_demo/base_interfaces_demo/srv\n'}
[0.933107] (base_interfaces_demo) StdoutLine: {'line': b'-- Up-to-date: /home/abc/ws01_plumbing/install/base_interfaces_demo/include/base_interfaces_demo/base_interfaces_demo/srv/detail\n'}
[0.933134] (base_interfaces_demo) StdoutLine: {'line': b'-- Up-to-date: /home/abc/ws01_plumbing/install/base_interfaces_demo/include/base_interfaces_demo/base_interfaces_demo/srv/detail/add_ints__rosidl_typesupport_fastrtps_cpp.hpp\n'}
[0.933160] (base_interfaces_demo) StdoutLine: {'line': b'-- Up-to-date: /home/abc/ws01_plumbing/install/base_interfaces_demo/include/base_interfaces_demo/base_interfaces_demo/srv/detail/distance__rosidl_typesupport_fastrtps_cpp.hpp\n'}
[0.933189] (base_interfaces_demo) StdoutLine: {'line': b'-- Up-to-date: /home/abc/ws01_plumbing/install/base_interfaces_demo/include/base_interfaces_demo/base_interfaces_demo/srv/detail/dds_fastrtps\n'}
[0.933215] (base_interfaces_demo) StdoutLine: {'line': b'-- Up-to-date: /home/abc/ws01_plumbing/install/base_interfaces_demo/include/base_interfaces_demo/base_interfaces_demo/action\n'}
[0.933294] (base_interfaces_demo) StdoutLine: {'line': b'-- Up-to-date: /home/abc/ws01_plumbing/install/base_interfaces_demo/include/base_interfaces_demo/base_interfaces_demo/action/detail\n'}
[0.933328] (base_interfaces_demo) StdoutLine: {'line': b'-- Up-to-date: /home/abc/ws01_plumbing/install/base_interfaces_demo/include/base_interfaces_demo/base_interfaces_demo/action/detail/nav__rosidl_typesupport_fastrtps_cpp.hpp\n'}
[0.933357] (base_interfaces_demo) StdoutLine: {'line': b'-- Up-to-date: /home/abc/ws01_plumbing/install/base_interfaces_demo/include/base_interfaces_demo/base_interfaces_demo/action/detail/progress__rosidl_typesupport_fastrtps_cpp.hpp\n'}
[0.933388] (base_interfaces_demo) StdoutLine: {'line': b'-- Up-to-date: /home/abc/ws01_plumbing/install/base_interfaces_demo/include/base_interfaces_demo/base_interfaces_demo/action/detail/dds_fastrtps\n'}
[0.936180] (base_interfaces_demo) StdoutLine: {'line': b'-- Up-to-date: /home/abc/ws01_plumbing/install/base_interfaces_demo/lib/libbase_interfaces_demo__rosidl_typesupport_fastrtps_cpp.so\n'}
[0.945078] (base_interfaces_demo) StdoutLine: {'line': b'-- Up-to-date: /home/abc/ws01_plumbing/install/base_interfaces_demo/include/base_interfaces_demo/base_interfaces_demo\n'}
[0.945257] (base_interfaces_demo) StdoutLine: {'line': b'-- Up-to-date: /home/abc/ws01_plumbing/install/base_interfaces_demo/include/base_interfaces_demo/base_interfaces_demo/msg\n'}
[0.945302] (base_interfaces_demo) StdoutLine: {'line': b'-- Up-to-date: /home/abc/ws01_plumbing/install/base_interfaces_demo/include/base_interfaces_demo/base_interfaces_demo/msg/detail\n'}
[0.945347] (base_interfaces_demo) StdoutLine: {'line': b'-- Up-to-date: /home/abc/ws01_plumbing/install/base_interfaces_demo/include/base_interfaces_demo/base_interfaces_demo/msg/detail/student__rosidl_typesupport_introspection_cpp.hpp\n'}
[0.945379] (base_interfaces_demo) StdoutLine: {'line': b'-- Up-to-date: /home/abc/ws01_plumbing/install/base_interfaces_demo/include/base_interfaces_demo/base_interfaces_demo/msg/detail/student__type_support.cpp\n'}
[0.945411] (base_interfaces_demo) StdoutLine: {'line': b'-- Up-to-date: /home/abc/ws01_plumbing/install/base_interfaces_demo/include/base_interfaces_demo/base_interfaces_demo/srv\n'}
[0.945439] (base_interfaces_demo) StdoutLine: {'line': b'-- Up-to-date: /home/abc/ws01_plumbing/install/base_interfaces_demo/include/base_interfaces_demo/base_interfaces_demo/srv/detail\n'}
[0.945467] (base_interfaces_demo) StdoutLine: {'line': b'-- Up-to-date: /home/abc/ws01_plumbing/install/base_interfaces_demo/include/base_interfaces_demo/base_interfaces_demo/srv/detail/distance__rosidl_typesupport_introspection_cpp.hpp\n'}
[0.945497] (base_interfaces_demo) StdoutLine: {'line': b'-- Up-to-date: /home/abc/ws01_plumbing/install/base_interfaces_demo/include/base_interfaces_demo/base_interfaces_demo/srv/detail/add_ints__rosidl_typesupport_introspection_cpp.hpp\n'}
[0.945525] (base_interfaces_demo) StdoutLine: {'line': b'-- Up-to-date: /home/abc/ws01_plumbing/install/base_interfaces_demo/include/base_interfaces_demo/base_interfaces_demo/srv/detail/add_ints__type_support.cpp\n'}
[0.945553] (base_interfaces_demo) StdoutLine: {'line': b'-- Up-to-date: /home/abc/ws01_plumbing/install/base_interfaces_demo/include/base_interfaces_demo/base_interfaces_demo/srv/detail/distance__type_support.cpp\n'}
[0.945580] (base_interfaces_demo) StdoutLine: {'line': b'-- Up-to-date: /home/abc/ws01_plumbing/install/base_interfaces_demo/include/base_interfaces_demo/base_interfaces_demo/action\n'}
[0.945607] (base_interfaces_demo) StdoutLine: {'line': b'-- Up-to-date: /home/abc/ws01_plumbing/install/base_interfaces_demo/include/base_interfaces_demo/base_interfaces_demo/action/detail\n'}
[0.945635] (base_interfaces_demo) StdoutLine: {'line': b'-- Up-to-date: /home/abc/ws01_plumbing/install/base_interfaces_demo/include/base_interfaces_demo/base_interfaces_demo/action/detail/nav__type_support.cpp\n'}
[0.945662] (base_interfaces_demo) StdoutLine: {'line': b'-- Up-to-date: /home/abc/ws01_plumbing/install/base_interfaces_demo/include/base_interfaces_demo/base_interfaces_demo/action/detail/progress__type_support.cpp\n'}
[0.945690] (base_interfaces_demo) StdoutLine: {'line': b'-- Up-to-date: /home/abc/ws01_plumbing/install/base_interfaces_demo/include/base_interfaces_demo/base_interfaces_demo/action/detail/progress__rosidl_typesupport_introspection_cpp.hpp\n'}
[0.945757] (base_interfaces_demo) StdoutLine: {'line': b'-- Up-to-date: /home/abc/ws01_plumbing/install/base_interfaces_demo/include/base_interfaces_demo/base_interfaces_demo/action/detail/nav__rosidl_typesupport_introspection_cpp.hpp\n'}
[0.945833] (base_interfaces_demo) StdoutLine: {'line': b'-- Up-to-date: /home/abc/ws01_plumbing/install/base_interfaces_demo/lib/libbase_interfaces_demo__rosidl_typesupport_introspection_cpp.so\n'}
[0.945872] (base_interfaces_demo) StdoutLine: {'line': b'-- Up-to-date: /home/abc/ws01_plumbing/install/base_interfaces_demo/lib/libbase_interfaces_demo__rosidl_typesupport_cpp.so\n'}
[0.946117] (base_interfaces_demo) StdoutLine: {'line': b'-- Up-to-date: /home/abc/ws01_plumbing/install/base_interfaces_demo/share/base_interfaces_demo/environment/pythonpath.sh\n'}
[0.946291] (base_interfaces_demo) StdoutLine: {'line': b'-- Up-to-date: /home/abc/ws01_plumbing/install/base_interfaces_demo/share/base_interfaces_demo/environment/pythonpath.dsv\n'}
[0.946587] (base_interfaces_demo) StdoutLine: {'line': b'-- Up-to-date: /home/abc/ws01_plumbing/install/base_interfaces_demo/local/lib/python3.10/dist-packages/base_interfaces_demo-0.0.0-py3.10.egg-info\n'}
[0.946697] (base_interfaces_demo) StdoutLine: {'line': b'-- Installing: /home/abc/ws01_plumbing/install/base_interfaces_demo/local/lib/python3.10/dist-packages/base_interfaces_demo-0.0.0-py3.10.egg-info/dependency_links.txt\n'}
[0.946769] (base_interfaces_demo) StdoutLine: {'line': b'-- Installing: /home/abc/ws01_plumbing/install/base_interfaces_demo/local/lib/python3.10/dist-packages/base_interfaces_demo-0.0.0-py3.10.egg-info/SOURCES.txt\n'}
[0.946804] (base_interfaces_demo) StdoutLine: {'line': b'-- Installing: /home/abc/ws01_plumbing/install/base_interfaces_demo/local/lib/python3.10/dist-packages/base_interfaces_demo-0.0.0-py3.10.egg-info/top_level.txt\n'}
[0.946834] (base_interfaces_demo) StdoutLine: {'line': b'-- Installing: /home/abc/ws01_plumbing/install/base_interfaces_demo/local/lib/python3.10/dist-packages/base_interfaces_demo-0.0.0-py3.10.egg-info/PKG-INFO\n'}
[0.948702] (base_interfaces_demo) StdoutLine: {'line': b'-- Up-to-date: /home/abc/ws01_plumbing/install/base_interfaces_demo/local/lib/python3.10/dist-packages/base_interfaces_demo\n'}
[0.949081] (base_interfaces_demo) StdoutLine: {'line': b'-- Up-to-date: /home/abc/ws01_plumbing/install/base_interfaces_demo/local/lib/python3.10/dist-packages/base_interfaces_demo/msg\n'}
[0.949172] (base_interfaces_demo) StdoutLine: {'line': b'-- Up-to-date: /home/abc/ws01_plumbing/install/base_interfaces_demo/local/lib/python3.10/dist-packages/base_interfaces_demo/msg/__init__.py\n'}
[0.949214] (base_interfaces_demo) StdoutLine: {'line': b'-- Up-to-date: /home/abc/ws01_plumbing/install/base_interfaces_demo/local/lib/python3.10/dist-packages/base_interfaces_demo/msg/_student_s.c\n'}
[0.949249] (base_interfaces_demo) StdoutLine: {'line': b'-- Up-to-date: /home/abc/ws01_plumbing/install/base_interfaces_demo/local/lib/python3.10/dist-packages/base_interfaces_demo/msg/_student.py\n'}
[0.949277] (base_interfaces_demo) StdoutLine: {'line': b'-- Up-to-date: /home/abc/ws01_plumbing/install/base_interfaces_demo/local/lib/python3.10/dist-packages/base_interfaces_demo/srv\n'}
[0.949303] (base_interfaces_demo) StdoutLine: {'line': b'-- Up-to-date: /home/abc/ws01_plumbing/install/base_interfaces_demo/local/lib/python3.10/dist-packages/base_interfaces_demo/srv/_add_ints.py\n'}
[0.951260] (base_interfaces_demo) StdoutLine: {'line': b'-- Up-to-date: /home/abc/ws01_plumbing/install/base_interfaces_demo/local/lib/python3.10/dist-packages/base_interfaces_demo/srv/__init__.py\n'}
[0.951368] (base_interfaces_demo) StdoutLine: {'line': b'-- Up-to-date: /home/abc/ws01_plumbing/install/base_interfaces_demo/local/lib/python3.10/dist-packages/base_interfaces_demo/srv/_distance.py\n'}
[0.951403] (base_interfaces_demo) StdoutLine: {'line': b'-- Up-to-date: /home/abc/ws01_plumbing/install/base_interfaces_demo/local/lib/python3.10/dist-packages/base_interfaces_demo/srv/_distance_s.c\n'}
[0.951433] (base_interfaces_demo) StdoutLine: {'line': b'-- Up-to-date: /home/abc/ws01_plumbing/install/base_interfaces_demo/local/lib/python3.10/dist-packages/base_interfaces_demo/srv/_add_ints_s.c\n'}
[0.951460] (base_interfaces_demo) StdoutLine: {'line': b'-- Up-to-date: /home/abc/ws01_plumbing/install/base_interfaces_demo/local/lib/python3.10/dist-packages/base_interfaces_demo/_base_interfaces_demo_s.ep.rosidl_typesupport_introspection_c.c\n'}
[0.951489] (base_interfaces_demo) StdoutLine: {'line': b'-- Up-to-date: /home/abc/ws01_plumbing/install/base_interfaces_demo/local/lib/python3.10/dist-packages/base_interfaces_demo/base_interfaces_demo_s__rosidl_typesupport_introspection_c.cpython-310-x86_64-linux-gnu.so\n'}
[0.951517] (base_interfaces_demo) StdoutLine: {'line': b'-- Up-to-date: /home/abc/ws01_plumbing/install/base_interfaces_demo/local/lib/python3.10/dist-packages/base_interfaces_demo/base_interfaces_demo_s__rosidl_typesupport_c.cpython-310-x86_64-linux-gnu.so\n'}
[0.951544] (base_interfaces_demo) StdoutLine: {'line': b'-- Up-to-date: /home/abc/ws01_plumbing/install/base_interfaces_demo/local/lib/python3.10/dist-packages/base_interfaces_demo/base_interfaces_demo_s__rosidl_typesupport_fastrtps_c.cpython-310-x86_64-linux-gnu.so\n'}
[0.951574] (base_interfaces_demo) StdoutLine: {'line': b'-- Up-to-date: /home/abc/ws01_plumbing/install/base_interfaces_demo/local/lib/python3.10/dist-packages/base_interfaces_demo/libbase_interfaces_demo__rosidl_generator_py.so\n'}
[0.951601] (base_interfaces_demo) StdoutLine: {'line': b'-- Up-to-date: /home/abc/ws01_plumbing/install/base_interfaces_demo/local/lib/python3.10/dist-packages/base_interfaces_demo/action\n'}
[0.951626] (base_interfaces_demo) StdoutLine: {'line': b'-- Up-to-date: /home/abc/ws01_plumbing/install/base_interfaces_demo/local/lib/python3.10/dist-packages/base_interfaces_demo/action/_progress.py\n'}
[0.951651] (base_interfaces_demo) StdoutLine: {'line': b'-- Up-to-date: /home/abc/ws01_plumbing/install/base_interfaces_demo/local/lib/python3.10/dist-packages/base_interfaces_demo/action/_progress_s.c\n'}
[0.951675] (base_interfaces_demo) StdoutLine: {'line': b'-- Up-to-date: /home/abc/ws01_plumbing/install/base_interfaces_demo/local/lib/python3.10/dist-packages/base_interfaces_demo/action/__init__.py\n'}
[0.951701] (base_interfaces_demo) StdoutLine: {'line': b'-- Up-to-date: /home/abc/ws01_plumbing/install/base_interfaces_demo/local/lib/python3.10/dist-packages/base_interfaces_demo/action/_nav_s.c\n'}
[0.951726] (base_interfaces_demo) StdoutLine: {'line': b'-- Up-to-date: /home/abc/ws01_plumbing/install/base_interfaces_demo/local/lib/python3.10/dist-packages/base_interfaces_demo/action/_nav.py\n'}
[0.951750] (base_interfaces_demo) StdoutLine: {'line': b'-- Up-to-date: /home/abc/ws01_plumbing/install/base_interfaces_demo/local/lib/python3.10/dist-packages/base_interfaces_demo/_base_interfaces_demo_s.ep.rosidl_typesupport_c.c\n'}
[0.951773] (base_interfaces_demo) StdoutLine: {'line': b'-- Up-to-date: /home/abc/ws01_plumbing/install/base_interfaces_demo/local/lib/python3.10/dist-packages/base_interfaces_demo/__init__.py\n'}
[0.951798] (base_interfaces_demo) StdoutLine: {'line': b'-- Up-to-date: /home/abc/ws01_plumbing/install/base_interfaces_demo/local/lib/python3.10/dist-packages/base_interfaces_demo/_base_interfaces_demo_s.ep.rosidl_typesupport_fastrtps_c.c\n'}
[0.973334] (turtlesim) StdoutLine: {'line': b'[ 93%] Built target turtlesim__rosidl_generator_py\n'}
[0.996950] (cpp04_param) StdoutLine: {'line': b'-- Detecting CXX compiler ABI info - done\n'}
[1.019184] (-) TimerEvent: {}
[1.039142] (turtlesim) StdoutLine: {'line': b'[ 96%] Built target turtlesim__rosidl_typesupport_c__pyext\n'}
[1.039668] (turtlesim) StdoutLine: {'line': b'[ 97%] Built target turtlesim__rosidl_typesupport_introspection_c__pyext\n'}
[1.047063] (cpp04_param) StdoutLine: {'line': b'-- Check for working CXX compiler: /usr/bin/c++ - skipped\n'}
[1.047335] (cpp04_param) StdoutLine: {'line': b'-- Detecting CXX compile features\n'}
[1.047384] (cpp04_param) StdoutLine: {'line': b'-- Detecting CXX compile features - done\n'}
[1.047440] (base_interfaces_demo) StdoutLine: {'line': b"Listing '/home/abc/ws01_plumbing/install/base_interfaces_demo/local/lib/python3.10/dist-packages/base_interfaces_demo'...\n"}
[1.047508] (base_interfaces_demo) StdoutLine: {'line': b"Listing '/home/abc/ws01_plumbing/install/base_interfaces_demo/local/lib/python3.10/dist-packages/base_interfaces_demo/action'...\n"}
[1.047537] (base_interfaces_demo) StdoutLine: {'line': b"Listing '/home/abc/ws01_plumbing/install/base_interfaces_demo/local/lib/python3.10/dist-packages/base_interfaces_demo/msg'...\n"}
[1.047564] (base_interfaces_demo) StdoutLine: {'line': b"Listing '/home/abc/ws01_plumbing/install/base_interfaces_demo/local/lib/python3.10/dist-packages/base_interfaces_demo/srv'...\n"}
[1.054638] (turtlesim) StdoutLine: {'line': b'[100%] Built target turtlesim__rosidl_typesupport_fastrtps_c__pyext\n'}
[1.059595] (cpp04_param) StdoutLine: {'line': b'-- Found ament_cmake: 1.3.11 (/opt/ros/humble/share/ament_cmake/cmake)\n'}
[1.060013] (base_interfaces_demo) StdoutLine: {'line': b'-- Up-to-date: /home/abc/ws01_plumbing/install/base_interfaces_demo/local/lib/python3.10/dist-packages/base_interfaces_demo/base_interfaces_demo_s__rosidl_typesupport_fastrtps_c.cpython-310-x86_64-linux-gnu.so\n'}
[1.064115] (base_interfaces_demo) StdoutLine: {'line': b'-- Up-to-date: /home/abc/ws01_plumbing/install/base_interfaces_demo/local/lib/python3.10/dist-packages/base_interfaces_demo/base_interfaces_demo_s__rosidl_typesupport_introspection_c.cpython-310-x86_64-linux-gnu.so\n'}
[1.065737] (base_interfaces_demo) StdoutLine: {'line': b'-- Up-to-date: /home/abc/ws01_plumbing/install/base_interfaces_demo/local/lib/python3.10/dist-packages/base_interfaces_demo/base_interfaces_demo_s__rosidl_typesupport_c.cpython-310-x86_64-linux-gnu.so\n'}
[1.072349] (base_interfaces_demo) StdoutLine: {'line': b'-- Up-to-date: /home/abc/ws01_plumbing/install/base_interfaces_demo/lib/libbase_interfaces_demo__rosidl_generator_py.so\n'}
[1.072514] (base_interfaces_demo) StdoutLine: {'line': b'-- Up-to-date: /home/abc/ws01_plumbing/install/base_interfaces_demo/share/base_interfaces_demo/msg/Student.idl\n'}
[1.072561] (base_interfaces_demo) StdoutLine: {'line': b'-- Up-to-date: /home/abc/ws01_plumbing/install/base_interfaces_demo/share/base_interfaces_demo/srv/AddInts.idl\n'}
[1.072599] (base_interfaces_demo) StdoutLine: {'line': b'-- Up-to-date: /home/abc/ws01_plumbing/install/base_interfaces_demo/share/base_interfaces_demo/srv/Distance.idl\n'}
[1.072626] (base_interfaces_demo) StdoutLine: {'line': b'-- Up-to-date: /home/abc/ws01_plumbing/install/base_interfaces_demo/share/base_interfaces_demo/action/Progress.idl\n'}
[1.072652] (base_interfaces_demo) StdoutLine: {'line': b'-- Up-to-date: /home/abc/ws01_plumbing/install/base_interfaces_demo/share/base_interfaces_demo/action/Nav.idl\n'}
[1.072678] (base_interfaces_demo) StdoutLine: {'line': b'-- Up-to-date: /home/abc/ws01_plumbing/install/base_interfaces_demo/share/base_interfaces_demo/msg/Student.msg\n'}
[1.072703] (base_interfaces_demo) StdoutLine: {'line': b'-- Up-to-date: /home/abc/ws01_plumbing/install/base_interfaces_demo/share/base_interfaces_demo/srv/AddInts.srv\n'}
[1.074685] (base_interfaces_demo) StdoutLine: {'line': b'-- Up-to-date: /home/abc/ws01_plumbing/install/base_interfaces_demo/share/base_interfaces_demo/srv/AddInts_Request.msg\n'}
[1.074845] (base_interfaces_demo) StdoutLine: {'line': b'-- Up-to-date: /home/abc/ws01_plumbing/install/base_interfaces_demo/share/base_interfaces_demo/srv/AddInts_Response.msg\n'}
[1.074881] (base_interfaces_demo) StdoutLine: {'line': b'-- Up-to-date: /home/abc/ws01_plumbing/install/base_interfaces_demo/share/base_interfaces_demo/srv/Distance.srv\n'}
[1.074914] (base_interfaces_demo) StdoutLine: {'line': b'-- Up-to-date: /home/abc/ws01_plumbing/install/base_interfaces_demo/share/base_interfaces_demo/srv/Distance_Request.msg\n'}
[1.074941] (base_interfaces_demo) StdoutLine: {'line': b'-- Up-to-date: /home/abc/ws01_plumbing/install/base_interfaces_demo/share/base_interfaces_demo/srv/Distance_Response.msg\n'}
[1.074967] (base_interfaces_demo) StdoutLine: {'line': b'-- Up-to-date: /home/abc/ws01_plumbing/install/base_interfaces_demo/share/base_interfaces_demo/action/Progress.action\n'}
[1.074992] (base_interfaces_demo) StdoutLine: {'line': b'-- Up-to-date: /home/abc/ws01_plumbing/install/base_interfaces_demo/share/base_interfaces_demo/action/Nav.action\n'}
[1.075017] (base_interfaces_demo) StdoutLine: {'line': b'-- Up-to-date: /home/abc/ws01_plumbing/install/base_interfaces_demo/share/ament_index/resource_index/package_run_dependencies/base_interfaces_demo\n'}
[1.075045] (base_interfaces_demo) StdoutLine: {'line': b'-- Up-to-date: /home/abc/ws01_plumbing/install/base_interfaces_demo/share/ament_index/resource_index/parent_prefix_path/base_interfaces_demo\n'}
[1.075070] (base_interfaces_demo) StdoutLine: {'line': b'-- Up-to-date: /home/abc/ws01_plumbing/install/base_interfaces_demo/share/base_interfaces_demo/environment/ament_prefix_path.sh\n'}
[1.075095] (base_interfaces_demo) StdoutLine: {'line': b'-- Up-to-date: /home/abc/ws01_plumbing/install/base_interfaces_demo/share/base_interfaces_demo/environment/ament_prefix_path.dsv\n'}
[1.075120] (base_interfaces_demo) StdoutLine: {'line': b'-- Up-to-date: /home/abc/ws01_plumbing/install/base_interfaces_demo/share/base_interfaces_demo/environment/path.sh\n'}
[1.075144] (base_interfaces_demo) StdoutLine: {'line': b'-- Up-to-date: /home/abc/ws01_plumbing/install/base_interfaces_demo/share/base_interfaces_demo/environment/path.dsv\n'}
[1.075168] (base_interfaces_demo) StdoutLine: {'line': b'-- Up-to-date: /home/abc/ws01_plumbing/install/base_interfaces_demo/share/base_interfaces_demo/local_setup.bash\n'}
[1.075192] (base_interfaces_demo) StdoutLine: {'line': b'-- Up-to-date: /home/abc/ws01_plumbing/install/base_interfaces_demo/share/base_interfaces_demo/local_setup.sh\n'}
[1.075217] (base_interfaces_demo) StdoutLine: {'line': b'-- Up-to-date: /home/abc/ws01_plumbing/install/base_interfaces_demo/share/base_interfaces_demo/local_setup.zsh\n'}
[1.075242] (base_interfaces_demo) StdoutLine: {'line': b'-- Up-to-date: /home/abc/ws01_plumbing/install/base_interfaces_demo/share/base_interfaces_demo/local_setup.dsv\n'}
[1.075268] (base_interfaces_demo) StdoutLine: {'line': b'-- Installing: /home/abc/ws01_plumbing/install/base_interfaces_demo/share/base_interfaces_demo/package.dsv\n'}
[1.075292] (base_interfaces_demo) StdoutLine: {'line': b'-- Up-to-date: /home/abc/ws01_plumbing/install/base_interfaces_demo/share/ament_index/resource_index/packages/base_interfaces_demo\n'}
[1.077231] (base_interfaces_demo) StdoutLine: {'line': b'-- Up-to-date: /home/abc/ws01_plumbing/install/base_interfaces_demo/share/base_interfaces_demo/cmake/export_base_interfaces_demo__rosidl_generator_cExport.cmake\n'}
[1.077403] (base_interfaces_demo) StdoutLine: {'line': b'-- Up-to-date: /home/abc/ws01_plumbing/install/base_interfaces_demo/share/base_interfaces_demo/cmake/export_base_interfaces_demo__rosidl_generator_cExport-noconfig.cmake\n'}
[1.095028] (base_interfaces_demo) StdoutLine: {'line': b'-- Up-to-date: /home/abc/ws01_plumbing/install/base_interfaces_demo/share/base_interfaces_demo/cmake/export_base_interfaces_demo__rosidl_typesupport_fastrtps_cExport.cmake\n'}
[1.096903] (base_interfaces_demo) StdoutLine: {'line': b'-- Up-to-date: /home/abc/ws01_plumbing/install/base_interfaces_demo/share/base_interfaces_demo/cmake/export_base_interfaces_demo__rosidl_typesupport_fastrtps_cExport-noconfig.cmake\n'}
[1.096972] (py04_param) Command: {'cmd': ['/usr/bin/python3', '-W', 'ignore:setup.py install is deprecated', '-W', 'ignore:easy_install command is deprecated', 'setup.py', 'egg_info', '--egg-base', '../../build/py04_param', 'build', '--build-base', '/home/abc/ws01_plumbing/build/py04_param/build', 'install', '--record', '/home/abc/ws01_plumbing/build/py04_param/install.log', '--single-version-externally-managed', 'install_data'], 'cwd': '/home/abc/ws01_plumbing/src/py04_param', 'env': {'PYTHON_BASIC_REPL': '1', 'LESSOPEN': '| /usr/bin/lesspipe %s', 'LANGUAGE': 'zh_CN:zh', 'USER': 'abc', 'SSH_CLIENT': '192.168.150.1 55401 22', 'XDG_SESSION_TYPE': 'tty', 'GIT_ASKPASS': '/home/abc/.vscode-server/cli/servers/Stable-585eba7c0c34fd6b30faac7c62a42050bfbc0086/server/extensions/git/dist/askpass.sh', 'SHLVL': '1', 'LD_LIBRARY_PATH': '/opt/ros/humble/opt/rviz_ogre_vendor/lib:/opt/ros/humble/lib/x86_64-linux-gnu:/opt/ros/humble/lib', 'BROWSER': '/home/abc/.vscode-server/cli/servers/Stable-585eba7c0c34fd6b30faac7c62a42050bfbc0086/server/bin/helpers/browser.sh', 'MOTD_SHOWN': 'pam', 'HOME': '/home/abc', 'TERM_PROGRAM_VERSION': '1.108.1', 'VSCODE_IPC_HOOK_CLI': '/run/user/1000/vscode-ipc-f7f99b24-bc5b-43d6-947e-2a9efb26413d.sock', 'ROS_PYTHON_VERSION': '3', 'VSCODE_GIT_ASKPASS_MAIN': '/home/abc/.vscode-server/cli/servers/Stable-585eba7c0c34fd6b30faac7c62a42050bfbc0086/server/extensions/git/dist/askpass-main.js', 'VSCODE_GIT_ASKPASS_NODE': '/home/abc/.vscode-server/cli/servers/Stable-585eba7c0c34fd6b30faac7c62a42050bfbc0086/server/node', 'SSL_CERT_FILE': '/usr/lib/ssl/certs/ca-certificates.crt', 'PYDEVD_DISABLE_FILE_VALIDATION': '1', 'BUNDLED_DEBUGPY_PATH': '/home/abc/.vscode-server/extensions/ms-python.debugpy-2025.18.0/bundled/libs/debugpy', 'VSCODE_PYTHON_AUTOACTIVATE_GUARD': '1', 'DBUS_SESSION_BUS_ADDRESS': 'unix:path=/run/user/1000/bus', 'COLORTERM': 'truecolor', 'ROS_DISTRO': 'humble', 'LOGNAME': 'abc', '_': '/usr/bin/colcon', 'ROS_VERSION': '2', 'XDG_SESSION_CLASS': 'user', 'TERM': 'xterm-256color', 'XDG_SESSION_ID': '4', 'ROS_LOCALHOST_ONLY': '0', 'PATH': '/opt/loongson-gcc/bin:/home/abc/.vscode-server/data/User/globalStorage/github.copilot-chat/debugCommand:/home/abc/.vscode-server/data/User/globalStorage/github.copilot-chat/copilotCli:/home/abc/.vscode-server/cli/servers/Stable-585eba7c0c34fd6b30faac7c62a42050bfbc0086/server/bin/remote-cli:/opt/loongson-gcc/bin:/opt/ros/humble/bin:/usr/local/sbin:/usr/local/bin:/usr/sbin:/usr/bin:/sbin:/bin:/usr/games:/usr/local/games:/snap/bin:/home/abc/.vscode-server/extensions/ms-python.debugpy-2025.18.0/bundled/scripts/noConfigScripts', 'XDG_RUNTIME_DIR': '/run/user/1000', 'SSL_CERT_DIR': '/usr/lib/ssl/certs', 'VSCODE_DEBUGPY_ADAPTER_ENDPOINTS': '/home/abc/.vscode-server/extensions/ms-python.debugpy-2025.18.0/.noConfigDebugAdapterEndpoints/endpoint-eb3adf4cb764e782.txt', 'LANG': 'zh_CN.UTF-8', 'PYTHONSTARTUP': '/home/abc/.vscode-server/data/User/workspaceStorage/20b236a14418f8956cef225c8512416f/ms-python.python/pythonrc.py', 'LS_COLORS': 'rs=0:di=01;34:ln=01;36:mh=00:pi=40;33:so=01;35:do=01;35:bd=40;33;01:cd=40;33;01:or=40;31;01:mi=00:su=37;41:sg=30;43:ca=30;41:tw=30;42:ow=34;42:st=37;44:ex=01;32:*.tar=01;31:*.tgz=01;31:*.arc=01;31:*.arj=01;31:*.taz=01;31:*.lha=01;31:*.lz4=01;31:*.lzh=01;31:*.lzma=01;31:*.tlz=01;31:*.txz=01;31:*.tzo=01;31:*.t7z=01;31:*.zip=01;31:*.z=01;31:*.dz=01;31:*.gz=01;31:*.lrz=01;31:*.lz=01;31:*.lzo=01;31:*.xz=01;31:*.zst=01;31:*.tzst=01;31:*.bz2=01;31:*.bz=01;31:*.tbz=01;31:*.tbz2=01;31:*.tz=01;31:*.deb=01;31:*.rpm=01;31:*.jar=01;31:*.war=01;31:*.ear=01;31:*.sar=01;31:*.rar=01;31:*.alz=01;31:*.ace=01;31:*.zoo=01;31:*.cpio=01;31:*.7z=01;31:*.rz=01;31:*.cab=01;31:*.wim=01;31:*.swm=01;31:*.dwm=01;31:*.esd=01;31:*.jpg=01;35:*.jpeg=01;35:*.mjpg=01;35:*.mjpeg=01;35:*.gif=01;35:*.bmp=01;35:*.pbm=01;35:*.pgm=01;35:*.ppm=01;35:*.tga=01;35:*.xbm=01;35:*.xpm=01;35:*.tif=01;35:*.tiff=01;35:*.png=01;35:*.svg=01;35:*.svgz=01;35:*.mng=01;35:*.pcx=01;35:*.mov=01;35:*.mpg=01;35:*.mpeg=01;35:*.m2v=01;35:*.mkv=01;35:*.webm=01;35:*.webp=01;35:*.ogm=01;35:*.mp4=01;35:*.m4v=01;35:*.mp4v=01;35:*.vob=01;35:*.qt=01;35:*.nuv=01;35:*.wmv=01;35:*.asf=01;35:*.rm=01;35:*.rmvb=01;35:*.flc=01;35:*.avi=01;35:*.fli=01;35:*.flv=01;35:*.gl=01;35:*.dl=01;35:*.xcf=01;35:*.xwd=01;35:*.yuv=01;35:*.cgm=01;35:*.emf=01;35:*.ogv=01;35:*.ogx=01;35:*.aac=00;36:*.au=00;36:*.flac=00;36:*.m4a=00;36:*.mid=00;36:*.midi=00;36:*.mka=00;36:*.mp3=00;36:*.mpc=00;36:*.ogg=00;36:*.ra=00;36:*.wav=00;36:*.oga=00;36:*.opus=00;36:*.spx=00;36:*.xspf=00;36:', 'VSCODE_GIT_IPC_HANDLE': '/run/user/1000/vscode-git-91c7b8982f.sock', 'TERM_PROGRAM': 'vscode', 'AMENT_PREFIX_PATH': '/opt/ros/humble', 'SHELL': '/bin/bash', 'LESSCLOSE': '/usr/bin/lesspipe %s %s', 'VSCODE_GIT_ASKPASS_EXTRA_ARGS': '', 'PWD': '/home/abc/ws01_plumbing/build/py04_param', 'SSH_CONNECTION': '192.168.150.1 55401 192.168.150.128 22', 'XDG_DATA_DIRS': '/usr/share/gnome:/usr/local/share:/usr/share:/var/lib/snapd/desktop', 'PYTHONPATH': '/home/abc/ws01_plumbing/build/py04_param/prefix_override:/usr/lib/python3/dist-packages/colcon_core/task/python/colcon_distutils_commands:/home/abc/ws01_plumbing/install/py04_param/lib/python3.10/site-packages:/opt/ros/humble/lib/python3.10/site-packages:/opt/ros/humble/local/lib/python3.10/dist-packages', 'COLCON': '1'}, 'shell': False}
[1.097424] (base_interfaces_demo) StdoutLine: {'line': b'-- Up-to-date: /home/abc/ws01_plumbing/install/base_interfaces_demo/share/base_interfaces_demo/cmake/base_interfaces_demo__rosidl_typesupport_introspection_cExport.cmake\n'}
[1.097513] (base_interfaces_demo) StdoutLine: {'line': b'-- Up-to-date: /home/abc/ws01_plumbing/install/base_interfaces_demo/share/base_interfaces_demo/cmake/base_interfaces_demo__rosidl_typesupport_introspection_cExport-noconfig.cmake\n'}
[1.097546] (base_interfaces_demo) StdoutLine: {'line': b'-- Up-to-date: /home/abc/ws01_plumbing/install/base_interfaces_demo/share/base_interfaces_demo/cmake/base_interfaces_demo__rosidl_typesupport_cExport.cmake\n'}
[1.097574] (base_interfaces_demo) StdoutLine: {'line': b'-- Up-to-date: /home/abc/ws01_plumbing/install/base_interfaces_demo/share/base_interfaces_demo/cmake/base_interfaces_demo__rosidl_typesupport_cExport-noconfig.cmake\n'}
[1.097603] (base_interfaces_demo) StdoutLine: {'line': b'-- Up-to-date: /home/abc/ws01_plumbing/install/base_interfaces_demo/share/base_interfaces_demo/cmake/export_base_interfaces_demo__rosidl_generator_cppExport.cmake\n'}
[1.097631] (base_interfaces_demo) StdoutLine: {'line': b'-- Up-to-date: /home/abc/ws01_plumbing/install/base_interfaces_demo/share/base_interfaces_demo/cmake/export_base_interfaces_demo__rosidl_typesupport_fastrtps_cppExport.cmake\n'}
[1.097661] (base_interfaces_demo) StdoutLine: {'line': b'-- Up-to-date: /home/abc/ws01_plumbing/install/base_interfaces_demo/share/base_interfaces_demo/cmake/export_base_interfaces_demo__rosidl_typesupport_fastrtps_cppExport-noconfig.cmake\n'}
[1.097698] (base_interfaces_demo) StdoutLine: {'line': b'-- Up-to-date: /home/abc/ws01_plumbing/install/base_interfaces_demo/share/base_interfaces_demo/cmake/base_interfaces_demo__rosidl_typesupport_introspection_cppExport.cmake\n'}
[1.097724] (base_interfaces_demo) StdoutLine: {'line': b'-- Up-to-date: /home/abc/ws01_plumbing/install/base_interfaces_demo/share/base_interfaces_demo/cmake/base_interfaces_demo__rosidl_typesupport_introspection_cppExport-noconfig.cmake\n'}
[1.100955] (base_interfaces_demo) StdoutLine: {'line': b'-- Up-to-date: /home/abc/ws01_plumbing/install/base_interfaces_demo/share/base_interfaces_demo/cmake/base_interfaces_demo__rosidl_typesupport_cppExport.cmake\n'}
[1.101021] (base_interfaces_demo) StdoutLine: {'line': b'-- Up-to-date: /home/abc/ws01_plumbing/install/base_interfaces_demo/share/base_interfaces_demo/cmake/base_interfaces_demo__rosidl_typesupport_cppExport-noconfig.cmake\n'}
[1.111867] (base_interfaces_demo) StdoutLine: {'line': b'-- Up-to-date: /home/abc/ws01_plumbing/install/base_interfaces_demo/share/base_interfaces_demo/cmake/export_base_interfaces_demo__rosidl_generator_pyExport.cmake\n'}
[1.112059] (base_interfaces_demo) StdoutLine: {'line': b'-- Up-to-date: /home/abc/ws01_plumbing/install/base_interfaces_demo/share/base_interfaces_demo/cmake/export_base_interfaces_demo__rosidl_generator_pyExport-noconfig.cmake\n'}
[1.112097] (base_interfaces_demo) StdoutLine: {'line': b'-- Up-to-date: /home/abc/ws01_plumbing/install/base_interfaces_demo/share/base_interfaces_demo/cmake/rosidl_cmake-extras.cmake\n'}
[1.112128] (base_interfaces_demo) StdoutLine: {'line': b'-- Up-to-date: /home/abc/ws01_plumbing/install/base_interfaces_demo/share/base_interfaces_demo/cmake/ament_cmake_export_dependencies-extras.cmake\n'}
[1.112157] (base_interfaces_demo) StdoutLine: {'line': b'-- Up-to-date: /home/abc/ws01_plumbing/install/base_interfaces_demo/share/base_interfaces_demo/cmake/ament_cmake_export_include_directories-extras.cmake\n'}
[1.112184] (base_interfaces_demo) StdoutLine: {'line': b'-- Up-to-date: /home/abc/ws01_plumbing/install/base_interfaces_demo/share/base_interfaces_demo/cmake/ament_cmake_export_libraries-extras.cmake\n'}
[1.112210] (base_interfaces_demo) StdoutLine: {'line': b'-- Up-to-date: /home/abc/ws01_plumbing/install/base_interfaces_demo/share/base_interfaces_demo/cmake/ament_cmake_export_targets-extras.cmake\n'}
[1.112235] (base_interfaces_demo) StdoutLine: {'line': b'-- Up-to-date: /home/abc/ws01_plumbing/install/base_interfaces_demo/share/base_interfaces_demo/cmake/rosidl_cmake_export_typesupport_targets-extras.cmake\n'}
[1.112260] (base_interfaces_demo) StdoutLine: {'line': b'-- Up-to-date: /home/abc/ws01_plumbing/install/base_interfaces_demo/share/base_interfaces_demo/cmake/rosidl_cmake_export_typesupport_libraries-extras.cmake\n'}
[1.112285] (base_interfaces_demo) StdoutLine: {'line': b'-- Up-to-date: /home/abc/ws01_plumbing/install/base_interfaces_demo/share/base_interfaces_demo/cmake/base_interfaces_demoConfig.cmake\n'}
[1.112310] (base_interfaces_demo) StdoutLine: {'line': b'-- Up-to-date: /home/abc/ws01_plumbing/install/base_interfaces_demo/share/base_interfaces_demo/cmake/base_interfaces_demoConfig-version.cmake\n'}
[1.112335] (base_interfaces_demo) StdoutLine: {'line': b'-- Up-to-date: /home/abc/ws01_plumbing/install/base_interfaces_demo/share/base_interfaces_demo/package.xml\n'}
[1.112362] (base_interfaces_demo) CommandEnded: {'returncode': 0}
[1.131406] (-) TimerEvent: {}
[1.178940] (base_interfaces_demo) JobEnded: {'identifier': 'base_interfaces_demo', 'rc': 0}
[1.179468] (cpp01_topic) JobStarted: {'identifier': 'cpp01_topic'}
[1.206762] (cpp01_topic) JobProgress: {'identifier': 'cpp01_topic', 'progress': 'cmake'}
[1.207858] (cpp01_topic) Command: {'cmd': ['/usr/bin/cmake', '/home/abc/ws01_plumbing/src/cpp01_topic', '-DCMAKE_INSTALL_PREFIX=/home/abc/ws01_plumbing/install/cpp01_topic'], 'cwd': '/home/abc/ws01_plumbing/build/cpp01_topic', 'env': OrderedDict([('PYTHON_BASIC_REPL', '1'), ('LESSOPEN', '| /usr/bin/lesspipe %s'), ('LANGUAGE', 'zh_CN:zh'), ('USER', 'abc'), ('SSH_CLIENT', '192.168.150.1 55401 22'), ('XDG_SESSION_TYPE', 'tty'), ('GIT_ASKPASS', '/home/abc/.vscode-server/cli/servers/Stable-585eba7c0c34fd6b30faac7c62a42050bfbc0086/server/extensions/git/dist/askpass.sh'), ('SHLVL', '1'), ('LD_LIBRARY_PATH', '/home/abc/ws01_plumbing/install/base_interfaces_demo/lib:/opt/ros/humble/opt/rviz_ogre_vendor/lib:/opt/ros/humble/lib/x86_64-linux-gnu:/opt/ros/humble/lib'), ('BROWSER', '/home/abc/.vscode-server/cli/servers/Stable-585eba7c0c34fd6b30faac7c62a42050bfbc0086/server/bin/helpers/browser.sh'), ('MOTD_SHOWN', 'pam'), ('HOME', '/home/abc'), ('TERM_PROGRAM_VERSION', '1.108.1'), ('VSCODE_IPC_HOOK_CLI', '/run/user/1000/vscode-ipc-f7f99b24-bc5b-43d6-947e-2a9efb26413d.sock'), ('ROS_PYTHON_VERSION', '3'), ('VSCODE_GIT_ASKPASS_MAIN', '/home/abc/.vscode-server/cli/servers/Stable-585eba7c0c34fd6b30faac7c62a42050bfbc0086/server/extensions/git/dist/askpass-main.js'), ('VSCODE_GIT_ASKPASS_NODE', '/home/abc/.vscode-server/cli/servers/Stable-585eba7c0c34fd6b30faac7c62a42050bfbc0086/server/node'), ('SSL_CERT_FILE', '/usr/lib/ssl/certs/ca-certificates.crt'), ('PYDEVD_DISABLE_FILE_VALIDATION', '1'), ('BUNDLED_DEBUGPY_PATH', '/home/abc/.vscode-server/extensions/ms-python.debugpy-2025.18.0/bundled/libs/debugpy'), ('VSCODE_PYTHON_AUTOACTIVATE_GUARD', '1'), ('DBUS_SESSION_BUS_ADDRESS', 'unix:path=/run/user/1000/bus'), ('COLORTERM', 'truecolor'), ('ROS_DISTRO', 'humble'), ('LOGNAME', 'abc'), ('_', '/usr/bin/colcon'), ('ROS_VERSION', '2'), ('XDG_SESSION_CLASS', 'user'), ('TERM', 'xterm-256color'), ('XDG_SESSION_ID', '4'), ('ROS_LOCALHOST_ONLY', '0'), ('PATH', '/opt/loongson-gcc/bin:/home/abc/.vscode-server/data/User/globalStorage/github.copilot-chat/debugCommand:/home/abc/.vscode-server/data/User/globalStorage/github.copilot-chat/copilotCli:/home/abc/.vscode-server/cli/servers/Stable-585eba7c0c34fd6b30faac7c62a42050bfbc0086/server/bin/remote-cli:/opt/loongson-gcc/bin:/opt/ros/humble/bin:/usr/local/sbin:/usr/local/bin:/usr/sbin:/usr/bin:/sbin:/bin:/usr/games:/usr/local/games:/snap/bin:/home/abc/.vscode-server/extensions/ms-python.debugpy-2025.18.0/bundled/scripts/noConfigScripts'), ('XDG_RUNTIME_DIR', '/run/user/1000'), ('SSL_CERT_DIR', '/usr/lib/ssl/certs'), ('VSCODE_DEBUGPY_ADAPTER_ENDPOINTS', '/home/abc/.vscode-server/extensions/ms-python.debugpy-2025.18.0/.noConfigDebugAdapterEndpoints/endpoint-eb3adf4cb764e782.txt'), ('LANG', 'zh_CN.UTF-8'), ('PYTHONSTARTUP', '/home/abc/.vscode-server/data/User/workspaceStorage/20b236a14418f8956cef225c8512416f/ms-python.python/pythonrc.py'), ('LS_COLORS', 'rs=0:di=01;34:ln=01;36:mh=00:pi=40;33:so=01;35:do=01;35:bd=40;33;01:cd=40;33;01:or=40;31;01:mi=00:su=37;41:sg=30;43:ca=30;41:tw=30;42:ow=34;42:st=37;44:ex=01;32:*.tar=01;31:*.tgz=01;31:*.arc=01;31:*.arj=01;31:*.taz=01;31:*.lha=01;31:*.lz4=01;31:*.lzh=01;31:*.lzma=01;31:*.tlz=01;31:*.txz=01;31:*.tzo=01;31:*.t7z=01;31:*.zip=01;31:*.z=01;31:*.dz=01;31:*.gz=01;31:*.lrz=01;31:*.lz=01;31:*.lzo=01;31:*.xz=01;31:*.zst=01;31:*.tzst=01;31:*.bz2=01;31:*.bz=01;31:*.tbz=01;31:*.tbz2=01;31:*.tz=01;31:*.deb=01;31:*.rpm=01;31:*.jar=01;31:*.war=01;31:*.ear=01;31:*.sar=01;31:*.rar=01;31:*.alz=01;31:*.ace=01;31:*.zoo=01;31:*.cpio=01;31:*.7z=01;31:*.rz=01;31:*.cab=01;31:*.wim=01;31:*.swm=01;31:*.dwm=01;31:*.esd=01;31:*.jpg=01;35:*.jpeg=01;35:*.mjpg=01;35:*.mjpeg=01;35:*.gif=01;35:*.bmp=01;35:*.pbm=01;35:*.pgm=01;35:*.ppm=01;35:*.tga=01;35:*.xbm=01;35:*.xpm=01;35:*.tif=01;35:*.tiff=01;35:*.png=01;35:*.svg=01;35:*.svgz=01;35:*.mng=01;35:*.pcx=01;35:*.mov=01;35:*.mpg=01;35:*.mpeg=01;35:*.m2v=01;35:*.mkv=01;35:*.webm=01;35:*.webp=01;35:*.ogm=01;35:*.mp4=01;35:*.m4v=01;35:*.mp4v=01;35:*.vob=01;35:*.qt=01;35:*.nuv=01;35:*.wmv=01;35:*.asf=01;35:*.rm=01;35:*.rmvb=01;35:*.flc=01;35:*.avi=01;35:*.fli=01;35:*.flv=01;35:*.gl=01;35:*.dl=01;35:*.xcf=01;35:*.xwd=01;35:*.yuv=01;35:*.cgm=01;35:*.emf=01;35:*.ogv=01;35:*.ogx=01;35:*.aac=00;36:*.au=00;36:*.flac=00;36:*.m4a=00;36:*.mid=00;36:*.midi=00;36:*.mka=00;36:*.mp3=00;36:*.mpc=00;36:*.ogg=00;36:*.ra=00;36:*.wav=00;36:*.oga=00;36:*.opus=00;36:*.spx=00;36:*.xspf=00;36:'), ('VSCODE_GIT_IPC_HANDLE', '/run/user/1000/vscode-git-91c7b8982f.sock'), ('TERM_PROGRAM', 'vscode'), ('AMENT_PREFIX_PATH', '/home/abc/ws01_plumbing/install/base_interfaces_demo:/opt/ros/humble'), ('SHELL', '/bin/bash'), ('LESSCLOSE', '/usr/bin/lesspipe %s %s'), ('VSCODE_GIT_ASKPASS_EXTRA_ARGS', ''), ('PWD', '/home/abc/ws01_plumbing/build/cpp01_topic'), ('SSH_CONNECTION', '192.168.150.1 55401 192.168.150.128 22'), ('XDG_DATA_DIRS', '/usr/share/gnome:/usr/local/share:/usr/share:/var/lib/snapd/desktop'), ('PYTHONPATH', '/home/abc/ws01_plumbing/install/base_interfaces_demo/local/lib/python3.10/dist-packages:/opt/ros/humble/lib/python3.10/site-packages:/opt/ros/humble/local/lib/python3.10/dist-packages'), ('COLCON', '1'), ('CMAKE_PREFIX_PATH', '/home/abc/ws01_plumbing/install/base_interfaces_demo:/opt/ros/humble')]), 'shell': False}
[1.223322] (turtlesim) StdoutLine: {'line': b'running egg_info\n'}
[1.224274] (turtlesim) StdoutLine: {'line': b'writing turtlesim.egg-info/PKG-INFO\n'}
[1.225274] (turtlesim) StdoutLine: {'line': b'writing dependency_links to turtlesim.egg-info/dependency_links.txt\n'}
[1.226023] (turtlesim) StdoutLine: {'line': b'writing top-level names to turtlesim.egg-info/top_level.txt\n'}
[1.228187] (turtlesim) StdoutLine: {'line': b"reading manifest file 'turtlesim.egg-info/SOURCES.txt'\n"}
[1.229876] (turtlesim) StdoutLine: {'line': b"writing manifest file 'turtlesim.egg-info/SOURCES.txt'\n"}
[1.231718] (-) TimerEvent: {}
[1.278996] (cpp01_topic) StdoutLine: {'line': b'-- The C compiler identification is GNU 11.4.0\n'}
[1.279405] (turtlesim) StdoutLine: {'line': b'[100%] Built target ament_cmake_python_build_turtlesim_egg\n'}
[1.300264] (turtlesim) CommandEnded: {'returncode': 0}
[1.302189] (turtlesim) JobProgress: {'identifier': 'turtlesim', 'progress': 'install'}
[1.303883] (turtlesim) Command: {'cmd': ['/usr/bin/cmake', '--install', '/home/abc/ws01_plumbing/build/turtlesim'], 'cwd': '/home/abc/ws01_plumbing/build/turtlesim', 'env': OrderedDict([('PYTHON_BASIC_REPL', '1'), ('LESSOPEN', '| /usr/bin/lesspipe %s'), ('LANGUAGE', 'zh_CN:zh'), ('USER', 'abc'), ('SSH_CLIENT', '192.168.150.1 55401 22'), ('XDG_SESSION_TYPE', 'tty'), ('GIT_ASKPASS', '/home/abc/.vscode-server/cli/servers/Stable-585eba7c0c34fd6b30faac7c62a42050bfbc0086/server/extensions/git/dist/askpass.sh'), ('SHLVL', '1'), ('LD_LIBRARY_PATH', '/opt/ros/humble/opt/rviz_ogre_vendor/lib:/opt/ros/humble/lib/x86_64-linux-gnu:/opt/ros/humble/lib'), ('BROWSER', '/home/abc/.vscode-server/cli/servers/Stable-585eba7c0c34fd6b30faac7c62a42050bfbc0086/server/bin/helpers/browser.sh'), ('MOTD_SHOWN', 'pam'), ('HOME', '/home/abc'), ('TERM_PROGRAM_VERSION', '1.108.1'), ('VSCODE_IPC_HOOK_CLI', '/run/user/1000/vscode-ipc-f7f99b24-bc5b-43d6-947e-2a9efb26413d.sock'), ('ROS_PYTHON_VERSION', '3'), ('VSCODE_GIT_ASKPASS_MAIN', '/home/abc/.vscode-server/cli/servers/Stable-585eba7c0c34fd6b30faac7c62a42050bfbc0086/server/extensions/git/dist/askpass-main.js'), ('VSCODE_GIT_ASKPASS_NODE', '/home/abc/.vscode-server/cli/servers/Stable-585eba7c0c34fd6b30faac7c62a42050bfbc0086/server/node'), ('SSL_CERT_FILE', '/usr/lib/ssl/certs/ca-certificates.crt'), ('PYDEVD_DISABLE_FILE_VALIDATION', '1'), ('BUNDLED_DEBUGPY_PATH', '/home/abc/.vscode-server/extensions/ms-python.debugpy-2025.18.0/bundled/libs/debugpy'), ('VSCODE_PYTHON_AUTOACTIVATE_GUARD', '1'), ('DBUS_SESSION_BUS_ADDRESS', 'unix:path=/run/user/1000/bus'), ('COLORTERM', 'truecolor'), ('ROS_DISTRO', 'humble'), ('LOGNAME', 'abc'), ('_', '/usr/bin/colcon'), ('ROS_VERSION', '2'), ('XDG_SESSION_CLASS', 'user'), ('TERM', 'xterm-256color'), ('XDG_SESSION_ID', '4'), ('ROS_LOCALHOST_ONLY', '0'), ('PATH', '/opt/loongson-gcc/bin:/home/abc/.vscode-server/data/User/globalStorage/github.copilot-chat/debugCommand:/home/abc/.vscode-server/data/User/globalStorage/github.copilot-chat/copilotCli:/home/abc/.vscode-server/cli/servers/Stable-585eba7c0c34fd6b30faac7c62a42050bfbc0086/server/bin/remote-cli:/opt/loongson-gcc/bin:/opt/ros/humble/bin:/usr/local/sbin:/usr/local/bin:/usr/sbin:/usr/bin:/sbin:/bin:/usr/games:/usr/local/games:/snap/bin:/home/abc/.vscode-server/extensions/ms-python.debugpy-2025.18.0/bundled/scripts/noConfigScripts'), ('XDG_RUNTIME_DIR', '/run/user/1000'), ('SSL_CERT_DIR', '/usr/lib/ssl/certs'), ('VSCODE_DEBUGPY_ADAPTER_ENDPOINTS', '/home/abc/.vscode-server/extensions/ms-python.debugpy-2025.18.0/.noConfigDebugAdapterEndpoints/endpoint-eb3adf4cb764e782.txt'), ('LANG', 'zh_CN.UTF-8'), ('PYTHONSTARTUP', '/home/abc/.vscode-server/data/User/workspaceStorage/20b236a14418f8956cef225c8512416f/ms-python.python/pythonrc.py'), ('LS_COLORS', 'rs=0:di=01;34:ln=01;36:mh=00:pi=40;33:so=01;35:do=01;35:bd=40;33;01:cd=40;33;01:or=40;31;01:mi=00:su=37;41:sg=30;43:ca=30;41:tw=30;42:ow=34;42:st=37;44:ex=01;32:*.tar=01;31:*.tgz=01;31:*.arc=01;31:*.arj=01;31:*.taz=01;31:*.lha=01;31:*.lz4=01;31:*.lzh=01;31:*.lzma=01;31:*.tlz=01;31:*.txz=01;31:*.tzo=01;31:*.t7z=01;31:*.zip=01;31:*.z=01;31:*.dz=01;31:*.gz=01;31:*.lrz=01;31:*.lz=01;31:*.lzo=01;31:*.xz=01;31:*.zst=01;31:*.tzst=01;31:*.bz2=01;31:*.bz=01;31:*.tbz=01;31:*.tbz2=01;31:*.tz=01;31:*.deb=01;31:*.rpm=01;31:*.jar=01;31:*.war=01;31:*.ear=01;31:*.sar=01;31:*.rar=01;31:*.alz=01;31:*.ace=01;31:*.zoo=01;31:*.cpio=01;31:*.7z=01;31:*.rz=01;31:*.cab=01;31:*.wim=01;31:*.swm=01;31:*.dwm=01;31:*.esd=01;31:*.jpg=01;35:*.jpeg=01;35:*.mjpg=01;35:*.mjpeg=01;35:*.gif=01;35:*.bmp=01;35:*.pbm=01;35:*.pgm=01;35:*.ppm=01;35:*.tga=01;35:*.xbm=01;35:*.xpm=01;35:*.tif=01;35:*.tiff=01;35:*.png=01;35:*.svg=01;35:*.svgz=01;35:*.mng=01;35:*.pcx=01;35:*.mov=01;35:*.mpg=01;35:*.mpeg=01;35:*.m2v=01;35:*.mkv=01;35:*.webm=01;35:*.webp=01;35:*.ogm=01;35:*.mp4=01;35:*.m4v=01;35:*.mp4v=01;35:*.vob=01;35:*.qt=01;35:*.nuv=01;35:*.wmv=01;35:*.asf=01;35:*.rm=01;35:*.rmvb=01;35:*.flc=01;35:*.avi=01;35:*.fli=01;35:*.flv=01;35:*.gl=01;35:*.dl=01;35:*.xcf=01;35:*.xwd=01;35:*.yuv=01;35:*.cgm=01;35:*.emf=01;35:*.ogv=01;35:*.ogx=01;35:*.aac=00;36:*.au=00;36:*.flac=00;36:*.m4a=00;36:*.mid=00;36:*.midi=00;36:*.mka=00;36:*.mp3=00;36:*.mpc=00;36:*.ogg=00;36:*.ra=00;36:*.wav=00;36:*.oga=00;36:*.opus=00;36:*.spx=00;36:*.xspf=00;36:'), ('VSCODE_GIT_IPC_HANDLE', '/run/user/1000/vscode-git-91c7b8982f.sock'), ('TERM_PROGRAM', 'vscode'), ('AMENT_PREFIX_PATH', '/opt/ros/humble'), ('SHELL', '/bin/bash'), ('LESSCLOSE', '/usr/bin/lesspipe %s %s'), ('VSCODE_GIT_ASKPASS_EXTRA_ARGS', ''), ('PWD', '/home/abc/ws01_plumbing/build/turtlesim'), ('SSH_CONNECTION', '192.168.150.1 55401 192.168.150.128 22'), ('XDG_DATA_DIRS', '/usr/share/gnome:/usr/local/share:/usr/share:/var/lib/snapd/desktop'), ('PYTHONPATH', '/opt/ros/humble/lib/python3.10/site-packages:/opt/ros/humble/local/lib/python3.10/dist-packages'), ('COLCON', '1'), ('CMAKE_PREFIX_PATH', '/opt/ros/humble')]), 'shell': False}
[1.304451] (cpp04_param) StdoutLine: {'line': b'-- Found Python3: /usr/bin/python3 (found version "3.10.12") found components: Interpreter \n'}
[1.319423] (turtlesim) StdoutLine: {'line': b'-- Install configuration: ""\n'}
[1.319568] (turtlesim) StdoutLine: {'line': b'-- Up-to-date: /home/abc/ws01_plumbing/install/turtlesim/share/ament_index/resource_index/rosidl_interfaces/turtlesim\n'}
[1.319609] (turtlesim) StdoutLine: {'line': b'-- Up-to-date: /home/abc/ws01_plumbing/install/turtlesim/include/turtlesim/turtlesim\n'}
[1.319639] (turtlesim) StdoutLine: {'line': b'-- Up-to-date: /home/abc/ws01_plumbing/install/turtlesim/include/turtlesim/turtlesim/msg\n'}
[1.320157] (turtlesim) StdoutLine: {'line': b'-- Up-to-date: /home/abc/ws01_plumbing/install/turtlesim/include/turtlesim/turtlesim/msg/color.h\n'}
[1.320376] (turtlesim) StdoutLine: {'line': b'-- Up-to-date: /home/abc/ws01_plumbing/install/turtlesim/include/turtlesim/turtlesim/msg/pose.h\n'}
[1.320581] (turtlesim) StdoutLine: {'line': b'-- Up-to-date: /home/abc/ws01_plumbing/install/turtlesim/include/turtlesim/turtlesim/msg/detail\n'}
[1.320675] (turtlesim) StdoutLine: {'line': b'-- Up-to-date: /home/abc/ws01_plumbing/install/turtlesim/include/turtlesim/turtlesim/msg/detail/pose__struct.h\n'}
[1.320998] (turtlesim) StdoutLine: {'line': b'-- Up-to-date: /home/abc/ws01_plumbing/install/turtlesim/include/turtlesim/turtlesim/msg/detail/pose__type_support.h\n'}
[1.321091] (turtlesim) StdoutLine: {'line': b'-- Up-to-date: /home/abc/ws01_plumbing/install/turtlesim/include/turtlesim/turtlesim/msg/detail/color__functions.c\n'}
[1.321163] (turtlesim) StdoutLine: {'line': b'-- Up-to-date: /home/abc/ws01_plumbing/install/turtlesim/include/turtlesim/turtlesim/msg/detail/pose__functions.c\n'}
[1.321565] (turtlesim) StdoutLine: {'line': b'-- Up-to-date: /home/abc/ws01_plumbing/install/turtlesim/include/turtlesim/turtlesim/msg/detail/color__functions.h\n'}
[1.321646] (turtlesim) StdoutLine: {'line': b'-- Up-to-date: /home/abc/ws01_plumbing/install/turtlesim/include/turtlesim/turtlesim/msg/detail/color__struct.h\n'}
[1.321754] (turtlesim) StdoutLine: {'line': b'-- Up-to-date: /home/abc/ws01_plumbing/install/turtlesim/include/turtlesim/turtlesim/msg/detail/pose__functions.h\n'}
[1.322347] (turtlesim) StdoutLine: {'line': b'-- Up-to-date: /home/abc/ws01_plumbing/install/turtlesim/include/turtlesim/turtlesim/msg/detail/color__type_support.h\n'}
[1.322618] (turtlesim) StdoutLine: {'line': b'-- Up-to-date: /home/abc/ws01_plumbing/install/turtlesim/include/turtlesim/turtlesim/msg/rosidl_generator_c__visibility_control.h\n'}
[1.323383] (turtlesim) StdoutLine: {'line': b'-- Up-to-date: /home/abc/ws01_plumbing/install/turtlesim/include/turtlesim/turtlesim/srv\n'}
[1.324087] (turtlesim) StdoutLine: {'line': b'-- Up-to-date: /home/abc/ws01_plumbing/install/turtlesim/include/turtlesim/turtlesim/srv/kill.h\n'}
[1.324191] (turtlesim) StdoutLine: {'line': b'-- Up-to-date: /home/abc/ws01_plumbing/install/turtlesim/include/turtlesim/turtlesim/srv/detail\n'}
[1.324261] (turtlesim) StdoutLine: {'line': b'-- Up-to-date: /home/abc/ws01_plumbing/install/turtlesim/include/turtlesim/turtlesim/srv/detail/teleport_relative__type_support.h\n'}
[1.325185] (turtlesim) StdoutLine: {'line': b'-- Up-to-date: /home/abc/ws01_plumbing/install/turtlesim/include/turtlesim/turtlesim/srv/detail/kill__functions.h\n'}
[1.325276] (turtlesim) StdoutLine: {'line': b'-- Up-to-date: /home/abc/ws01_plumbing/install/turtlesim/include/turtlesim/turtlesim/srv/detail/set_pen__functions.c\n'}
[1.325334] (turtlesim) StdoutLine: {'line': b'-- Up-to-date: /home/abc/ws01_plumbing/install/turtlesim/include/turtlesim/turtlesim/srv/detail/spawn__type_support.h\n'}
[1.325387] (turtlesim) StdoutLine: {'line': b'-- Up-to-date: /home/abc/ws01_plumbing/install/turtlesim/include/turtlesim/turtlesim/srv/detail/spawn__functions.c\n'}
[1.325439] (turtlesim) StdoutLine: {'line': b'-- Up-to-date: /home/abc/ws01_plumbing/install/turtlesim/include/turtlesim/turtlesim/srv/detail/set_pen__type_support.h\n'}
[1.325489] (turtlesim) StdoutLine: {'line': b'-- Up-to-date: /home/abc/ws01_plumbing/install/turtlesim/include/turtlesim/turtlesim/srv/detail/kill__functions.c\n'}
[1.325540] (turtlesim) StdoutLine: {'line': b'-- Up-to-date: /home/abc/ws01_plumbing/install/turtlesim/include/turtlesim/turtlesim/srv/detail/teleport_absolute__struct.h\n'}
[1.325602] (turtlesim) StdoutLine: {'line': b'-- Up-to-date: /home/abc/ws01_plumbing/install/turtlesim/include/turtlesim/turtlesim/srv/detail/spawn__functions.h\n'}
[1.325651] (turtlesim) StdoutLine: {'line': b'-- Up-to-date: /home/abc/ws01_plumbing/install/turtlesim/include/turtlesim/turtlesim/srv/detail/kill__type_support.h\n'}
[1.328241] (turtlesim) StdoutLine: {'line': b'-- Up-to-date: /home/abc/ws01_plumbing/install/turtlesim/include/turtlesim/turtlesim/srv/detail/teleport_absolute__type_support.h\n'}
[1.328341] (turtlesim) StdoutLine: {'line': b'-- Up-to-date: /home/abc/ws01_plumbing/install/turtlesim/include/turtlesim/turtlesim/srv/detail/kill__struct.h\n'}
[1.328396] (turtlesim) StdoutLine: {'line': b'-- Up-to-date: /home/abc/ws01_plumbing/install/turtlesim/include/turtlesim/turtlesim/srv/detail/spawn__struct.h\n'}
[1.328450] (turtlesim) StdoutLine: {'line': b'-- Up-to-date: /home/abc/ws01_plumbing/install/turtlesim/include/turtlesim/turtlesim/srv/detail/set_pen__struct.h\n'}
[1.328495] (turtlesim) StdoutLine: {'line': b'-- Up-to-date: /home/abc/ws01_plumbing/install/turtlesim/include/turtlesim/turtlesim/srv/detail/teleport_absolute__functions.c\n'}
[1.328547] (turtlesim) StdoutLine: {'line': b'-- Up-to-date: /home/abc/ws01_plumbing/install/turtlesim/include/turtlesim/turtlesim/srv/detail/teleport_absolute__functions.h\n'}
[1.328588] (turtlesim) StdoutLine: {'line': b'-- Up-to-date: /home/abc/ws01_plumbing/install/turtlesim/include/turtlesim/turtlesim/srv/detail/teleport_relative__struct.h\n'}
[1.328628] (turtlesim) StdoutLine: {'line': b'-- Up-to-date: /home/abc/ws01_plumbing/install/turtlesim/include/turtlesim/turtlesim/srv/detail/set_pen__functions.h\n'}
[1.328670] (turtlesim) StdoutLine: {'line': b'-- Up-to-date: /home/abc/ws01_plumbing/install/turtlesim/include/turtlesim/turtlesim/srv/detail/teleport_relative__functions.h\n'}
[1.328709] (turtlesim) StdoutLine: {'line': b'-- Up-to-date: /home/abc/ws01_plumbing/install/turtlesim/include/turtlesim/turtlesim/srv/detail/teleport_relative__functions.c\n'}
[1.328756] (turtlesim) StdoutLine: {'line': b'-- Up-to-date: /home/abc/ws01_plumbing/install/turtlesim/include/turtlesim/turtlesim/srv/teleport_relative.h\n'}
[1.328812] (turtlesim) StdoutLine: {'line': b'-- Up-to-date: /home/abc/ws01_plumbing/install/turtlesim/include/turtlesim/turtlesim/srv/spawn.h\n'}
[1.328861] (turtlesim) StdoutLine: {'line': b'-- Up-to-date: /home/abc/ws01_plumbing/install/turtlesim/include/turtlesim/turtlesim/srv/set_pen.h\n'}
[1.328912] (turtlesim) StdoutLine: {'line': b'-- Up-to-date: /home/abc/ws01_plumbing/install/turtlesim/include/turtlesim/turtlesim/srv/teleport_absolute.h\n'}
[1.328962] (turtlesim) StdoutLine: {'line': b'-- Up-to-date: /home/abc/ws01_plumbing/install/turtlesim/include/turtlesim/turtlesim/action\n'}
[1.329829] (turtlesim) StdoutLine: {'line': b'-- Up-to-date: /home/abc/ws01_plumbing/install/turtlesim/include/turtlesim/turtlesim/action/detail\n'}
[1.329958] (turtlesim) StdoutLine: {'line': b'-- Up-to-date: /home/abc/ws01_plumbing/install/turtlesim/include/turtlesim/turtlesim/action/detail/rotate_absolute__functions.c\n'}
[1.330058] (turtlesim) StdoutLine: {'line': b'-- Up-to-date: /home/abc/ws01_plumbing/install/turtlesim/include/turtlesim/turtlesim/action/detail/rotate_absolute__functions.h\n'}
[1.330114] (turtlesim) StdoutLine: {'line': b'-- Up-to-date: /home/abc/ws01_plumbing/install/turtlesim/include/turtlesim/turtlesim/action/detail/rotate_absolute__struct.h\n'}
[1.330167] (turtlesim) StdoutLine: {'line': b'-- Up-to-date: /home/abc/ws01_plumbing/install/turtlesim/include/turtlesim/turtlesim/action/detail/rotate_absolute__type_support.h\n'}
[1.330220] (turtlesim) StdoutLine: {'line': b'-- Up-to-date: /home/abc/ws01_plumbing/install/turtlesim/include/turtlesim/turtlesim/action/rotate_absolute.h\n'}
[1.330272] (turtlesim) StdoutLine: {'line': b'-- Up-to-date: /home/abc/ws01_plumbing/install/turtlesim/share/turtlesim/environment/library_path.sh\n'}
[1.330329] (turtlesim) StdoutLine: {'line': b'-- Up-to-date: /home/abc/ws01_plumbing/install/turtlesim/share/turtlesim/environment/library_path.dsv\n'}
[1.331316] (turtlesim) StdoutLine: {'line': b'-- Up-to-date: /home/abc/ws01_plumbing/install/turtlesim/lib/libturtlesim__rosidl_generator_c.so\n'}
[1.332249] (-) TimerEvent: {}
[1.332634] (turtlesim) StdoutLine: {'line': b'-- Up-to-date: /home/abc/ws01_plumbing/install/turtlesim/include/turtlesim/turtlesim\n'}
[1.332895] (turtlesim) StdoutLine: {'line': b'-- Up-to-date: /home/abc/ws01_plumbing/install/turtlesim/include/turtlesim/turtlesim/msg\n'}
[1.333056] (turtlesim) StdoutLine: {'line': b'-- Up-to-date: /home/abc/ws01_plumbing/install/turtlesim/include/turtlesim/turtlesim/msg/detail\n'}
[1.333186] (turtlesim) StdoutLine: {'line': b'-- Up-to-date: /home/abc/ws01_plumbing/install/turtlesim/include/turtlesim/turtlesim/msg/detail/pose__rosidl_typesupport_fastrtps_c.h\n'}
[1.333311] (turtlesim) StdoutLine: {'line': b'-- Up-to-date: /home/abc/ws01_plumbing/install/turtlesim/include/turtlesim/turtlesim/msg/detail/color__rosidl_typesupport_fastrtps_c.h\n'}
[1.333420] (turtlesim) StdoutLine: {'line': b'-- Up-to-date: /home/abc/ws01_plumbing/install/turtlesim/include/turtlesim/turtlesim/msg/rosidl_typesupport_fastrtps_c__visibility_control.h\n'}
[1.333548] (turtlesim) StdoutLine: {'line': b'-- Up-to-date: /home/abc/ws01_plumbing/install/turtlesim/include/turtlesim/turtlesim/srv\n'}
[1.333721] (turtlesim) StdoutLine: {'line': b'-- Up-to-date: /home/abc/ws01_plumbing/install/turtlesim/include/turtlesim/turtlesim/srv/detail\n'}
[1.333899] (turtlesim) StdoutLine: {'line': b'-- Up-to-date: /home/abc/ws01_plumbing/install/turtlesim/include/turtlesim/turtlesim/srv/detail/kill__rosidl_typesupport_fastrtps_c.h\n'}
[1.334014] (turtlesim) StdoutLine: {'line': b'-- Up-to-date: /home/abc/ws01_plumbing/install/turtlesim/include/turtlesim/turtlesim/srv/detail/spawn__rosidl_typesupport_fastrtps_c.h\n'}
[1.334506] (turtlesim) StdoutLine: {'line': b'-- Up-to-date: /home/abc/ws01_plumbing/install/turtlesim/include/turtlesim/turtlesim/srv/detail/set_pen__rosidl_typesupport_fastrtps_c.h\n'}
[1.334592] (turtlesim) StdoutLine: {'line': b'-- Up-to-date: /home/abc/ws01_plumbing/install/turtlesim/include/turtlesim/turtlesim/srv/detail/teleport_relative__rosidl_typesupport_fastrtps_c.h\n'}
[1.334645] (turtlesim) StdoutLine: {'line': b'-- Up-to-date: /home/abc/ws01_plumbing/install/turtlesim/include/turtlesim/turtlesim/srv/detail/teleport_absolute__rosidl_typesupport_fastrtps_c.h\n'}
[1.334696] (turtlesim) StdoutLine: {'line': b'-- Up-to-date: /home/abc/ws01_plumbing/install/turtlesim/include/turtlesim/turtlesim/action\n'}
[1.334817] (turtlesim) StdoutLine: {'line': b'-- Up-to-date: /home/abc/ws01_plumbing/install/turtlesim/include/turtlesim/turtlesim/action/detail\n'}
[1.334864] (turtlesim) StdoutLine: {'line': b'-- Up-to-date: /home/abc/ws01_plumbing/install/turtlesim/include/turtlesim/turtlesim/action/detail/rotate_absolute__rosidl_typesupport_fastrtps_c.h\n'}
[1.342660] (turtlesim) StdoutLine: {'line': b'-- Up-to-date: /home/abc/ws01_plumbing/install/turtlesim/lib/libturtlesim__rosidl_typesupport_fastrtps_c.so\n'}
[1.343436] (turtlesim) StdoutLine: {'line': b'-- Up-to-date: /home/abc/ws01_plumbing/install/turtlesim/include/turtlesim/turtlesim\n'}
[1.343660] (turtlesim) StdoutLine: {'line': b'-- Up-to-date: /home/abc/ws01_plumbing/install/turtlesim/include/turtlesim/turtlesim/msg\n'}
[1.343793] (turtlesim) StdoutLine: {'line': b'-- Up-to-date: /home/abc/ws01_plumbing/install/turtlesim/include/turtlesim/turtlesim/msg/color.hpp\n'}
[1.343860] (turtlesim) StdoutLine: {'line': b'-- Up-to-date: /home/abc/ws01_plumbing/install/turtlesim/include/turtlesim/turtlesim/msg/detail\n'}
[1.343914] (turtlesim) StdoutLine: {'line': b'-- Up-to-date: /home/abc/ws01_plumbing/install/turtlesim/include/turtlesim/turtlesim/msg/detail/color__struct.hpp\n'}
[1.343965] (turtlesim) StdoutLine: {'line': b'-- Up-to-date: /home/abc/ws01_plumbing/install/turtlesim/include/turtlesim/turtlesim/msg/detail/pose__type_support.hpp\n'}
[1.344016] (turtlesim) StdoutLine: {'line': b'-- Up-to-date: /home/abc/ws01_plumbing/install/turtlesim/include/turtlesim/turtlesim/msg/detail/pose__struct.hpp\n'}
[1.344067] (turtlesim) StdoutLine: {'line': b'-- Up-to-date: /home/abc/ws01_plumbing/install/turtlesim/include/turtlesim/turtlesim/msg/detail/pose__builder.hpp\n'}
[1.344119] (turtlesim) StdoutLine: {'line': b'-- Up-to-date: /home/abc/ws01_plumbing/install/turtlesim/include/turtlesim/turtlesim/msg/detail/pose__traits.hpp\n'}
[1.344167] (turtlesim) StdoutLine: {'line': b'-- Up-to-date: /home/abc/ws01_plumbing/install/turtlesim/include/turtlesim/turtlesim/msg/detail/color__builder.hpp\n'}
[1.344217] (turtlesim) StdoutLine: {'line': b'-- Up-to-date: /home/abc/ws01_plumbing/install/turtlesim/include/turtlesim/turtlesim/msg/detail/color__traits.hpp\n'}
[1.344264] (turtlesim) StdoutLine: {'line': b'-- Up-to-date: /home/abc/ws01_plumbing/install/turtlesim/include/turtlesim/turtlesim/msg/detail/color__type_support.hpp\n'}
[1.344315] (turtlesim) StdoutLine: {'line': b'-- Up-to-date: /home/abc/ws01_plumbing/install/turtlesim/include/turtlesim/turtlesim/msg/rosidl_generator_cpp__visibility_control.hpp\n'}
[1.344366] (turtlesim) StdoutLine: {'line': b'-- Up-to-date: /home/abc/ws01_plumbing/install/turtlesim/include/turtlesim/turtlesim/msg/pose.hpp\n'}
[1.344431] (turtlesim) StdoutLine: {'line': b'-- Up-to-date: /home/abc/ws01_plumbing/install/turtlesim/include/turtlesim/turtlesim/srv\n'}
[1.344484] (turtlesim) StdoutLine: {'line': b'-- Up-to-date: /home/abc/ws01_plumbing/install/turtlesim/include/turtlesim/turtlesim/srv/teleport_absolute.hpp\n'}
[1.344531] (turtlesim) StdoutLine: {'line': b'-- Up-to-date: /home/abc/ws01_plumbing/install/turtlesim/include/turtlesim/turtlesim/srv/spawn.hpp\n'}
[1.344579] (turtlesim) StdoutLine: {'line': b'-- Up-to-date: /home/abc/ws01_plumbing/install/turtlesim/include/turtlesim/turtlesim/srv/set_pen.hpp\n'}
[1.344628] (turtlesim) StdoutLine: {'line': b'-- Up-to-date: /home/abc/ws01_plumbing/install/turtlesim/include/turtlesim/turtlesim/srv/detail\n'}
[1.344676] (turtlesim) StdoutLine: {'line': b'-- Up-to-date: /home/abc/ws01_plumbing/install/turtlesim/include/turtlesim/turtlesim/srv/detail/spawn__traits.hpp\n'}
[1.344724] (turtlesim) StdoutLine: {'line': b'-- Up-to-date: /home/abc/ws01_plumbing/install/turtlesim/include/turtlesim/turtlesim/srv/detail/spawn__struct.hpp\n'}
[1.344774] (turtlesim) StdoutLine: {'line': b'-- Up-to-date: /home/abc/ws01_plumbing/install/turtlesim/include/turtlesim/turtlesim/srv/detail/teleport_absolute__traits.hpp\n'}
[1.344825] (turtlesim) StdoutLine: {'line': b'-- Up-to-date: /home/abc/ws01_plumbing/install/turtlesim/include/turtlesim/turtlesim/srv/detail/teleport_relative__struct.hpp\n'}
[1.344876] (turtlesim) StdoutLine: {'line': b'-- Up-to-date: /home/abc/ws01_plumbing/install/turtlesim/include/turtlesim/turtlesim/srv/detail/kill__builder.hpp\n'}
[1.344928] (turtlesim) StdoutLine: {'line': b'-- Up-to-date: /home/abc/ws01_plumbing/install/turtlesim/include/turtlesim/turtlesim/srv/detail/spawn__builder.hpp\n'}
[1.344978] (turtlesim) StdoutLine: {'line': b'-- Up-to-date: /home/abc/ws01_plumbing/install/turtlesim/include/turtlesim/turtlesim/srv/detail/kill__traits.hpp\n'}
[1.345027] (turtlesim) StdoutLine: {'line': b'-- Up-to-date: /home/abc/ws01_plumbing/install/turtlesim/include/turtlesim/turtlesim/srv/detail/teleport_relative__traits.hpp\n'}
[1.345076] (turtlesim) StdoutLine: {'line': b'-- Up-to-date: /home/abc/ws01_plumbing/install/turtlesim/include/turtlesim/turtlesim/srv/detail/spawn__type_support.hpp\n'}
[1.345127] (turtlesim) StdoutLine: {'line': b'-- Up-to-date: /home/abc/ws01_plumbing/install/turtlesim/include/turtlesim/turtlesim/srv/detail/set_pen__traits.hpp\n'}
[1.345188] (turtlesim) StdoutLine: {'line': b'-- Up-to-date: /home/abc/ws01_plumbing/install/turtlesim/include/turtlesim/turtlesim/srv/detail/set_pen__struct.hpp\n'}
[1.345240] (turtlesim) StdoutLine: {'line': b'-- Up-to-date: /home/abc/ws01_plumbing/install/turtlesim/include/turtlesim/turtlesim/srv/detail/teleport_absolute__builder.hpp\n'}
[1.345288] (turtlesim) StdoutLine: {'line': b'-- Up-to-date: /home/abc/ws01_plumbing/install/turtlesim/include/turtlesim/turtlesim/srv/detail/kill__struct.hpp\n'}
[1.345335] (turtlesim) StdoutLine: {'line': b'-- Up-to-date: /home/abc/ws01_plumbing/install/turtlesim/include/turtlesim/turtlesim/srv/detail/kill__type_support.hpp\n'}
[1.348435] (turtlesim) StdoutLine: {'line': b'-- Up-to-date: /home/abc/ws01_plumbing/install/turtlesim/include/turtlesim/turtlesim/srv/detail/set_pen__builder.hpp\n'}
[1.349427] (turtlesim) StdoutLine: {'line': b'-- Up-to-date: /home/abc/ws01_plumbing/install/turtlesim/include/turtlesim/turtlesim/srv/detail/teleport_relative__type_support.hpp\n'}
[1.349606] (turtlesim) StdoutLine: {'line': b'-- Up-to-date: /home/abc/ws01_plumbing/install/turtlesim/include/turtlesim/turtlesim/srv/detail/teleport_relative__builder.hpp\n'}
[1.349640] (turtlesim) StdoutLine: {'line': b'-- Up-to-date: /home/abc/ws01_plumbing/install/turtlesim/include/turtlesim/turtlesim/srv/detail/teleport_absolute__struct.hpp\n'}
[1.349669] (turtlesim) StdoutLine: {'line': b'-- Up-to-date: /home/abc/ws01_plumbing/install/turtlesim/include/turtlesim/turtlesim/srv/detail/teleport_absolute__type_support.hpp\n'}
[1.349695] (turtlesim) StdoutLine: {'line': b'-- Up-to-date: /home/abc/ws01_plumbing/install/turtlesim/include/turtlesim/turtlesim/srv/detail/set_pen__type_support.hpp\n'}
[1.349727] (turtlesim) StdoutLine: {'line': b'-- Up-to-date: /home/abc/ws01_plumbing/install/turtlesim/include/turtlesim/turtlesim/srv/teleport_relative.hpp\n'}
[1.349753] (turtlesim) StdoutLine: {'line': b'-- Up-to-date: /home/abc/ws01_plumbing/install/turtlesim/include/turtlesim/turtlesim/srv/kill.hpp\n'}
[1.349778] (turtlesim) StdoutLine: {'line': b'-- Up-to-date: /home/abc/ws01_plumbing/install/turtlesim/include/turtlesim/turtlesim/action\n'}
[1.349803] (turtlesim) StdoutLine: {'line': b'-- Up-to-date: /home/abc/ws01_plumbing/install/turtlesim/include/turtlesim/turtlesim/action/detail\n'}
[1.349829] (turtlesim) StdoutLine: {'line': b'-- Up-to-date: /home/abc/ws01_plumbing/install/turtlesim/include/turtlesim/turtlesim/action/detail/rotate_absolute__struct.hpp\n'}
[1.349855] (turtlesim) StdoutLine: {'line': b'-- Up-to-date: /home/abc/ws01_plumbing/install/turtlesim/include/turtlesim/turtlesim/action/detail/rotate_absolute__builder.hpp\n'}
[1.349881] (turtlesim) StdoutLine: {'line': b'-- Up-to-date: /home/abc/ws01_plumbing/install/turtlesim/include/turtlesim/turtlesim/action/detail/rotate_absolute__traits.hpp\n'}
[1.349905] (turtlesim) StdoutLine: {'line': b'-- Up-to-date: /home/abc/ws01_plumbing/install/turtlesim/include/turtlesim/turtlesim/action/detail/rotate_absolute__type_support.hpp\n'}
[1.349929] (turtlesim) StdoutLine: {'line': b'-- Up-to-date: /home/abc/ws01_plumbing/install/turtlesim/include/turtlesim/turtlesim/action/rotate_absolute.hpp\n'}
[1.349956] (turtlesim) StdoutLine: {'line': b'-- Up-to-date: /home/abc/ws01_plumbing/install/turtlesim/include/turtlesim/turtlesim\n'}
[1.350144] (turtlesim) StdoutLine: {'line': b'-- Up-to-date: /home/abc/ws01_plumbing/install/turtlesim/include/turtlesim/turtlesim/msg\n'}
[1.350210] (turtlesim) StdoutLine: {'line': b'-- Up-to-date: /home/abc/ws01_plumbing/install/turtlesim/include/turtlesim/turtlesim/msg/rosidl_typesupport_fastrtps_cpp__visibility_control.h\n'}
[1.350629] (turtlesim) StdoutLine: {'line': b'-- Up-to-date: /home/abc/ws01_plumbing/install/turtlesim/include/turtlesim/turtlesim/msg/detail\n'}
[1.350691] (turtlesim) StdoutLine: {'line': b'-- Up-to-date: /home/abc/ws01_plumbing/install/turtlesim/include/turtlesim/turtlesim/msg/detail/color__rosidl_typesupport_fastrtps_cpp.hpp\n'}
[1.350744] (turtlesim) StdoutLine: {'line': b'-- Up-to-date: /home/abc/ws01_plumbing/install/turtlesim/include/turtlesim/turtlesim/msg/detail/pose__rosidl_typesupport_fastrtps_cpp.hpp\n'}
[1.350786] (turtlesim) StdoutLine: {'line': b'-- Up-to-date: /home/abc/ws01_plumbing/install/turtlesim/include/turtlesim/turtlesim/msg/detail/dds_fastrtps\n'}
[1.350829] (turtlesim) StdoutLine: {'line': b'-- Up-to-date: /home/abc/ws01_plumbing/install/turtlesim/include/turtlesim/turtlesim/srv\n'}
[1.350872] (turtlesim) StdoutLine: {'line': b'-- Up-to-date: /home/abc/ws01_plumbing/install/turtlesim/include/turtlesim/turtlesim/srv/detail\n'}
[1.350915] (turtlesim) StdoutLine: {'line': b'-- Up-to-date: /home/abc/ws01_plumbing/install/turtlesim/include/turtlesim/turtlesim/srv/detail/kill__rosidl_typesupport_fastrtps_cpp.hpp\n'}
[1.350956] (turtlesim) StdoutLine: {'line': b'-- Up-to-date: /home/abc/ws01_plumbing/install/turtlesim/include/turtlesim/turtlesim/srv/detail/spawn__rosidl_typesupport_fastrtps_cpp.hpp\n'}
[1.350998] (turtlesim) StdoutLine: {'line': b'-- Up-to-date: /home/abc/ws01_plumbing/install/turtlesim/include/turtlesim/turtlesim/srv/detail/teleport_absolute__rosidl_typesupport_fastrtps_cpp.hpp\n'}
[1.351040] (turtlesim) StdoutLine: {'line': b'-- Up-to-date: /home/abc/ws01_plumbing/install/turtlesim/include/turtlesim/turtlesim/srv/detail/set_pen__rosidl_typesupport_fastrtps_cpp.hpp\n'}
[1.351081] (turtlesim) StdoutLine: {'line': b'-- Up-to-date: /home/abc/ws01_plumbing/install/turtlesim/include/turtlesim/turtlesim/srv/detail/teleport_relative__rosidl_typesupport_fastrtps_cpp.hpp\n'}
[1.351121] (turtlesim) StdoutLine: {'line': b'-- Up-to-date: /home/abc/ws01_plumbing/install/turtlesim/include/turtlesim/turtlesim/srv/detail/dds_fastrtps\n'}
[1.351266] (turtlesim) StdoutLine: {'line': b'-- Up-to-date: /home/abc/ws01_plumbing/install/turtlesim/include/turtlesim/turtlesim/action\n'}
[1.351382] (turtlesim) StdoutLine: {'line': b'-- Up-to-date: /home/abc/ws01_plumbing/install/turtlesim/include/turtlesim/turtlesim/action/detail\n'}
[1.351423] (turtlesim) StdoutLine: {'line': b'-- Up-to-date: /home/abc/ws01_plumbing/install/turtlesim/include/turtlesim/turtlesim/action/detail/rotate_absolute__rosidl_typesupport_fastrtps_cpp.hpp\n'}
[1.351455] (turtlesim) StdoutLine: {'line': b'-- Up-to-date: /home/abc/ws01_plumbing/install/turtlesim/include/turtlesim/turtlesim/action/detail/dds_fastrtps\n'}
[1.351486] (turtlesim) StdoutLine: {'line': b'-- Up-to-date: /home/abc/ws01_plumbing/install/turtlesim/lib/libturtlesim__rosidl_typesupport_fastrtps_cpp.so\n'}
[1.351514] (turtlesim) StdoutLine: {'line': b'-- Up-to-date: /home/abc/ws01_plumbing/install/turtlesim/include/turtlesim/turtlesim\n'}
[1.351544] (turtlesim) StdoutLine: {'line': b'-- Up-to-date: /home/abc/ws01_plumbing/install/turtlesim/include/turtlesim/turtlesim/msg\n'}
[1.351572] (turtlesim) StdoutLine: {'line': b'-- Up-to-date: /home/abc/ws01_plumbing/install/turtlesim/include/turtlesim/turtlesim/msg/rosidl_typesupport_introspection_c__visibility_control.h\n'}
[1.351601] (turtlesim) StdoutLine: {'line': b'-- Up-to-date: /home/abc/ws01_plumbing/install/turtlesim/include/turtlesim/turtlesim/msg/detail\n'}
[1.351628] (turtlesim) StdoutLine: {'line': b'-- Up-to-date: /home/abc/ws01_plumbing/install/turtlesim/include/turtlesim/turtlesim/msg/detail/color__type_support.c\n'}
[1.351662] (turtlesim) StdoutLine: {'line': b'-- Up-to-date: /home/abc/ws01_plumbing/install/turtlesim/include/turtlesim/turtlesim/msg/detail/pose__rosidl_typesupport_introspection_c.h\n'}
[1.351692] (turtlesim) StdoutLine: {'line': b'-- Up-to-date: /home/abc/ws01_plumbing/install/turtlesim/include/turtlesim/turtlesim/msg/detail/color__rosidl_typesupport_introspection_c.h\n'}
[1.351718] (turtlesim) StdoutLine: {'line': b'-- Up-to-date: /home/abc/ws01_plumbing/install/turtlesim/include/turtlesim/turtlesim/msg/detail/pose__type_support.c\n'}
[1.351746] (turtlesim) StdoutLine: {'line': b'-- Up-to-date: /home/abc/ws01_plumbing/install/turtlesim/include/turtlesim/turtlesim/srv\n'}
[1.351773] (turtlesim) StdoutLine: {'line': b'-- Up-to-date: /home/abc/ws01_plumbing/install/turtlesim/include/turtlesim/turtlesim/srv/detail\n'}
[1.351799] (turtlesim) StdoutLine: {'line': b'-- Up-to-date: /home/abc/ws01_plumbing/install/turtlesim/include/turtlesim/turtlesim/srv/detail/kill__type_support.c\n'}
[1.351824] (turtlesim) StdoutLine: {'line': b'-- Up-to-date: /home/abc/ws01_plumbing/install/turtlesim/include/turtlesim/turtlesim/srv/detail/kill__rosidl_typesupport_introspection_c.h\n'}
[1.352422] (turtlesim) StdoutLine: {'line': b'-- Up-to-date: /home/abc/ws01_plumbing/install/turtlesim/include/turtlesim/turtlesim/srv/detail/teleport_absolute__rosidl_typesupport_introspection_c.h\n'}
[1.352458] (turtlesim) StdoutLine: {'line': b'-- Up-to-date: /home/abc/ws01_plumbing/install/turtlesim/include/turtlesim/turtlesim/srv/detail/set_pen__rosidl_typesupport_introspection_c.h\n'}
[1.352487] (turtlesim) StdoutLine: {'line': b'-- Up-to-date: /home/abc/ws01_plumbing/install/turtlesim/include/turtlesim/turtlesim/srv/detail/teleport_relative__type_support.c\n'}
[1.352515] (turtlesim) StdoutLine: {'line': b'-- Up-to-date: /home/abc/ws01_plumbing/install/turtlesim/include/turtlesim/turtlesim/srv/detail/spawn__type_support.c\n'}
[1.352541] (turtlesim) StdoutLine: {'line': b'-- Up-to-date: /home/abc/ws01_plumbing/install/turtlesim/include/turtlesim/turtlesim/srv/detail/teleport_relative__rosidl_typesupport_introspection_c.h\n'}
[1.352566] (turtlesim) StdoutLine: {'line': b'-- Up-to-date: /home/abc/ws01_plumbing/install/turtlesim/include/turtlesim/turtlesim/srv/detail/teleport_absolute__type_support.c\n'}
[1.352986] (turtlesim) StdoutLine: {'line': b'-- Up-to-date: /home/abc/ws01_plumbing/install/turtlesim/include/turtlesim/turtlesim/srv/detail/spawn__rosidl_typesupport_introspection_c.h\n'}
[1.353030] (turtlesim) StdoutLine: {'line': b'-- Up-to-date: /home/abc/ws01_plumbing/install/turtlesim/include/turtlesim/turtlesim/srv/detail/set_pen__type_support.c\n'}
[1.353059] (turtlesim) StdoutLine: {'line': b'-- Up-to-date: /home/abc/ws01_plumbing/install/turtlesim/include/turtlesim/turtlesim/action\n'}
[1.353271] (turtlesim) StdoutLine: {'line': b'-- Up-to-date: /home/abc/ws01_plumbing/install/turtlesim/include/turtlesim/turtlesim/action/detail\n'}
[1.353316] (turtlesim) StdoutLine: {'line': b'-- Up-to-date: /home/abc/ws01_plumbing/install/turtlesim/include/turtlesim/turtlesim/action/detail/rotate_absolute__type_support.c\n'}
[1.353344] (turtlesim) StdoutLine: {'line': b'-- Up-to-date: /home/abc/ws01_plumbing/install/turtlesim/include/turtlesim/turtlesim/action/detail/rotate_absolute__rosidl_typesupport_introspection_c.h\n'}
[1.353938] (turtlesim) StdoutLine: {'line': b'-- Up-to-date: /home/abc/ws01_plumbing/install/turtlesim/lib/libturtlesim__rosidl_typesupport_introspection_c.so\n'}
[1.355842] (turtlesim) StdoutLine: {'line': b'-- Up-to-date: /home/abc/ws01_plumbing/install/turtlesim/lib/libturtlesim__rosidl_typesupport_c.so\n'}
[1.355933] (turtlesim) StdoutLine: {'line': b'-- Up-to-date: /home/abc/ws01_plumbing/install/turtlesim/include/turtlesim/turtlesim\n'}
[1.355968] (turtlesim) StdoutLine: {'line': b'-- Up-to-date: /home/abc/ws01_plumbing/install/turtlesim/include/turtlesim/turtlesim/msg\n'}
[1.355997] (turtlesim) StdoutLine: {'line': b'-- Up-to-date: /home/abc/ws01_plumbing/install/turtlesim/include/turtlesim/turtlesim/msg/detail\n'}
[1.356024] (turtlesim) StdoutLine: {'line': b'-- Up-to-date: /home/abc/ws01_plumbing/install/turtlesim/include/turtlesim/turtlesim/msg/detail/color__type_support.cpp\n'}
[1.356059] (turtlesim) StdoutLine: {'line': b'-- Up-to-date: /home/abc/ws01_plumbing/install/turtlesim/include/turtlesim/turtlesim/msg/detail/pose__type_support.cpp\n'}
[1.356085] (turtlesim) StdoutLine: {'line': b'-- Up-to-date: /home/abc/ws01_plumbing/install/turtlesim/include/turtlesim/turtlesim/msg/detail/pose__rosidl_typesupport_introspection_cpp.hpp\n'}
[1.356111] (turtlesim) StdoutLine: {'line': b'-- Up-to-date: /home/abc/ws01_plumbing/install/turtlesim/include/turtlesim/turtlesim/msg/detail/color__rosidl_typesupport_introspection_cpp.hpp\n'}
[1.356137] (turtlesim) StdoutLine: {'line': b'-- Up-to-date: /home/abc/ws01_plumbing/install/turtlesim/include/turtlesim/turtlesim/srv\n'}
[1.356161] (turtlesim) StdoutLine: {'line': b'-- Up-to-date: /home/abc/ws01_plumbing/install/turtlesim/include/turtlesim/turtlesim/srv/detail\n'}
[1.356185] (turtlesim) StdoutLine: {'line': b'-- Up-to-date: /home/abc/ws01_plumbing/install/turtlesim/include/turtlesim/turtlesim/srv/detail/kill__rosidl_typesupport_introspection_cpp.hpp\n'}
[1.356238] (turtlesim) StdoutLine: {'line': b'-- Up-to-date: /home/abc/ws01_plumbing/install/turtlesim/include/turtlesim/turtlesim/srv/detail/teleport_relative__type_support.cpp\n'}
[1.356267] (turtlesim) StdoutLine: {'line': b'-- Up-to-date: /home/abc/ws01_plumbing/install/turtlesim/include/turtlesim/turtlesim/srv/detail/kill__type_support.cpp\n'}
[1.356292] (turtlesim) StdoutLine: {'line': b'-- Up-to-date: /home/abc/ws01_plumbing/install/turtlesim/include/turtlesim/turtlesim/srv/detail/spawn__type_support.cpp\n'}
[1.356319] (turtlesim) StdoutLine: {'line': b'-- Up-to-date: /home/abc/ws01_plumbing/install/turtlesim/include/turtlesim/turtlesim/srv/detail/set_pen__rosidl_typesupport_introspection_cpp.hpp\n'}
[1.356344] (turtlesim) StdoutLine: {'line': b'-- Up-to-date: /home/abc/ws01_plumbing/install/turtlesim/include/turtlesim/turtlesim/srv/detail/teleport_absolute__type_support.cpp\n'}
[1.356369] (turtlesim) StdoutLine: {'line': b'-- Up-to-date: /home/abc/ws01_plumbing/install/turtlesim/include/turtlesim/turtlesim/srv/detail/set_pen__type_support.cpp\n'}
[1.356394] (turtlesim) StdoutLine: {'line': b'-- Up-to-date: /home/abc/ws01_plumbing/install/turtlesim/include/turtlesim/turtlesim/srv/detail/teleport_relative__rosidl_typesupport_introspection_cpp.hpp\n'}
[1.356425] (turtlesim) StdoutLine: {'line': b'-- Up-to-date: /home/abc/ws01_plumbing/install/turtlesim/include/turtlesim/turtlesim/srv/detail/teleport_absolute__rosidl_typesupport_introspection_cpp.hpp\n'}
[1.356450] (turtlesim) StdoutLine: {'line': b'-- Up-to-date: /home/abc/ws01_plumbing/install/turtlesim/include/turtlesim/turtlesim/srv/detail/spawn__rosidl_typesupport_introspection_cpp.hpp\n'}
[1.356476] (turtlesim) StdoutLine: {'line': b'-- Up-to-date: /home/abc/ws01_plumbing/install/turtlesim/include/turtlesim/turtlesim/action\n'}
[1.356500] (turtlesim) StdoutLine: {'line': b'-- Up-to-date: /home/abc/ws01_plumbing/install/turtlesim/include/turtlesim/turtlesim/action/detail\n'}
[1.356524] (turtlesim) StdoutLine: {'line': b'-- Up-to-date: /home/abc/ws01_plumbing/install/turtlesim/include/turtlesim/turtlesim/action/detail/rotate_absolute__type_support.cpp\n'}
[1.356549] (turtlesim) StdoutLine: {'line': b'-- Up-to-date: /home/abc/ws01_plumbing/install/turtlesim/include/turtlesim/turtlesim/action/detail/rotate_absolute__rosidl_typesupport_introspection_cpp.hpp\n'}
[1.357645] (cpp01_topic) StdoutLine: {'line': b'-- The CXX compiler identification is GNU 11.4.0\n'}
[1.357957] (turtlesim) StdoutLine: {'line': b'-- Up-to-date: /home/abc/ws01_plumbing/install/turtlesim/lib/libturtlesim__rosidl_typesupport_introspection_cpp.so\n'}
[1.360229] (turtlesim) StdoutLine: {'line': b'-- Up-to-date: /home/abc/ws01_plumbing/install/turtlesim/lib/libturtlesim__rosidl_typesupport_cpp.so\n'}
[1.361153] (turtlesim) StdoutLine: {'line': b'-- Up-to-date: /home/abc/ws01_plumbing/install/turtlesim/share/turtlesim/environment/pythonpath.sh\n'}
[1.361267] (turtlesim) StdoutLine: {'line': b'-- Up-to-date: /home/abc/ws01_plumbing/install/turtlesim/share/turtlesim/environment/pythonpath.dsv\n'}
[1.361301] (turtlesim) StdoutLine: {'line': b'-- Up-to-date: /home/abc/ws01_plumbing/install/turtlesim/local/lib/python3.10/dist-packages/turtlesim-1.4.3-py3.10.egg-info\n'}
[1.361331] (turtlesim) StdoutLine: {'line': b'-- Installing: /home/abc/ws01_plumbing/install/turtlesim/local/lib/python3.10/dist-packages/turtlesim-1.4.3-py3.10.egg-info/dependency_links.txt\n'}
[1.361360] (turtlesim) StdoutLine: {'line': b'-- Installing: /home/abc/ws01_plumbing/install/turtlesim/local/lib/python3.10/dist-packages/turtlesim-1.4.3-py3.10.egg-info/SOURCES.txt\n'}
[1.361387] (turtlesim) StdoutLine: {'line': b'-- Installing: /home/abc/ws01_plumbing/install/turtlesim/local/lib/python3.10/dist-packages/turtlesim-1.4.3-py3.10.egg-info/top_level.txt\n'}
[1.361412] (turtlesim) StdoutLine: {'line': b'-- Installing: /home/abc/ws01_plumbing/install/turtlesim/local/lib/python3.10/dist-packages/turtlesim-1.4.3-py3.10.egg-info/PKG-INFO\n'}
[1.361436] (turtlesim) StdoutLine: {'line': b'-- Up-to-date: /home/abc/ws01_plumbing/install/turtlesim/local/lib/python3.10/dist-packages/turtlesim\n'}
[1.361461] (turtlesim) StdoutLine: {'line': b'-- Up-to-date: /home/abc/ws01_plumbing/install/turtlesim/local/lib/python3.10/dist-packages/turtlesim/_turtlesim_s.ep.rosidl_typesupport_fastrtps_c.c\n'}
[1.361488] (turtlesim) StdoutLine: {'line': b'-- Up-to-date: /home/abc/ws01_plumbing/install/turtlesim/local/lib/python3.10/dist-packages/turtlesim/libturtlesim__rosidl_generator_py.so\n'}
[1.361513] (turtlesim) StdoutLine: {'line': b'-- Up-to-date: /home/abc/ws01_plumbing/install/turtlesim/local/lib/python3.10/dist-packages/turtlesim/_turtlesim_s.ep.rosidl_typesupport_introspection_c.c\n'}
[1.361544] (turtlesim) StdoutLine: {'line': b'-- Up-to-date: /home/abc/ws01_plumbing/install/turtlesim/local/lib/python3.10/dist-packages/turtlesim/msg\n'}
[1.361569] (turtlesim) StdoutLine: {'line': b'-- Up-to-date: /home/abc/ws01_plumbing/install/turtlesim/local/lib/python3.10/dist-packages/turtlesim/msg/_pose_s.c\n'}
[1.361593] (turtlesim) StdoutLine: {'line': b'-- Up-to-date: /home/abc/ws01_plumbing/install/turtlesim/local/lib/python3.10/dist-packages/turtlesim/msg/_pose.py\n'}
[1.361618] (turtlesim) StdoutLine: {'line': b'-- Up-to-date: /home/abc/ws01_plumbing/install/turtlesim/local/lib/python3.10/dist-packages/turtlesim/msg/__init__.py\n'}
[1.361644] (turtlesim) StdoutLine: {'line': b'-- Up-to-date: /home/abc/ws01_plumbing/install/turtlesim/local/lib/python3.10/dist-packages/turtlesim/msg/_color_s.c\n'}
[1.361686] (turtlesim) StdoutLine: {'line': b'-- Up-to-date: /home/abc/ws01_plumbing/install/turtlesim/local/lib/python3.10/dist-packages/turtlesim/msg/_color.py\n'}
[1.361720] (turtlesim) StdoutLine: {'line': b'-- Up-to-date: /home/abc/ws01_plumbing/install/turtlesim/local/lib/python3.10/dist-packages/turtlesim/srv\n'}
[1.361746] (turtlesim) StdoutLine: {'line': b'-- Up-to-date: /home/abc/ws01_plumbing/install/turtlesim/local/lib/python3.10/dist-packages/turtlesim/srv/_spawn_s.c\n'}
[1.361772] (turtlesim) StdoutLine: {'line': b'-- Up-to-date: /home/abc/ws01_plumbing/install/turtlesim/local/lib/python3.10/dist-packages/turtlesim/srv/_kill_s.c\n'}
[1.361797] (turtlesim) StdoutLine: {'line': b'-- Up-to-date: /home/abc/ws01_plumbing/install/turtlesim/local/lib/python3.10/dist-packages/turtlesim/srv/_kill.py\n'}
[1.361822] (turtlesim) StdoutLine: {'line': b'-- Up-to-date: /home/abc/ws01_plumbing/install/turtlesim/local/lib/python3.10/dist-packages/turtlesim/srv/_teleport_absolute.py\n'}
[1.361846] (turtlesim) StdoutLine: {'line': b'-- Up-to-date: /home/abc/ws01_plumbing/install/turtlesim/local/lib/python3.10/dist-packages/turtlesim/srv/__init__.py\n'}
[1.361872] (turtlesim) StdoutLine: {'line': b'-- Up-to-date: /home/abc/ws01_plumbing/install/turtlesim/local/lib/python3.10/dist-packages/turtlesim/srv/_set_pen_s.c\n'}
[1.361897] (turtlesim) StdoutLine: {'line': b'-- Up-to-date: /home/abc/ws01_plumbing/install/turtlesim/local/lib/python3.10/dist-packages/turtlesim/srv/_set_pen.py\n'}
[1.364081] (turtlesim) StdoutLine: {'line': b'-- Up-to-date: /home/abc/ws01_plumbing/install/turtlesim/local/lib/python3.10/dist-packages/turtlesim/srv/_spawn.py\n'}
[1.364324] (turtlesim) StdoutLine: {'line': b'-- Up-to-date: /home/abc/ws01_plumbing/install/turtlesim/local/lib/python3.10/dist-packages/turtlesim/srv/_teleport_relative_s.c\n'}
[1.364401] (turtlesim) StdoutLine: {'line': b'-- Up-to-date: /home/abc/ws01_plumbing/install/turtlesim/local/lib/python3.10/dist-packages/turtlesim/srv/_teleport_relative.py\n'}
[1.364448] (turtlesim) StdoutLine: {'line': b'-- Up-to-date: /home/abc/ws01_plumbing/install/turtlesim/local/lib/python3.10/dist-packages/turtlesim/srv/_teleport_absolute_s.c\n'}
[1.364497] (turtlesim) StdoutLine: {'line': b'-- Up-to-date: /home/abc/ws01_plumbing/install/turtlesim/local/lib/python3.10/dist-packages/turtlesim/turtlesim_s__rosidl_typesupport_introspection_c.cpython-310-x86_64-linux-gnu.so\n'}
[1.364548] (turtlesim) StdoutLine: {'line': b'-- Up-to-date: /home/abc/ws01_plumbing/install/turtlesim/local/lib/python3.10/dist-packages/turtlesim/action\n'}
[1.364592] (turtlesim) StdoutLine: {'line': b'-- Up-to-date: /home/abc/ws01_plumbing/install/turtlesim/local/lib/python3.10/dist-packages/turtlesim/action/_rotate_absolute.py\n'}
[1.364636] (turtlesim) StdoutLine: {'line': b'-- Up-to-date: /home/abc/ws01_plumbing/install/turtlesim/local/lib/python3.10/dist-packages/turtlesim/action/_rotate_absolute_s.c\n'}
[1.364679] (turtlesim) StdoutLine: {'line': b'-- Up-to-date: /home/abc/ws01_plumbing/install/turtlesim/local/lib/python3.10/dist-packages/turtlesim/action/__init__.py\n'}
[1.364723] (turtlesim) StdoutLine: {'line': b'-- Up-to-date: /home/abc/ws01_plumbing/install/turtlesim/local/lib/python3.10/dist-packages/turtlesim/turtlesim_s__rosidl_typesupport_fastrtps_c.cpython-310-x86_64-linux-gnu.so\n'}
[1.364766] (turtlesim) StdoutLine: {'line': b'-- Up-to-date: /home/abc/ws01_plumbing/install/turtlesim/local/lib/python3.10/dist-packages/turtlesim/__init__.py\n'}
[1.364809] (turtlesim) StdoutLine: {'line': b'-- Up-to-date: /home/abc/ws01_plumbing/install/turtlesim/local/lib/python3.10/dist-packages/turtlesim/turtlesim_s__rosidl_typesupport_c.cpython-310-x86_64-linux-gnu.so\n'}
[1.364854] (turtlesim) StdoutLine: {'line': b'-- Up-to-date: /home/abc/ws01_plumbing/install/turtlesim/local/lib/python3.10/dist-packages/turtlesim/_turtlesim_s.ep.rosidl_typesupport_c.c\n'}
[1.374086] (cpp01_topic) StdoutLine: {'line': b'-- Detecting C compiler ABI info\n'}
[1.401235] (turtlesim) StdoutLine: {'line': b"Listing '/home/abc/ws01_plumbing/install/turtlesim/local/lib/python3.10/dist-packages/turtlesim'...\n"}
[1.401412] (turtlesim) StdoutLine: {'line': b"Listing '/home/abc/ws01_plumbing/install/turtlesim/local/lib/python3.10/dist-packages/turtlesim/action'...\n"}
[1.401451] (turtlesim) StdoutLine: {'line': b"Listing '/home/abc/ws01_plumbing/install/turtlesim/local/lib/python3.10/dist-packages/turtlesim/msg'...\n"}
[1.401480] (turtlesim) StdoutLine: {'line': b"Listing '/home/abc/ws01_plumbing/install/turtlesim/local/lib/python3.10/dist-packages/turtlesim/srv'...\n"}
[1.407533] (turtlesim) StdoutLine: {'line': b'-- Up-to-date: /home/abc/ws01_plumbing/install/turtlesim/local/lib/python3.10/dist-packages/turtlesim/turtlesim_s__rosidl_typesupport_fastrtps_c.cpython-310-x86_64-linux-gnu.so\n'}
[1.409450] (turtlesim) StdoutLine: {'line': b'-- Up-to-date: /home/abc/ws01_plumbing/install/turtlesim/local/lib/python3.10/dist-packages/turtlesim/turtlesim_s__rosidl_typesupport_introspection_c.cpython-310-x86_64-linux-gnu.so\n'}
[1.410676] (turtlesim) StdoutLine: {'line': b'-- Up-to-date: /home/abc/ws01_plumbing/install/turtlesim/local/lib/python3.10/dist-packages/turtlesim/turtlesim_s__rosidl_typesupport_c.cpython-310-x86_64-linux-gnu.so\n'}
[1.413801] (turtlesim) StdoutLine: {'line': b'-- Up-to-date: /home/abc/ws01_plumbing/install/turtlesim/lib/libturtlesim__rosidl_generator_py.so\n'}
[1.414366] (turtlesim) StdoutLine: {'line': b'-- Up-to-date: /home/abc/ws01_plumbing/install/turtlesim/share/turtlesim/action/RotateAbsolute.idl\n'}
[1.414948] (turtlesim) StdoutLine: {'line': b'-- Up-to-date: /home/abc/ws01_plumbing/install/turtlesim/share/turtlesim/msg/Color.idl\n'}
[1.415228] (turtlesim) StdoutLine: {'line': b'-- Up-to-date: /home/abc/ws01_plumbing/install/turtlesim/share/turtlesim/msg/Pose.idl\n'}
[1.415267] (turtlesim) StdoutLine: {'line': b'-- Up-to-date: /home/abc/ws01_plumbing/install/turtlesim/share/turtlesim/srv/Kill.idl\n'}
[1.415296] (turtlesim) StdoutLine: {'line': b'-- Up-to-date: /home/abc/ws01_plumbing/install/turtlesim/share/turtlesim/srv/SetPen.idl\n'}
[1.415323] (turtlesim) StdoutLine: {'line': b'-- Up-to-date: /home/abc/ws01_plumbing/install/turtlesim/share/turtlesim/srv/Spawn.idl\n'}
[1.415349] (turtlesim) StdoutLine: {'line': b'-- Up-to-date: /home/abc/ws01_plumbing/install/turtlesim/share/turtlesim/srv/TeleportAbsolute.idl\n'}
[1.415375] (turtlesim) StdoutLine: {'line': b'-- Up-to-date: /home/abc/ws01_plumbing/install/turtlesim/share/turtlesim/srv/TeleportRelative.idl\n'}
[1.415401] (turtlesim) StdoutLine: {'line': b'-- Up-to-date: /home/abc/ws01_plumbing/install/turtlesim/share/turtlesim/action/RotateAbsolute.action\n'}
[1.415434] (turtlesim) StdoutLine: {'line': b'-- Up-to-date: /home/abc/ws01_plumbing/install/turtlesim/share/turtlesim/msg/Color.msg\n'}
[1.416784] (turtlesim) StdoutLine: {'line': b'-- Up-to-date: /home/abc/ws01_plumbing/install/turtlesim/share/turtlesim/msg/Pose.msg\n'}
[1.417309] (turtlesim) StdoutLine: {'line': b'-- Up-to-date: /home/abc/ws01_plumbing/install/turtlesim/share/turtlesim/srv/Kill.srv\n'}
[1.417375] (turtlesim) StdoutLine: {'line': b'-- Up-to-date: /home/abc/ws01_plumbing/install/turtlesim/share/turtlesim/srv/Kill_Request.msg\n'}
[1.417421] (turtlesim) StdoutLine: {'line': b'-- Up-to-date: /home/abc/ws01_plumbing/install/turtlesim/share/turtlesim/srv/Kill_Response.msg\n'}
[1.417481] (turtlesim) StdoutLine: {'line': b'-- Up-to-date: /home/abc/ws01_plumbing/install/turtlesim/share/turtlesim/srv/SetPen.srv\n'}
[1.417532] (turtlesim) StdoutLine: {'line': b'-- Up-to-date: /home/abc/ws01_plumbing/install/turtlesim/share/turtlesim/srv/SetPen_Request.msg\n'}
[1.417575] (turtlesim) StdoutLine: {'line': b'-- Up-to-date: /home/abc/ws01_plumbing/install/turtlesim/share/turtlesim/srv/SetPen_Response.msg\n'}
[1.417616] (turtlesim) StdoutLine: {'line': b'-- Up-to-date: /home/abc/ws01_plumbing/install/turtlesim/share/turtlesim/srv/Spawn.srv\n'}
[1.417665] (turtlesim) StdoutLine: {'line': b'-- Up-to-date: /home/abc/ws01_plumbing/install/turtlesim/share/turtlesim/srv/Spawn_Request.msg\n'}
[1.417707] (turtlesim) StdoutLine: {'line': b'-- Up-to-date: /home/abc/ws01_plumbing/install/turtlesim/share/turtlesim/srv/Spawn_Response.msg\n'}
[1.417749] (turtlesim) StdoutLine: {'line': b'-- Up-to-date: /home/abc/ws01_plumbing/install/turtlesim/share/turtlesim/srv/TeleportAbsolute.srv\n'}
[1.419772] (turtlesim) StdoutLine: {'line': b'-- Up-to-date: /home/abc/ws01_plumbing/install/turtlesim/share/turtlesim/srv/TeleportAbsolute_Request.msg\n'}
[1.420919] (turtlesim) StdoutLine: {'line': b'-- Up-to-date: /home/abc/ws01_plumbing/install/turtlesim/share/turtlesim/srv/TeleportAbsolute_Response.msg\n'}
[1.420966] (turtlesim) StdoutLine: {'line': b'-- Up-to-date: /home/abc/ws01_plumbing/install/turtlesim/share/turtlesim/srv/TeleportRelative.srv\n'}
[1.420996] (turtlesim) StdoutLine: {'line': b'-- Up-to-date: /home/abc/ws01_plumbing/install/turtlesim/share/turtlesim/srv/TeleportRelative_Request.msg\n'}
[1.421026] (turtlesim) StdoutLine: {'line': b'-- Up-to-date: /home/abc/ws01_plumbing/install/turtlesim/share/turtlesim/srv/TeleportRelative_Response.msg\n'}
[1.422094] (py04_param) StdoutLine: {'line': b'running egg_info\n'}
[1.422734] (py04_param) StdoutLine: {'line': b'creating ../../build/py04_param/py04_param.egg-info\n'}
[1.423080] (py04_param) StdoutLine: {'line': b'writing ../../build/py04_param/py04_param.egg-info/PKG-INFO\n'}
[1.423498] (py04_param) StdoutLine: {'line': b'writing dependency_links to ../../build/py04_param/py04_param.egg-info/dependency_links.txt\n'}
[1.423935] (py04_param) StdoutLine: {'line': b'writing entry points to ../../build/py04_param/py04_param.egg-info/entry_points.txt\n'}
[1.424012] (py04_param) StdoutLine: {'line': b'writing requirements to ../../build/py04_param/py04_param.egg-info/requires.txt\n'}
[1.424982] (py04_param) StdoutLine: {'line': b'writing top-level names to ../../build/py04_param/py04_param.egg-info/top_level.txt\n'}
[1.425071] (py04_param) StdoutLine: {'line': b"writing manifest file '../../build/py04_param/py04_param.egg-info/SOURCES.txt'\n"}
[1.426019] (turtlesim) StdoutLine: {'line': b'-- Up-to-date: /home/abc/ws01_plumbing/install/turtlesim/lib/turtlesim/turtlesim_node\n'}
[1.426162] (py04_param) StdoutLine: {'line': b"reading manifest file '../../build/py04_param/py04_param.egg-info/SOURCES.txt'\n"}
[1.426753] (py04_param) StdoutLine: {'line': b"writing manifest file '../../build/py04_param/py04_param.egg-info/SOURCES.txt'\n"}
[1.427098] (py04_param) StdoutLine: {'line': b'running build\n'}
[1.427186] (py04_param) StdoutLine: {'line': b'running build_py\n'}
[1.427463] (py04_param) StdoutLine: {'line': b'creating /home/abc/ws01_plumbing/build/py04_param/build\n'}
[1.427635] (py04_param) StdoutLine: {'line': b'creating /home/abc/ws01_plumbing/build/py04_param/build/lib\n'}
[1.427886] (py04_param) StdoutLine: {'line': b'creating /home/abc/ws01_plumbing/build/py04_param/build/lib/py04_param\n'}
[1.427956] (py04_param) StdoutLine: {'line': b'copying py04_param/demo01_param_server_py.py -> /home/abc/ws01_plumbing/build/py04_param/build/lib/py04_param\n'}
[1.428341] (py04_param) StdoutLine: {'line': b'copying py04_param/__init__.py -> /home/abc/ws01_plumbing/build/py04_param/build/lib/py04_param\n'}
[1.428681] (py04_param) StdoutLine: {'line': b'copying py04_param/demo00_param_py.py -> /home/abc/ws01_plumbing/build/py04_param/build/lib/py04_param\n'}
[1.428869] (turtlesim) StdoutLine: {'line': b'-- Up-to-date: /home/abc/ws01_plumbing/install/turtlesim/lib/turtlesim/turtle_teleop_key\n'}
[1.429409] (py04_param) StdoutLine: {'line': b'running install\n'}
[1.430599] (py04_param) StdoutLine: {'line': b'running install_lib\n'}
[1.430809] (py04_param) StdoutLine: {'line': b'creating /home/abc/ws01_plumbing/install/py04_param/lib/python3.10/site-packages/py04_param\n'}
[1.430910] (py04_param) StdoutLine: {'line': b'copying /home/abc/ws01_plumbing/build/py04_param/build/lib/py04_param/demo01_param_server_py.py -> /home/abc/ws01_plumbing/install/py04_param/lib/python3.10/site-packages/py04_param\n'}
[1.431017] (py04_param) StdoutLine: {'line': b'copying /home/abc/ws01_plumbing/build/py04_param/build/lib/py04_param/__init__.py -> /home/abc/ws01_plumbing/install/py04_param/lib/python3.10/site-packages/py04_param\n'}
[1.431051] (py04_param) StdoutLine: {'line': b'copying /home/abc/ws01_plumbing/build/py04_param/build/lib/py04_param/demo00_param_py.py -> /home/abc/ws01_plumbing/install/py04_param/lib/python3.10/site-packages/py04_param\n'}
[1.431847] (turtlesim) StdoutLine: {'line': b'-- Up-to-date: /home/abc/ws01_plumbing/install/turtlesim/lib/turtlesim/draw_square\n'}
[1.432148] (py04_param) StdoutLine: {'line': b'byte-compiling /home/abc/ws01_plumbing/install/py04_param/lib/python3.10/site-packages/py04_param/demo01_param_server_py.py to demo01_param_server_py.cpython-310.pyc\n'}
[1.432223] (py04_param) StdoutLine: {'line': b'byte-compiling /home/abc/ws01_plumbing/install/py04_param/lib/python3.10/site-packages/py04_param/__init__.py to __init__.cpython-310.pyc\n'}
[1.432273] (-) TimerEvent: {}
[1.432501] (py04_param) StdoutLine: {'line': b'byte-compiling /home/abc/ws01_plumbing/install/py04_param/lib/python3.10/site-packages/py04_param/demo00_param_py.py to demo00_param_py.cpython-310.pyc\n'}
[1.433485] (py04_param) StdoutLine: {'line': b'running install_data\n'}
[1.433573] (py04_param) StdoutLine: {'line': b'creating /home/abc/ws01_plumbing/install/py04_param/share/ament_index\n'}
[1.433631] (py04_param) StdoutLine: {'line': b'creating /home/abc/ws01_plumbing/install/py04_param/share/ament_index/resource_index\n'}
[1.433663] (py04_param) StdoutLine: {'line': b'creating /home/abc/ws01_plumbing/install/py04_param/share/ament_index/resource_index/packages\n'}
[1.433718] (py04_param) StdoutLine: {'line': b'copying resource/py04_param -> /home/abc/ws01_plumbing/install/py04_param/share/ament_index/resource_index/packages\n'}
[1.433748] (py04_param) StdoutLine: {'line': b'copying package.xml -> /home/abc/ws01_plumbing/install/py04_param/share/py04_param\n'}
[1.433775] (py04_param) StdoutLine: {'line': b'running install_egg_info\n'}
[1.433941] (turtlesim) StdoutLine: {'line': b'-- Up-to-date: /home/abc/ws01_plumbing/install/turtlesim/lib/turtlesim/mimic\n'}
[1.434159] (turtlesim) StdoutLine: {'line': b'-- Up-to-date: /home/abc/ws01_plumbing/install/turtlesim/share/turtlesim/images\n'}
[1.434311] (turtlesim) StdoutLine: {'line': b'-- Up-to-date: /home/abc/ws01_plumbing/install/turtlesim/share/turtlesim/images/humble.png\n'}
[1.434536] (turtlesim) StdoutLine: {'line': b'-- Up-to-date: /home/abc/ws01_plumbing/install/turtlesim/share/turtlesim/images/foxy.png\n'}
[1.434636] (turtlesim) StdoutLine: {'line': b'-- Up-to-date: /home/abc/ws01_plumbing/install/turtlesim/share/turtlesim/images/bouncy.png\n'}
[1.434703] (turtlesim) StdoutLine: {'line': b'-- Up-to-date: /home/abc/ws01_plumbing/install/turtlesim/share/turtlesim/images/ardent.png\n'}
[1.434836] (turtlesim) StdoutLine: {'line': b'-- Up-to-date: /home/abc/ws01_plumbing/install/turtlesim/share/turtlesim/images/dashing.png\n'}
[1.434903] (turtlesim) StdoutLine: {'line': b'-- Up-to-date: /home/abc/ws01_plumbing/install/turtlesim/share/turtlesim/images/eloquent.png\n'}
[1.435139] (turtlesim) StdoutLine: {'line': b'-- Up-to-date: /home/abc/ws01_plumbing/install/turtlesim/share/turtlesim/images/crystal.png\n'}
[1.435282] (turtlesim) StdoutLine: {'line': b'-- Up-to-date: /home/abc/ws01_plumbing/install/turtlesim/share/turtlesim/images/rolling.png\n'}
[1.435346] (turtlesim) StdoutLine: {'line': b'-- Up-to-date: /home/abc/ws01_plumbing/install/turtlesim/share/turtlesim/images/galactic.png\n'}
[1.435585] (turtlesim) StdoutLine: {'line': b'-- Up-to-date: /home/abc/ws01_plumbing/install/turtlesim/share/turtlesim/launch\n'}
[1.435636] (turtlesim) StdoutLine: {'line': b'-- Up-to-date: /home/abc/ws01_plumbing/install/turtlesim/share/turtlesim/launch/multisim.launch.py\n'}
[1.435667] (turtlesim) StdoutLine: {'line': b'-- Up-to-date: /home/abc/ws01_plumbing/install/turtlesim/share/ament_index/resource_index/package_run_dependencies/turtlesim\n'}
[1.435698] (turtlesim) StdoutLine: {'line': b'-- Up-to-date: /home/abc/ws01_plumbing/install/turtlesim/share/ament_index/resource_index/parent_prefix_path/turtlesim\n'}
[1.436030] (turtlesim) StdoutLine: {'line': b'-- Up-to-date: /home/abc/ws01_plumbing/install/turtlesim/share/turtlesim/environment/ament_prefix_path.sh\n'}
[1.436095] (turtlesim) StdoutLine: {'line': b'-- Up-to-date: /home/abc/ws01_plumbing/install/turtlesim/share/turtlesim/environment/ament_prefix_path.dsv\n'}
[1.436127] (turtlesim) StdoutLine: {'line': b'-- Up-to-date: /home/abc/ws01_plumbing/install/turtlesim/share/turtlesim/environment/path.sh\n'}
[1.436703] (turtlesim) StdoutLine: {'line': b'-- Up-to-date: /home/abc/ws01_plumbing/install/turtlesim/share/turtlesim/environment/path.dsv\n'}
[1.437699] (turtlesim) StdoutLine: {'line': b'-- Up-to-date: /home/abc/ws01_plumbing/install/turtlesim/share/turtlesim/local_setup.bash\n'}
[1.437809] (turtlesim) StdoutLine: {'line': b'-- Up-to-date: /home/abc/ws01_plumbing/install/turtlesim/share/turtlesim/local_setup.sh\n'}
[1.437870] (turtlesim) StdoutLine: {'line': b'-- Up-to-date: /home/abc/ws01_plumbing/install/turtlesim/share/turtlesim/local_setup.zsh\n'}
[1.437902] (turtlesim) StdoutLine: {'line': b'-- Up-to-date: /home/abc/ws01_plumbing/install/turtlesim/share/turtlesim/local_setup.dsv\n'}
[1.437931] (turtlesim) StdoutLine: {'line': b'-- Installing: /home/abc/ws01_plumbing/install/turtlesim/share/turtlesim/package.dsv\n'}
[1.437959] (py04_param) StdoutLine: {'line': b'Copying ../../build/py04_param/py04_param.egg-info to /home/abc/ws01_plumbing/install/py04_param/lib/python3.10/site-packages/py04_param-0.0.0-py3.10.egg-info\n'}
[1.438387] (turtlesim) StdoutLine: {'line': b'-- Up-to-date: /home/abc/ws01_plumbing/install/turtlesim/share/ament_index/resource_index/packages/turtlesim\n'}
[1.439766] (turtlesim) StdoutLine: {'line': b'-- Up-to-date: /home/abc/ws01_plumbing/install/turtlesim/share/turtlesim/cmake/export_turtlesim__rosidl_generator_cExport.cmake\n'}
[1.439859] (cpp01_topic) StdoutLine: {'line': b'-- Detecting C compiler ABI info - done\n'}
[1.439902] (turtlesim) StdoutLine: {'line': b'-- Up-to-date: /home/abc/ws01_plumbing/install/turtlesim/share/turtlesim/cmake/export_turtlesim__rosidl_generator_cExport-noconfig.cmake\n'}
[1.440311] (turtlesim) StdoutLine: {'line': b'-- Up-to-date: /home/abc/ws01_plumbing/install/turtlesim/share/turtlesim/cmake/export_turtlesim__rosidl_typesupport_fastrtps_cExport.cmake\n'}
[1.440682] (py04_param) StdoutLine: {'line': b'running install_scripts\n'}
[1.440812] (turtlesim) StdoutLine: {'line': b'-- Up-to-date: /home/abc/ws01_plumbing/install/turtlesim/share/turtlesim/cmake/export_turtlesim__rosidl_typesupport_fastrtps_cExport-noconfig.cmake\n'}
[1.441793] (turtlesim) StdoutLine: {'line': b'-- Up-to-date: /home/abc/ws01_plumbing/install/turtlesim/share/turtlesim/cmake/export_turtlesim__rosidl_generator_cppExport.cmake\n'}
[1.443634] (turtlesim) StdoutLine: {'line': b'-- Up-to-date: /home/abc/ws01_plumbing/install/turtlesim/share/turtlesim/cmake/export_turtlesim__rosidl_typesupport_fastrtps_cppExport.cmake\n'}
[1.443921] (turtlesim) StdoutLine: {'line': b'-- Up-to-date: /home/abc/ws01_plumbing/install/turtlesim/share/turtlesim/cmake/export_turtlesim__rosidl_typesupport_fastrtps_cppExport-noconfig.cmake\n'}
[1.444301] (cpp01_topic) StdoutLine: {'line': b'-- Check for working C compiler: /usr/bin/cc - skipped\n'}
[1.444828] (cpp01_topic) StdoutLine: {'line': b'-- Detecting C compile features\n'}
[1.445425] (cpp01_topic) StdoutLine: {'line': b'-- Detecting C compile features - done\n'}
[1.446014] (turtlesim) StdoutLine: {'line': b'-- Up-to-date: /home/abc/ws01_plumbing/install/turtlesim/share/turtlesim/cmake/turtlesim__rosidl_typesupport_introspection_cExport.cmake\n'}
[1.447777] (turtlesim) StdoutLine: {'line': b'-- Up-to-date: /home/abc/ws01_plumbing/install/turtlesim/share/turtlesim/cmake/turtlesim__rosidl_typesupport_introspection_cExport-noconfig.cmake\n'}
[1.448456] (turtlesim) StdoutLine: {'line': b'-- Up-to-date: /home/abc/ws01_plumbing/install/turtlesim/share/turtlesim/cmake/turtlesim__rosidl_typesupport_cExport.cmake\n'}
[1.449560] (turtlesim) StdoutLine: {'line': b'-- Up-to-date: /home/abc/ws01_plumbing/install/turtlesim/share/turtlesim/cmake/turtlesim__rosidl_typesupport_cExport-noconfig.cmake\n'}
[1.450099] (cpp01_topic) StdoutLine: {'line': b'-- Detecting CXX compiler ABI info\n'}
[1.450416] (turtlesim) StdoutLine: {'line': b'-- Up-to-date: /home/abc/ws01_plumbing/install/turtlesim/share/turtlesim/cmake/turtlesim__rosidl_typesupport_introspection_cppExport.cmake\n'}
[1.451462] (turtlesim) StdoutLine: {'line': b'-- Up-to-date: /home/abc/ws01_plumbing/install/turtlesim/share/turtlesim/cmake/turtlesim__rosidl_typesupport_introspection_cppExport-noconfig.cmake\n'}
[1.452210] (turtlesim) StdoutLine: {'line': b'-- Up-to-date: /home/abc/ws01_plumbing/install/turtlesim/share/turtlesim/cmake/turtlesim__rosidl_typesupport_cppExport.cmake\n'}
[1.452545] (turtlesim) StdoutLine: {'line': b'-- Up-to-date: /home/abc/ws01_plumbing/install/turtlesim/share/turtlesim/cmake/turtlesim__rosidl_typesupport_cppExport-noconfig.cmake\n'}
[1.454248] (turtlesim) StdoutLine: {'line': b'-- Up-to-date: /home/abc/ws01_plumbing/install/turtlesim/share/turtlesim/cmake/export_turtlesim__rosidl_generator_pyExport.cmake\n'}
[1.454614] (turtlesim) StdoutLine: {'line': b'-- Up-to-date: /home/abc/ws01_plumbing/install/turtlesim/share/turtlesim/cmake/export_turtlesim__rosidl_generator_pyExport-noconfig.cmake\n'}
[1.455148] (turtlesim) StdoutLine: {'line': b'-- Up-to-date: /home/abc/ws01_plumbing/install/turtlesim/share/turtlesim/cmake/rosidl_cmake-extras.cmake\n'}
[1.455388] (turtlesim) StdoutLine: {'line': b'-- Up-to-date: /home/abc/ws01_plumbing/install/turtlesim/share/turtlesim/cmake/ament_cmake_export_dependencies-extras.cmake\n'}
[1.456495] (turtlesim) StdoutLine: {'line': b'-- Up-to-date: /home/abc/ws01_plumbing/install/turtlesim/share/turtlesim/cmake/ament_cmake_export_include_directories-extras.cmake\n'}
[1.456565] (turtlesim) StdoutLine: {'line': b'-- Up-to-date: /home/abc/ws01_plumbing/install/turtlesim/share/turtlesim/cmake/ament_cmake_export_libraries-extras.cmake\n'}
[1.456606] (turtlesim) StdoutLine: {'line': b'-- Up-to-date: /home/abc/ws01_plumbing/install/turtlesim/share/turtlesim/cmake/ament_cmake_export_targets-extras.cmake\n'}
[1.456664] (turtlesim) StdoutLine: {'line': b'-- Up-to-date: /home/abc/ws01_plumbing/install/turtlesim/share/turtlesim/cmake/rosidl_cmake_export_typesupport_targets-extras.cmake\n'}
[1.456701] (turtlesim) StdoutLine: {'line': b'-- Up-to-date: /home/abc/ws01_plumbing/install/turtlesim/share/turtlesim/cmake/rosidl_cmake_export_typesupport_libraries-extras.cmake\n'}
[1.456937] (turtlesim) StdoutLine: {'line': b'-- Up-to-date: /home/abc/ws01_plumbing/install/turtlesim/share/turtlesim/cmake/turtlesimConfig.cmake\n'}
[1.456996] (turtlesim) StdoutLine: {'line': b'-- Up-to-date: /home/abc/ws01_plumbing/install/turtlesim/share/turtlesim/cmake/turtlesimConfig-version.cmake\n'}
[1.457026] (turtlesim) StdoutLine: {'line': b'-- Up-to-date: /home/abc/ws01_plumbing/install/turtlesim/share/turtlesim/package.xml\n'}
[1.461630] (turtlesim) CommandEnded: {'returncode': 0}
[1.462513] (py04_param) StdoutLine: {'line': b'Installing demo00_param_py script to /home/abc/ws01_plumbing/install/py04_param/lib/py04_param\n'}
[1.463737] (py04_param) StdoutLine: {'line': b'Installing demo01_param_server_py script to /home/abc/ws01_plumbing/install/py04_param/lib/py04_param\n'}
[1.466555] (py04_param) StdoutLine: {'line': b"writing list of installed files to '/home/abc/ws01_plumbing/build/py04_param/install.log'\n"}
[1.476127] (turtlesim) JobEnded: {'identifier': 'turtlesim', 'rc': 0}
[1.477335] (cpp03_action) JobStarted: {'identifier': 'cpp03_action'}
[1.485452] (cpp03_action) JobProgress: {'identifier': 'cpp03_action', 'progress': 'cmake'}
[1.492626] (cpp03_action) Command: {'cmd': ['/usr/bin/cmake', '/home/abc/ws01_plumbing/src/cpp03_action', '-DCMAKE_INSTALL_PREFIX=/home/abc/ws01_plumbing/install/cpp03_action'], 'cwd': '/home/abc/ws01_plumbing/build/cpp03_action', 'env': OrderedDict([('PYTHON_BASIC_REPL', '1'), ('LESSOPEN', '| /usr/bin/lesspipe %s'), ('LANGUAGE', 'zh_CN:zh'), ('USER', 'abc'), ('SSH_CLIENT', '192.168.150.1 55401 22'), ('XDG_SESSION_TYPE', 'tty'), ('GIT_ASKPASS', '/home/abc/.vscode-server/cli/servers/Stable-585eba7c0c34fd6b30faac7c62a42050bfbc0086/server/extensions/git/dist/askpass.sh'), ('SHLVL', '1'), ('LD_LIBRARY_PATH', '/home/abc/ws01_plumbing/install/base_interfaces_demo/lib:/opt/ros/humble/opt/rviz_ogre_vendor/lib:/opt/ros/humble/lib/x86_64-linux-gnu:/opt/ros/humble/lib'), ('BROWSER', '/home/abc/.vscode-server/cli/servers/Stable-585eba7c0c34fd6b30faac7c62a42050bfbc0086/server/bin/helpers/browser.sh'), ('MOTD_SHOWN', 'pam'), ('HOME', '/home/abc'), ('TERM_PROGRAM_VERSION', '1.108.1'), ('VSCODE_IPC_HOOK_CLI', '/run/user/1000/vscode-ipc-f7f99b24-bc5b-43d6-947e-2a9efb26413d.sock'), ('ROS_PYTHON_VERSION', '3'), ('VSCODE_GIT_ASKPASS_MAIN', '/home/abc/.vscode-server/cli/servers/Stable-585eba7c0c34fd6b30faac7c62a42050bfbc0086/server/extensions/git/dist/askpass-main.js'), ('VSCODE_GIT_ASKPASS_NODE', '/home/abc/.vscode-server/cli/servers/Stable-585eba7c0c34fd6b30faac7c62a42050bfbc0086/server/node'), ('SSL_CERT_FILE', '/usr/lib/ssl/certs/ca-certificates.crt'), ('PYDEVD_DISABLE_FILE_VALIDATION', '1'), ('BUNDLED_DEBUGPY_PATH', '/home/abc/.vscode-server/extensions/ms-python.debugpy-2025.18.0/bundled/libs/debugpy'), ('VSCODE_PYTHON_AUTOACTIVATE_GUARD', '1'), ('DBUS_SESSION_BUS_ADDRESS', 'unix:path=/run/user/1000/bus'), ('COLORTERM', 'truecolor'), ('ROS_DISTRO', 'humble'), ('LOGNAME', 'abc'), ('_', '/usr/bin/colcon'), ('ROS_VERSION', '2'), ('XDG_SESSION_CLASS', 'user'), ('TERM', 'xterm-256color'), ('XDG_SESSION_ID', '4'), ('ROS_LOCALHOST_ONLY', '0'), ('PATH', '/opt/loongson-gcc/bin:/home/abc/.vscode-server/data/User/globalStorage/github.copilot-chat/debugCommand:/home/abc/.vscode-server/data/User/globalStorage/github.copilot-chat/copilotCli:/home/abc/.vscode-server/cli/servers/Stable-585eba7c0c34fd6b30faac7c62a42050bfbc0086/server/bin/remote-cli:/opt/loongson-gcc/bin:/opt/ros/humble/bin:/usr/local/sbin:/usr/local/bin:/usr/sbin:/usr/bin:/sbin:/bin:/usr/games:/usr/local/games:/snap/bin:/home/abc/.vscode-server/extensions/ms-python.debugpy-2025.18.0/bundled/scripts/noConfigScripts'), ('XDG_RUNTIME_DIR', '/run/user/1000'), ('SSL_CERT_DIR', '/usr/lib/ssl/certs'), ('VSCODE_DEBUGPY_ADAPTER_ENDPOINTS', '/home/abc/.vscode-server/extensions/ms-python.debugpy-2025.18.0/.noConfigDebugAdapterEndpoints/endpoint-eb3adf4cb764e782.txt'), ('LANG', 'zh_CN.UTF-8'), ('PYTHONSTARTUP', '/home/abc/.vscode-server/data/User/workspaceStorage/20b236a14418f8956cef225c8512416f/ms-python.python/pythonrc.py'), ('LS_COLORS', 'rs=0:di=01;34:ln=01;36:mh=00:pi=40;33:so=01;35:do=01;35:bd=40;33;01:cd=40;33;01:or=40;31;01:mi=00:su=37;41:sg=30;43:ca=30;41:tw=30;42:ow=34;42:st=37;44:ex=01;32:*.tar=01;31:*.tgz=01;31:*.arc=01;31:*.arj=01;31:*.taz=01;31:*.lha=01;31:*.lz4=01;31:*.lzh=01;31:*.lzma=01;31:*.tlz=01;31:*.txz=01;31:*.tzo=01;31:*.t7z=01;31:*.zip=01;31:*.z=01;31:*.dz=01;31:*.gz=01;31:*.lrz=01;31:*.lz=01;31:*.lzo=01;31:*.xz=01;31:*.zst=01;31:*.tzst=01;31:*.bz2=01;31:*.bz=01;31:*.tbz=01;31:*.tbz2=01;31:*.tz=01;31:*.deb=01;31:*.rpm=01;31:*.jar=01;31:*.war=01;31:*.ear=01;31:*.sar=01;31:*.rar=01;31:*.alz=01;31:*.ace=01;31:*.zoo=01;31:*.cpio=01;31:*.7z=01;31:*.rz=01;31:*.cab=01;31:*.wim=01;31:*.swm=01;31:*.dwm=01;31:*.esd=01;31:*.jpg=01;35:*.jpeg=01;35:*.mjpg=01;35:*.mjpeg=01;35:*.gif=01;35:*.bmp=01;35:*.pbm=01;35:*.pgm=01;35:*.ppm=01;35:*.tga=01;35:*.xbm=01;35:*.xpm=01;35:*.tif=01;35:*.tiff=01;35:*.png=01;35:*.svg=01;35:*.svgz=01;35:*.mng=01;35:*.pcx=01;35:*.mov=01;35:*.mpg=01;35:*.mpeg=01;35:*.m2v=01;35:*.mkv=01;35:*.webm=01;35:*.webp=01;35:*.ogm=01;35:*.mp4=01;35:*.m4v=01;35:*.mp4v=01;35:*.vob=01;35:*.qt=01;35:*.nuv=01;35:*.wmv=01;35:*.asf=01;35:*.rm=01;35:*.rmvb=01;35:*.flc=01;35:*.avi=01;35:*.fli=01;35:*.flv=01;35:*.gl=01;35:*.dl=01;35:*.xcf=01;35:*.xwd=01;35:*.yuv=01;35:*.cgm=01;35:*.emf=01;35:*.ogv=01;35:*.ogx=01;35:*.aac=00;36:*.au=00;36:*.flac=00;36:*.m4a=00;36:*.mid=00;36:*.midi=00;36:*.mka=00;36:*.mp3=00;36:*.mpc=00;36:*.ogg=00;36:*.ra=00;36:*.wav=00;36:*.oga=00;36:*.opus=00;36:*.spx=00;36:*.xspf=00;36:'), ('VSCODE_GIT_IPC_HANDLE', '/run/user/1000/vscode-git-91c7b8982f.sock'), ('TERM_PROGRAM', 'vscode'), ('AMENT_PREFIX_PATH', '/home/abc/ws01_plumbing/install/base_interfaces_demo:/opt/ros/humble'), ('SHELL', '/bin/bash'), ('LESSCLOSE', '/usr/bin/lesspipe %s %s'), ('VSCODE_GIT_ASKPASS_EXTRA_ARGS', ''), ('PWD', '/home/abc/ws01_plumbing/build/cpp03_action'), ('SSH_CONNECTION', '192.168.150.1 55401 192.168.150.128 22'), ('XDG_DATA_DIRS', '/usr/share/gnome:/usr/local/share:/usr/share:/var/lib/snapd/desktop'), ('PYTHONPATH', '/home/abc/ws01_plumbing/install/base_interfaces_demo/local/lib/python3.10/dist-packages:/opt/ros/humble/lib/python3.10/site-packages:/opt/ros/humble/local/lib/python3.10/dist-packages'), ('COLCON', '1'), ('CMAKE_PREFIX_PATH', '/home/abc/ws01_plumbing/install/base_interfaces_demo:/opt/ros/humble')]), 'shell': False}
[1.498987] (cpp04_param) StdoutLine: {'line': b'-- Found rclcpp: 16.0.11 (/opt/ros/humble/share/rclcpp/cmake)\n'}
[1.504401] (py04_param) CommandEnded: {'returncode': 0}
[1.507381] (py04_param) JobEnded: {'identifier': 'py04_param', 'rc': 0}
[1.510271] (py01_topic) JobStarted: {'identifier': 'py01_topic'}
[1.532874] (-) TimerEvent: {}
[1.573154] (cpp03_action) StdoutLine: {'line': b'-- The C compiler identification is GNU 11.4.0\n'}
[1.585888] (cpp01_topic) StdoutLine: {'line': b'-- Detecting CXX compiler ABI info - done\n'}
[1.590710] (cpp01_topic) StdoutLine: {'line': b'-- Check for working CXX compiler: /usr/bin/c++ - skipped\n'}
[1.591132] (cpp01_topic) StdoutLine: {'line': b'-- Detecting CXX compile features\n'}
[1.594362] (cpp01_topic) StdoutLine: {'line': b'-- Detecting CXX compile features - done\n'}
[1.594629] (cpp01_topic) StdoutLine: {'line': b'-- Found ament_cmake: 1.3.11 (/opt/ros/humble/share/ament_cmake/cmake)\n'}
[1.616686] (cpp04_param) StdoutLine: {'line': b'-- Found rosidl_generator_c: 3.1.6 (/opt/ros/humble/share/rosidl_generator_c/cmake)\n'}
[1.633494] (cpp04_param) StdoutLine: {'line': b'-- Found rosidl_adapter: 3.1.6 (/opt/ros/humble/share/rosidl_adapter/cmake)\n'}
[1.633932] (-) TimerEvent: {}
[1.651862] (cpp04_param) StdoutLine: {'line': b'-- Found rosidl_generator_cpp: 3.1.6 (/opt/ros/humble/share/rosidl_generator_cpp/cmake)\n'}
[1.661199] (cpp03_action) StdoutLine: {'line': b'-- The CXX compiler identification is GNU 11.4.0\n'}
[1.673194] (cpp03_action) StdoutLine: {'line': b'-- Detecting C compiler ABI info\n'}
[1.686682] (cpp04_param) StdoutLine: {'line': b'-- Using all available rosidl_typesupport_c: rosidl_typesupport_fastrtps_c;rosidl_typesupport_introspection_c\n'}
[1.720992] (cpp04_param) StdoutLine: {'line': b'-- Using all available rosidl_typesupport_cpp: rosidl_typesupport_fastrtps_cpp;rosidl_typesupport_introspection_cpp\n'}
[1.734028] (-) TimerEvent: {}
[1.754840] (cpp01_topic) StdoutLine: {'line': b'-- Found Python3: /usr/bin/python3 (found version "3.10.12") found components: Interpreter \n'}
[1.755071] (cpp03_action) StdoutLine: {'line': b'-- Detecting C compiler ABI info - done\n'}
[1.759151] (cpp03_action) StdoutLine: {'line': b'-- Check for working C compiler: /usr/bin/cc - skipped\n'}
[1.762527] (cpp03_action) StdoutLine: {'line': b'-- Detecting C compile features\n'}
[1.762596] (cpp03_action) StdoutLine: {'line': b'-- Detecting C compile features - done\n'}
[1.769026] (cpp03_action) StdoutLine: {'line': b'-- Detecting CXX compiler ABI info\n'}
[1.825532] (cpp01_topic) StdoutLine: {'line': b'-- Found rclcpp: 16.0.11 (/opt/ros/humble/share/rclcpp/cmake)\n'}
[1.835967] (-) TimerEvent: {}
[1.855241] (cpp01_topic) StdoutLine: {'line': b'-- Found rosidl_generator_c: 3.1.6 (/opt/ros/humble/share/rosidl_generator_c/cmake)\n'}
[1.856363] (cpp01_topic) StdoutLine: {'line': b'-- Found rosidl_adapter: 3.1.6 (/opt/ros/humble/share/rosidl_adapter/cmake)\n'}
[1.862124] (cpp01_topic) StdoutLine: {'line': b'-- Found rosidl_generator_cpp: 3.1.6 (/opt/ros/humble/share/rosidl_generator_cpp/cmake)\n'}
[1.874938] (cpp01_topic) StdoutLine: {'line': b'-- Using all available rosidl_typesupport_c: rosidl_typesupport_fastrtps_c;rosidl_typesupport_introspection_c\n'}
[1.882147] (cpp03_action) StdoutLine: {'line': b'-- Detecting CXX compiler ABI info - done\n'}
[1.888735] (cpp04_param) StdoutLine: {'line': b'-- Found rmw_implementation_cmake: 6.1.2 (/opt/ros/humble/share/rmw_implementation_cmake/cmake)\n'}
[1.893498] (cpp04_param) StdoutLine: {'line': b'-- Found rmw_fastrtps_cpp: 6.2.7 (/opt/ros/humble/share/rmw_fastrtps_cpp/cmake)\n'}
[1.893635] (cpp01_topic) StdoutLine: {'line': b'-- Using all available rosidl_typesupport_cpp: rosidl_typesupport_fastrtps_cpp;rosidl_typesupport_introspection_cpp\n'}
[1.894572] (cpp03_action) StdoutLine: {'line': b'-- Check for working CXX compiler: /usr/bin/c++ - skipped\n'}
[1.895070] (cpp03_action) StdoutLine: {'line': b'-- Detecting CXX compile features\n'}
[1.895135] (cpp03_action) StdoutLine: {'line': b'-- Detecting CXX compile features - done\n'}
[1.900539] (cpp03_action) StdoutLine: {'line': b'-- Found ament_cmake: 1.3.11 (/opt/ros/humble/share/ament_cmake/cmake)\n'}
[1.936187] (-) TimerEvent: {}
[1.937213] (cpp01_topic) StdoutLine: {'line': b'-- Found rmw_implementation_cmake: 6.1.2 (/opt/ros/humble/share/rmw_implementation_cmake/cmake)\n'}
[1.944209] (cpp01_topic) StdoutLine: {'line': b'-- Found rmw_fastrtps_cpp: 6.2.7 (/opt/ros/humble/share/rmw_fastrtps_cpp/cmake)\n'}
[2.036795] (-) TimerEvent: {}
[2.069230] (py01_topic) Command: {'cmd': ['/usr/bin/python3', '-W', 'ignore:setup.py install is deprecated', '-W', 'ignore:easy_install command is deprecated', 'setup.py', 'egg_info', '--egg-base', '../../build/py01_topic', 'build', '--build-base', '/home/abc/ws01_plumbing/build/py01_topic/build', 'install', '--record', '/home/abc/ws01_plumbing/build/py01_topic/install.log', '--single-version-externally-managed', 'install_data'], 'cwd': '/home/abc/ws01_plumbing/src/py01_topic', 'env': {'PYTHON_BASIC_REPL': '1', 'LESSOPEN': '| /usr/bin/lesspipe %s', 'LANGUAGE': 'zh_CN:zh', 'USER': 'abc', 'SSH_CLIENT': '192.168.150.1 55401 22', 'XDG_SESSION_TYPE': 'tty', 'GIT_ASKPASS': '/home/abc/.vscode-server/cli/servers/Stable-585eba7c0c34fd6b30faac7c62a42050bfbc0086/server/extensions/git/dist/askpass.sh', 'SHLVL': '1', 'LD_LIBRARY_PATH': '/home/abc/ws01_plumbing/install/base_interfaces_demo/lib:/opt/ros/humble/opt/rviz_ogre_vendor/lib:/opt/ros/humble/lib/x86_64-linux-gnu:/opt/ros/humble/lib', 'BROWSER': '/home/abc/.vscode-server/cli/servers/Stable-585eba7c0c34fd6b30faac7c62a42050bfbc0086/server/bin/helpers/browser.sh', 'MOTD_SHOWN': 'pam', 'HOME': '/home/abc', 'TERM_PROGRAM_VERSION': '1.108.1', 'VSCODE_IPC_HOOK_CLI': '/run/user/1000/vscode-ipc-f7f99b24-bc5b-43d6-947e-2a9efb26413d.sock', 'ROS_PYTHON_VERSION': '3', 'VSCODE_GIT_ASKPASS_MAIN': '/home/abc/.vscode-server/cli/servers/Stable-585eba7c0c34fd6b30faac7c62a42050bfbc0086/server/extensions/git/dist/askpass-main.js', 'VSCODE_GIT_ASKPASS_NODE': '/home/abc/.vscode-server/cli/servers/Stable-585eba7c0c34fd6b30faac7c62a42050bfbc0086/server/node', 'SSL_CERT_FILE': '/usr/lib/ssl/certs/ca-certificates.crt', 'PYDEVD_DISABLE_FILE_VALIDATION': '1', 'BUNDLED_DEBUGPY_PATH': '/home/abc/.vscode-server/extensions/ms-python.debugpy-2025.18.0/bundled/libs/debugpy', 'VSCODE_PYTHON_AUTOACTIVATE_GUARD': '1', 'DBUS_SESSION_BUS_ADDRESS': 'unix:path=/run/user/1000/bus', 'COLORTERM': 'truecolor', 'ROS_DISTRO': 'humble', 'LOGNAME': 'abc', '_': '/usr/bin/colcon', 'ROS_VERSION': '2', 'XDG_SESSION_CLASS': 'user', 'TERM': 'xterm-256color', 'XDG_SESSION_ID': '4', 'ROS_LOCALHOST_ONLY': '0', 'PATH': '/opt/loongson-gcc/bin:/home/abc/.vscode-server/data/User/globalStorage/github.copilot-chat/debugCommand:/home/abc/.vscode-server/data/User/globalStorage/github.copilot-chat/copilotCli:/home/abc/.vscode-server/cli/servers/Stable-585eba7c0c34fd6b30faac7c62a42050bfbc0086/server/bin/remote-cli:/opt/loongson-gcc/bin:/opt/ros/humble/bin:/usr/local/sbin:/usr/local/bin:/usr/sbin:/usr/bin:/sbin:/bin:/usr/games:/usr/local/games:/snap/bin:/home/abc/.vscode-server/extensions/ms-python.debugpy-2025.18.0/bundled/scripts/noConfigScripts', 'XDG_RUNTIME_DIR': '/run/user/1000', 'SSL_CERT_DIR': '/usr/lib/ssl/certs', 'VSCODE_DEBUGPY_ADAPTER_ENDPOINTS': '/home/abc/.vscode-server/extensions/ms-python.debugpy-2025.18.0/.noConfigDebugAdapterEndpoints/endpoint-eb3adf4cb764e782.txt', 'LANG': 'zh_CN.UTF-8', 'PYTHONSTARTUP': '/home/abc/.vscode-server/data/User/workspaceStorage/20b236a14418f8956cef225c8512416f/ms-python.python/pythonrc.py', 'LS_COLORS': 'rs=0:di=01;34:ln=01;36:mh=00:pi=40;33:so=01;35:do=01;35:bd=40;33;01:cd=40;33;01:or=40;31;01:mi=00:su=37;41:sg=30;43:ca=30;41:tw=30;42:ow=34;42:st=37;44:ex=01;32:*.tar=01;31:*.tgz=01;31:*.arc=01;31:*.arj=01;31:*.taz=01;31:*.lha=01;31:*.lz4=01;31:*.lzh=01;31:*.lzma=01;31:*.tlz=01;31:*.txz=01;31:*.tzo=01;31:*.t7z=01;31:*.zip=01;31:*.z=01;31:*.dz=01;31:*.gz=01;31:*.lrz=01;31:*.lz=01;31:*.lzo=01;31:*.xz=01;31:*.zst=01;31:*.tzst=01;31:*.bz2=01;31:*.bz=01;31:*.tbz=01;31:*.tbz2=01;31:*.tz=01;31:*.deb=01;31:*.rpm=01;31:*.jar=01;31:*.war=01;31:*.ear=01;31:*.sar=01;31:*.rar=01;31:*.alz=01;31:*.ace=01;31:*.zoo=01;31:*.cpio=01;31:*.7z=01;31:*.rz=01;31:*.cab=01;31:*.wim=01;31:*.swm=01;31:*.dwm=01;31:*.esd=01;31:*.jpg=01;35:*.jpeg=01;35:*.mjpg=01;35:*.mjpeg=01;35:*.gif=01;35:*.bmp=01;35:*.pbm=01;35:*.pgm=01;35:*.ppm=01;35:*.tga=01;35:*.xbm=01;35:*.xpm=01;35:*.tif=01;35:*.tiff=01;35:*.png=01;35:*.svg=01;35:*.svgz=01;35:*.mng=01;35:*.pcx=01;35:*.mov=01;35:*.mpg=01;35:*.mpeg=01;35:*.m2v=01;35:*.mkv=01;35:*.webm=01;35:*.webp=01;35:*.ogm=01;35:*.mp4=01;35:*.m4v=01;35:*.mp4v=01;35:*.vob=01;35:*.qt=01;35:*.nuv=01;35:*.wmv=01;35:*.asf=01;35:*.rm=01;35:*.rmvb=01;35:*.flc=01;35:*.avi=01;35:*.fli=01;35:*.flv=01;35:*.gl=01;35:*.dl=01;35:*.xcf=01;35:*.xwd=01;35:*.yuv=01;35:*.cgm=01;35:*.emf=01;35:*.ogv=01;35:*.ogx=01;35:*.aac=00;36:*.au=00;36:*.flac=00;36:*.m4a=00;36:*.mid=00;36:*.midi=00;36:*.mka=00;36:*.mp3=00;36:*.mpc=00;36:*.ogg=00;36:*.ra=00;36:*.wav=00;36:*.oga=00;36:*.opus=00;36:*.spx=00;36:*.xspf=00;36:', 'VSCODE_GIT_IPC_HANDLE': '/run/user/1000/vscode-git-91c7b8982f.sock', 'TERM_PROGRAM': 'vscode', 'AMENT_PREFIX_PATH': '/home/abc/ws01_plumbing/install/base_interfaces_demo:/opt/ros/humble', 'SHELL': '/bin/bash', 'LESSCLOSE': '/usr/bin/lesspipe %s %s', 'VSCODE_GIT_ASKPASS_EXTRA_ARGS': '', 'PWD': '/home/abc/ws01_plumbing/build/py01_topic', 'SSH_CONNECTION': '192.168.150.1 55401 192.168.150.128 22', 'XDG_DATA_DIRS': '/usr/share/gnome:/usr/local/share:/usr/share:/var/lib/snapd/desktop', 'PYTHONPATH': '/home/abc/ws01_plumbing/build/py01_topic/prefix_override:/usr/lib/python3/dist-packages/colcon_core/task/python/colcon_distutils_commands:/home/abc/ws01_plumbing/install/py01_topic/lib/python3.10/site-packages:/home/abc/ws01_plumbing/install/base_interfaces_demo/local/lib/python3.10/dist-packages:/opt/ros/humble/lib/python3.10/site-packages:/opt/ros/humble/local/lib/python3.10/dist-packages', 'COLCON': '1', 'CMAKE_PREFIX_PATH': '/home/abc/ws01_plumbing/install/base_interfaces_demo'}, 'shell': False}
[2.070624] (cpp01_topic) StdoutLine: {'line': b'-- Found OpenSSL: /usr/lib/x86_64-linux-gnu/libcrypto.so (found version "3.0.2")  \n'}
[2.070689] (cpp04_param) StdoutLine: {'line': b'-- Found OpenSSL: /usr/lib/x86_64-linux-gnu/libcrypto.so (found version "3.0.2")  \n'}
[2.110810] (cpp03_action) StdoutLine: {'line': b'-- Found Python3: /usr/bin/python3 (found version "3.10.12") found components: Interpreter \n'}
[2.113073] (cpp01_topic) StdoutLine: {'line': b'-- Found FastRTPS: /opt/ros/humble/include  \n'}
[2.115575] (cpp04_param) StdoutLine: {'line': b'-- Found FastRTPS: /opt/ros/humble/include  \n'}
[2.137619] (-) TimerEvent: {}
[2.162537] (cpp01_topic) StdoutLine: {'line': b"-- Using RMW implementation 'rmw_fastrtps_cpp' as default\n"}
[2.176525] (cpp04_param) StdoutLine: {'line': b"-- Using RMW implementation 'rmw_fastrtps_cpp' as default\n"}
[2.187773] (cpp01_topic) StdoutLine: {'line': b'-- Looking for pthread.h\n'}
[2.192692] (cpp04_param) StdoutLine: {'line': b'-- Looking for pthread.h\n'}
[2.211336] (cpp03_action) StdoutLine: {'line': b'-- Found rclcpp: 16.0.11 (/opt/ros/humble/share/rclcpp/cmake)\n'}
[2.238514] (cpp03_action) StdoutLine: {'line': b'-- Found rosidl_generator_c: 3.1.6 (/opt/ros/humble/share/rosidl_generator_c/cmake)\n'}
[2.238778] (-) TimerEvent: {}
[2.241940] (cpp03_action) StdoutLine: {'line': b'-- Found rosidl_adapter: 3.1.6 (/opt/ros/humble/share/rosidl_adapter/cmake)\n'}
[2.248502] (cpp03_action) StdoutLine: {'line': b'-- Found rosidl_generator_cpp: 3.1.6 (/opt/ros/humble/share/rosidl_generator_cpp/cmake)\n'}
[2.257860] (cpp03_action) StdoutLine: {'line': b'-- Using all available rosidl_typesupport_c: rosidl_typesupport_fastrtps_c;rosidl_typesupport_introspection_c\n'}
[2.268548] (cpp03_action) StdoutLine: {'line': b'-- Using all available rosidl_typesupport_cpp: rosidl_typesupport_fastrtps_cpp;rosidl_typesupport_introspection_cpp\n'}
[2.296164] (cpp01_topic) StdoutLine: {'line': b'-- Looking for pthread.h - found\n'}
[2.296500] (cpp01_topic) StdoutLine: {'line': b'-- Performing Test CMAKE_HAVE_LIBC_PTHREAD\n'}
[2.304050] (cpp03_action) StdoutLine: {'line': b'-- Found rmw_implementation_cmake: 6.1.2 (/opt/ros/humble/share/rmw_implementation_cmake/cmake)\n'}
[2.304348] (cpp04_param) StdoutLine: {'line': b'-- Looking for pthread.h - found\n'}
[2.304410] (cpp04_param) StdoutLine: {'line': b'-- Performing Test CMAKE_HAVE_LIBC_PTHREAD\n'}
[2.305239] (cpp03_action) StdoutLine: {'line': b'-- Found rmw_fastrtps_cpp: 6.2.7 (/opt/ros/humble/share/rmw_fastrtps_cpp/cmake)\n'}
[2.340284] (-) TimerEvent: {}
[2.369950] (py01_topic) StdoutLine: {'line': b'running egg_info\n'}
[2.370930] (py01_topic) StdoutLine: {'line': b'creating ../../build/py01_topic/py01_topic.egg-info\n'}
[2.371367] (py01_topic) StdoutLine: {'line': b'writing ../../build/py01_topic/py01_topic.egg-info/PKG-INFO\n'}
[2.371598] (py01_topic) StdoutLine: {'line': b'writing dependency_links to ../../build/py01_topic/py01_topic.egg-info/dependency_links.txt\n'}
[2.371803] (py01_topic) StdoutLine: {'line': b'writing entry points to ../../build/py01_topic/py01_topic.egg-info/entry_points.txt\n'}
[2.371918] (py01_topic) StdoutLine: {'line': b'writing requirements to ../../build/py01_topic/py01_topic.egg-info/requires.txt\n'}
[2.371948] (py01_topic) StdoutLine: {'line': b'writing top-level names to ../../build/py01_topic/py01_topic.egg-info/top_level.txt\n'}
[2.371976] (py01_topic) StdoutLine: {'line': b"writing manifest file '../../build/py01_topic/py01_topic.egg-info/SOURCES.txt'\n"}
[2.392516] (py01_topic) StdoutLine: {'line': b"reading manifest file '../../build/py01_topic/py01_topic.egg-info/SOURCES.txt'\n"}
[2.392663] (py01_topic) StdoutLine: {'line': b"writing manifest file '../../build/py01_topic/py01_topic.egg-info/SOURCES.txt'\n"}
[2.392698] (py01_topic) StdoutLine: {'line': b'running build\n'}
[2.392727] (py01_topic) StdoutLine: {'line': b'running build_py\n'}
[2.392752] (py01_topic) StdoutLine: {'line': b'creating /home/abc/ws01_plumbing/build/py01_topic/build\n'}
[2.392779] (py01_topic) StdoutLine: {'line': b'creating /home/abc/ws01_plumbing/build/py01_topic/build/lib\n'}
[2.392805] (py01_topic) StdoutLine: {'line': b'creating /home/abc/ws01_plumbing/build/py01_topic/build/lib/py01_topic\n'}
[2.392832] (py01_topic) StdoutLine: {'line': b'copying py01_topic/demo02_listener_str_py.py -> /home/abc/ws01_plumbing/build/py01_topic/build/lib/py01_topic\n'}
[2.392858] (py01_topic) StdoutLine: {'line': b'copying py01_topic/demo03_talker_stu_py.py -> /home/abc/ws01_plumbing/build/py01_topic/build/lib/py01_topic\n'}
[2.392883] (py01_topic) StdoutLine: {'line': b'copying py01_topic/demo04_listener_stu_py.py -> /home/abc/ws01_plumbing/build/py01_topic/build/lib/py01_topic\n'}
[2.392907] (py01_topic) StdoutLine: {'line': b'copying py01_topic/__init__.py -> /home/abc/ws01_plumbing/build/py01_topic/build/lib/py01_topic\n'}
[2.392932] (py01_topic) StdoutLine: {'line': b'copying py01_topic/demo01_talker_str_py.py -> /home/abc/ws01_plumbing/build/py01_topic/build/lib/py01_topic\n'}
[2.392955] (py01_topic) StdoutLine: {'line': b'running install\n'}
[2.392979] (py01_topic) StdoutLine: {'line': b'running install_lib\n'}
[2.394438] (cpp04_param) StdoutLine: {'line': b'-- Performing Test CMAKE_HAVE_LIBC_PTHREAD - Success\n'}
[2.394537] (cpp04_param) StdoutLine: {'line': b'-- Found Threads: TRUE  \n'}
[2.396281] (py01_topic) StdoutLine: {'line': b'creating /home/abc/ws01_plumbing/install/py01_topic/lib/python3.10/site-packages/py01_topic\n'}
[2.396377] (py01_topic) StdoutLine: {'line': b'copying /home/abc/ws01_plumbing/build/py01_topic/build/lib/py01_topic/demo02_listener_str_py.py -> /home/abc/ws01_plumbing/install/py01_topic/lib/python3.10/site-packages/py01_topic\n'}
[2.396411] (py01_topic) StdoutLine: {'line': b'copying /home/abc/ws01_plumbing/build/py01_topic/build/lib/py01_topic/demo03_talker_stu_py.py -> /home/abc/ws01_plumbing/install/py01_topic/lib/python3.10/site-packages/py01_topic\n'}
[2.396440] (py01_topic) StdoutLine: {'line': b'copying /home/abc/ws01_plumbing/build/py01_topic/build/lib/py01_topic/demo04_listener_stu_py.py -> /home/abc/ws01_plumbing/install/py01_topic/lib/python3.10/site-packages/py01_topic\n'}
[2.396466] (py01_topic) StdoutLine: {'line': b'copying /home/abc/ws01_plumbing/build/py01_topic/build/lib/py01_topic/__init__.py -> /home/abc/ws01_plumbing/install/py01_topic/lib/python3.10/site-packages/py01_topic\n'}
[2.396493] (py01_topic) StdoutLine: {'line': b'copying /home/abc/ws01_plumbing/build/py01_topic/build/lib/py01_topic/demo01_talker_str_py.py -> /home/abc/ws01_plumbing/install/py01_topic/lib/python3.10/site-packages/py01_topic\n'}
[2.396517] (py01_topic) StdoutLine: {'line': b'byte-compiling /home/abc/ws01_plumbing/install/py01_topic/lib/python3.10/site-packages/py01_topic/demo02_listener_str_py.py to demo02_listener_str_py.cpython-310.pyc\n'}
[2.396541] (py01_topic) StdoutLine: {'line': b'byte-compiling /home/abc/ws01_plumbing/install/py01_topic/lib/python3.10/site-packages/py01_topic/demo03_talker_stu_py.py to demo03_talker_stu_py.cpython-310.pyc\n'}
[2.396568] (py01_topic) StderrLine: {'line': b"/home/abc/ws01_plumbing/install/py01_topic/lib/python3.10/site-packages/py01_topic/demo03_talker_stu_py.py:38: SyntaxWarning: 'str' object is not callable; perhaps you missed a comma?\n"}
[2.396648] (py01_topic) StderrLine: {'line': b'  self.get_logger().info("\xe5\xad\xa6\xe7\x94\x9f\xe6\x95\xb0\xe6\x8d\xae\xe6\x98\xaf: (%s,%d,%.2f)" (stu.name,stu.agae,stu.height))\n'}
[2.396771] (py01_topic) StdoutLine: {'line': b'byte-compiling /home/abc/ws01_plumbing/install/py01_topic/lib/python3.10/site-packages/py01_topic/demo04_listener_stu_py.py to demo04_listener_stu_py.cpython-310.pyc\n'}
[2.396855] (py01_topic) StdoutLine: {'line': b'byte-compiling /home/abc/ws01_plumbing/install/py01_topic/lib/python3.10/site-packages/py01_topic/__init__.py to __init__.cpython-310.pyc\n'}
[2.396937] (py01_topic) StdoutLine: {'line': b'byte-compiling /home/abc/ws01_plumbing/install/py01_topic/lib/python3.10/site-packages/py01_topic/demo01_talker_str_py.py to demo01_talker_str_py.cpython-310.pyc\n'}
[2.397019] (py01_topic) StdoutLine: {'line': b'running install_data\n'}
[2.398707] (py01_topic) StdoutLine: {'line': b'creating /home/abc/ws01_plumbing/install/py01_topic/share/ament_index\n'}
[2.398822] (py01_topic) StdoutLine: {'line': b'creating /home/abc/ws01_plumbing/install/py01_topic/share/ament_index/resource_index\n'}
[2.398856] (py01_topic) StdoutLine: {'line': b'creating /home/abc/ws01_plumbing/install/py01_topic/share/ament_index/resource_index/packages\n'}
[2.398883] (py01_topic) StdoutLine: {'line': b'copying resource/py01_topic -> /home/abc/ws01_plumbing/install/py01_topic/share/ament_index/resource_index/packages\n'}
[2.398974] (py01_topic) StdoutLine: {'line': b'copying package.xml -> /home/abc/ws01_plumbing/install/py01_topic/share/py01_topic\n'}
[2.399008] (py01_topic) StdoutLine: {'line': b'running install_egg_info\n'}
[2.399318] (py01_topic) StdoutLine: {'line': b'Copying ../../build/py01_topic/py01_topic.egg-info to /home/abc/ws01_plumbing/install/py01_topic/lib/python3.10/site-packages/py01_topic-0.0.0-py3.10.egg-info\n'}
[2.399381] (py01_topic) StdoutLine: {'line': b'running install_scripts\n'}
[2.399410] (cpp01_topic) StdoutLine: {'line': b'-- Performing Test CMAKE_HAVE_LIBC_PTHREAD - Success\n'}
[2.403061] (cpp01_topic) StdoutLine: {'line': b'-- Found Threads: TRUE  \n'}
[2.406052] (cpp03_action) StdoutLine: {'line': b'-- Found OpenSSL: /usr/lib/x86_64-linux-gnu/libcrypto.so (found version "3.0.2")  \n'}
[2.429773] (py01_topic) StdoutLine: {'line': b'Installing demo01_talker_str_py script to /home/abc/ws01_plumbing/install/py01_topic/lib/py01_topic\n'}
[2.429938] (py01_topic) StdoutLine: {'line': b'Installing demo02_listener_str_py script to /home/abc/ws01_plumbing/install/py01_topic/lib/py01_topic\n'}
[2.429982] (py01_topic) StdoutLine: {'line': b"writing list of installed files to '/home/abc/ws01_plumbing/build/py01_topic/install.log'\n"}
[2.440330] (cpp03_action) StdoutLine: {'line': b'-- Found FastRTPS: /opt/ros/humble/include  \n'}
[2.441699] (-) TimerEvent: {}
[2.472737] (py01_topic) CommandEnded: {'returncode': 0}
[2.481197] (py01_topic) JobEnded: {'identifier': 'py01_topic', 'rc': 0}
[2.481709] (py03_action) JobStarted: {'identifier': 'py03_action'}
[2.502411] (cpp03_action) StdoutLine: {'line': b"-- Using RMW implementation 'rmw_fastrtps_cpp' as default\n"}
[2.512419] (cpp03_action) StdoutLine: {'line': b'-- Looking for pthread.h\n'}
[2.523947] (cpp01_topic) StdoutLine: {'line': b'-- Found base_interfaces_demo: 0.0.0 (/home/abc/ws01_plumbing/install/base_interfaces_demo/share/base_interfaces_demo/cmake)\n'}
[2.527699] (cpp04_param) StdoutLine: {'line': b'-- Found ament_lint_auto: 0.12.11 (/opt/ros/humble/share/ament_lint_auto/cmake)\n'}
[2.544044] (-) TimerEvent: {}
[2.644832] (-) TimerEvent: {}
[2.645823] (cpp01_topic) StdoutLine: {'line': b'-- Found ament_lint_auto: 0.12.11 (/opt/ros/humble/share/ament_lint_auto/cmake)\n'}
[2.650927] (cpp03_action) StdoutLine: {'line': b'-- Looking for pthread.h - found\n'}
[2.651129] (cpp03_action) StdoutLine: {'line': b'-- Performing Test CMAKE_HAVE_LIBC_PTHREAD\n'}
[2.688263] (cpp04_param) StdoutLine: {'line': b"-- Added test 'cppcheck' to perform static code analysis on C / C++ code\n"}
[2.689194] (cpp04_param) StdoutLine: {'line': b'-- Configured cppcheck include dirs: $<BUILD_INTERFACE:/home/abc/ws01_plumbing/src/cpp04_param/include>\n'}
[2.689432] (cpp04_param) StdoutLine: {'line': b'-- Configured cppcheck exclude dirs and/or files: \n'}
[2.693060] (cpp04_param) StdoutLine: {'line': b"-- Added test 'lint_cmake' to check CMake code style\n"}
[2.694284] (cpp04_param) StdoutLine: {'line': b"-- Added test 'uncrustify' to check C / C++ code style\n"}
[2.694382] (cpp04_param) StdoutLine: {'line': b'-- Configured uncrustify additional arguments: \n'}
[2.695538] (cpp04_param) StdoutLine: {'line': b"-- Added test 'xmllint' to check XML markup files\n"}
[2.697574] (cpp04_param) StdoutLine: {'line': b'-- Configuring done\n'}
[2.718046] (cpp04_param) StdoutLine: {'line': b'-- Generating done\n'}
[2.730149] (cpp04_param) StdoutLine: {'line': b'-- Build files have been written to: /home/abc/ws01_plumbing/build/cpp04_param\n'}
[2.747321] (-) TimerEvent: {}
[2.758110] (cpp03_action) StdoutLine: {'line': b'-- Performing Test CMAKE_HAVE_LIBC_PTHREAD - Success\n'}
[2.759603] (cpp03_action) StdoutLine: {'line': b'-- Found Threads: TRUE  \n'}
[2.767596] (cpp04_param) CommandEnded: {'returncode': 0}
[2.768271] (cpp04_param) JobProgress: {'identifier': 'cpp04_param', 'progress': 'build'}
[2.772576] (cpp04_param) Command: {'cmd': ['/usr/bin/cmake', '--build', '/home/abc/ws01_plumbing/build/cpp04_param', '--', '-j4', '-l4'], 'cwd': '/home/abc/ws01_plumbing/build/cpp04_param', 'env': OrderedDict([('PYTHON_BASIC_REPL', '1'), ('LESSOPEN', '| /usr/bin/lesspipe %s'), ('LANGUAGE', 'zh_CN:zh'), ('USER', 'abc'), ('SSH_CLIENT', '192.168.150.1 55401 22'), ('XDG_SESSION_TYPE', 'tty'), ('GIT_ASKPASS', '/home/abc/.vscode-server/cli/servers/Stable-585eba7c0c34fd6b30faac7c62a42050bfbc0086/server/extensions/git/dist/askpass.sh'), ('SHLVL', '1'), ('LD_LIBRARY_PATH', '/opt/ros/humble/opt/rviz_ogre_vendor/lib:/opt/ros/humble/lib/x86_64-linux-gnu:/opt/ros/humble/lib'), ('BROWSER', '/home/abc/.vscode-server/cli/servers/Stable-585eba7c0c34fd6b30faac7c62a42050bfbc0086/server/bin/helpers/browser.sh'), ('MOTD_SHOWN', 'pam'), ('HOME', '/home/abc'), ('TERM_PROGRAM_VERSION', '1.108.1'), ('VSCODE_IPC_HOOK_CLI', '/run/user/1000/vscode-ipc-f7f99b24-bc5b-43d6-947e-2a9efb26413d.sock'), ('ROS_PYTHON_VERSION', '3'), ('VSCODE_GIT_ASKPASS_MAIN', '/home/abc/.vscode-server/cli/servers/Stable-585eba7c0c34fd6b30faac7c62a42050bfbc0086/server/extensions/git/dist/askpass-main.js'), ('VSCODE_GIT_ASKPASS_NODE', '/home/abc/.vscode-server/cli/servers/Stable-585eba7c0c34fd6b30faac7c62a42050bfbc0086/server/node'), ('SSL_CERT_FILE', '/usr/lib/ssl/certs/ca-certificates.crt'), ('PYDEVD_DISABLE_FILE_VALIDATION', '1'), ('BUNDLED_DEBUGPY_PATH', '/home/abc/.vscode-server/extensions/ms-python.debugpy-2025.18.0/bundled/libs/debugpy'), ('VSCODE_PYTHON_AUTOACTIVATE_GUARD', '1'), ('DBUS_SESSION_BUS_ADDRESS', 'unix:path=/run/user/1000/bus'), ('COLORTERM', 'truecolor'), ('ROS_DISTRO', 'humble'), ('LOGNAME', 'abc'), ('_', '/usr/bin/colcon'), ('ROS_VERSION', '2'), ('XDG_SESSION_CLASS', 'user'), ('TERM', 'xterm-256color'), ('XDG_SESSION_ID', '4'), ('ROS_LOCALHOST_ONLY', '0'), ('PATH', '/opt/loongson-gcc/bin:/home/abc/.vscode-server/data/User/globalStorage/github.copilot-chat/debugCommand:/home/abc/.vscode-server/data/User/globalStorage/github.copilot-chat/copilotCli:/home/abc/.vscode-server/cli/servers/Stable-585eba7c0c34fd6b30faac7c62a42050bfbc0086/server/bin/remote-cli:/opt/loongson-gcc/bin:/opt/ros/humble/bin:/usr/local/sbin:/usr/local/bin:/usr/sbin:/usr/bin:/sbin:/bin:/usr/games:/usr/local/games:/snap/bin:/home/abc/.vscode-server/extensions/ms-python.debugpy-2025.18.0/bundled/scripts/noConfigScripts'), ('XDG_RUNTIME_DIR', '/run/user/1000'), ('SSL_CERT_DIR', '/usr/lib/ssl/certs'), ('VSCODE_DEBUGPY_ADAPTER_ENDPOINTS', '/home/abc/.vscode-server/extensions/ms-python.debugpy-2025.18.0/.noConfigDebugAdapterEndpoints/endpoint-eb3adf4cb764e782.txt'), ('LANG', 'zh_CN.UTF-8'), ('PYTHONSTARTUP', '/home/abc/.vscode-server/data/User/workspaceStorage/20b236a14418f8956cef225c8512416f/ms-python.python/pythonrc.py'), ('LS_COLORS', 'rs=0:di=01;34:ln=01;36:mh=00:pi=40;33:so=01;35:do=01;35:bd=40;33;01:cd=40;33;01:or=40;31;01:mi=00:su=37;41:sg=30;43:ca=30;41:tw=30;42:ow=34;42:st=37;44:ex=01;32:*.tar=01;31:*.tgz=01;31:*.arc=01;31:*.arj=01;31:*.taz=01;31:*.lha=01;31:*.lz4=01;31:*.lzh=01;31:*.lzma=01;31:*.tlz=01;31:*.txz=01;31:*.tzo=01;31:*.t7z=01;31:*.zip=01;31:*.z=01;31:*.dz=01;31:*.gz=01;31:*.lrz=01;31:*.lz=01;31:*.lzo=01;31:*.xz=01;31:*.zst=01;31:*.tzst=01;31:*.bz2=01;31:*.bz=01;31:*.tbz=01;31:*.tbz2=01;31:*.tz=01;31:*.deb=01;31:*.rpm=01;31:*.jar=01;31:*.war=01;31:*.ear=01;31:*.sar=01;31:*.rar=01;31:*.alz=01;31:*.ace=01;31:*.zoo=01;31:*.cpio=01;31:*.7z=01;31:*.rz=01;31:*.cab=01;31:*.wim=01;31:*.swm=01;31:*.dwm=01;31:*.esd=01;31:*.jpg=01;35:*.jpeg=01;35:*.mjpg=01;35:*.mjpeg=01;35:*.gif=01;35:*.bmp=01;35:*.pbm=01;35:*.pgm=01;35:*.ppm=01;35:*.tga=01;35:*.xbm=01;35:*.xpm=01;35:*.tif=01;35:*.tiff=01;35:*.png=01;35:*.svg=01;35:*.svgz=01;35:*.mng=01;35:*.pcx=01;35:*.mov=01;35:*.mpg=01;35:*.mpeg=01;35:*.m2v=01;35:*.mkv=01;35:*.webm=01;35:*.webp=01;35:*.ogm=01;35:*.mp4=01;35:*.m4v=01;35:*.mp4v=01;35:*.vob=01;35:*.qt=01;35:*.nuv=01;35:*.wmv=01;35:*.asf=01;35:*.rm=01;35:*.rmvb=01;35:*.flc=01;35:*.avi=01;35:*.fli=01;35:*.flv=01;35:*.gl=01;35:*.dl=01;35:*.xcf=01;35:*.xwd=01;35:*.yuv=01;35:*.cgm=01;35:*.emf=01;35:*.ogv=01;35:*.ogx=01;35:*.aac=00;36:*.au=00;36:*.flac=00;36:*.m4a=00;36:*.mid=00;36:*.midi=00;36:*.mka=00;36:*.mp3=00;36:*.mpc=00;36:*.ogg=00;36:*.ra=00;36:*.wav=00;36:*.oga=00;36:*.opus=00;36:*.spx=00;36:*.xspf=00;36:'), ('VSCODE_GIT_IPC_HANDLE', '/run/user/1000/vscode-git-91c7b8982f.sock'), ('TERM_PROGRAM', 'vscode'), ('AMENT_PREFIX_PATH', '/opt/ros/humble'), ('SHELL', '/bin/bash'), ('LESSCLOSE', '/usr/bin/lesspipe %s %s'), ('VSCODE_GIT_ASKPASS_EXTRA_ARGS', ''), ('PWD', '/home/abc/ws01_plumbing/build/cpp04_param'), ('SSH_CONNECTION', '192.168.150.1 55401 192.168.150.128 22'), ('XDG_DATA_DIRS', '/usr/share/gnome:/usr/local/share:/usr/share:/var/lib/snapd/desktop'), ('PYTHONPATH', '/opt/ros/humble/lib/python3.10/site-packages:/opt/ros/humble/local/lib/python3.10/dist-packages'), ('COLCON', '1'), ('CMAKE_PREFIX_PATH', '/opt/ros/humble')]), 'shell': False}
[2.783265] (cpp01_topic) StdoutLine: {'line': b"-- Added test 'cppcheck' to perform static code analysis on C / C++ code\n"}
[2.783435] (cpp01_topic) StdoutLine: {'line': b'-- Configured cppcheck include dirs: $<BUILD_INTERFACE:/home/abc/ws01_plumbing/src/cpp01_topic/include>\n'}
[2.783476] (cpp01_topic) StdoutLine: {'line': b'-- Configured cppcheck exclude dirs and/or files: \n'}
[2.789493] (cpp01_topic) StdoutLine: {'line': b"-- Added test 'lint_cmake' to check CMake code style\n"}
[2.789628] (cpp01_topic) StdoutLine: {'line': b"-- Added test 'uncrustify' to check C / C++ code style\n"}
[2.789660] (cpp01_topic) StdoutLine: {'line': b'-- Configured uncrustify additional arguments: \n'}
[2.789688] (cpp01_topic) StdoutLine: {'line': b"-- Added test 'xmllint' to check XML markup files\n"}
[2.793955] (cpp01_topic) StdoutLine: {'line': b'-- Configuring done\n'}
[2.803256] (cpp03_action) StdoutLine: {'line': b'-- Found rclcpp_action: 16.0.11 (/opt/ros/humble/share/rclcpp_action/cmake)\n'}
[2.824069] (cpp04_param) StdoutLine: {'line': b'[ 16%] \x1b[32mBuilding CXX object CMakeFiles/demo00_param.dir/src/demo00_param.cpp.o\x1b[0m\n'}
[2.826043] (cpp04_param) StdoutLine: {'line': b'[ 33%] \x1b[32mBuilding CXX object CMakeFiles/demo02_param_client.dir/src/demo02_param_client.cpp.o\x1b[0m\n'}
[2.828056] (cpp04_param) StdoutLine: {'line': b'[ 50%] \x1b[32mBuilding CXX object CMakeFiles/demo01_param_server.dir/src/demo01_param_server.cpp.o\x1b[0m\n'}
[2.828991] (cpp01_topic) StdoutLine: {'line': b'-- Generating done\n'}
[2.841557] (cpp01_topic) StdoutLine: {'line': b'-- Build files have been written to: /home/abc/ws01_plumbing/build/cpp01_topic\n'}
[2.851131] (-) TimerEvent: {}
[2.866330] (cpp01_topic) CommandEnded: {'returncode': 0}
[2.867382] (cpp01_topic) JobProgress: {'identifier': 'cpp01_topic', 'progress': 'build'}
[2.867457] (cpp01_topic) Command: {'cmd': ['/usr/bin/cmake', '--build', '/home/abc/ws01_plumbing/build/cpp01_topic', '--', '-j4', '-l4'], 'cwd': '/home/abc/ws01_plumbing/build/cpp01_topic', 'env': OrderedDict([('PYTHON_BASIC_REPL', '1'), ('LESSOPEN', '| /usr/bin/lesspipe %s'), ('LANGUAGE', 'zh_CN:zh'), ('USER', 'abc'), ('SSH_CLIENT', '192.168.150.1 55401 22'), ('XDG_SESSION_TYPE', 'tty'), ('GIT_ASKPASS', '/home/abc/.vscode-server/cli/servers/Stable-585eba7c0c34fd6b30faac7c62a42050bfbc0086/server/extensions/git/dist/askpass.sh'), ('SHLVL', '1'), ('LD_LIBRARY_PATH', '/home/abc/ws01_plumbing/install/base_interfaces_demo/lib:/opt/ros/humble/opt/rviz_ogre_vendor/lib:/opt/ros/humble/lib/x86_64-linux-gnu:/opt/ros/humble/lib'), ('BROWSER', '/home/abc/.vscode-server/cli/servers/Stable-585eba7c0c34fd6b30faac7c62a42050bfbc0086/server/bin/helpers/browser.sh'), ('MOTD_SHOWN', 'pam'), ('HOME', '/home/abc'), ('TERM_PROGRAM_VERSION', '1.108.1'), ('VSCODE_IPC_HOOK_CLI', '/run/user/1000/vscode-ipc-f7f99b24-bc5b-43d6-947e-2a9efb26413d.sock'), ('ROS_PYTHON_VERSION', '3'), ('VSCODE_GIT_ASKPASS_MAIN', '/home/abc/.vscode-server/cli/servers/Stable-585eba7c0c34fd6b30faac7c62a42050bfbc0086/server/extensions/git/dist/askpass-main.js'), ('VSCODE_GIT_ASKPASS_NODE', '/home/abc/.vscode-server/cli/servers/Stable-585eba7c0c34fd6b30faac7c62a42050bfbc0086/server/node'), ('SSL_CERT_FILE', '/usr/lib/ssl/certs/ca-certificates.crt'), ('PYDEVD_DISABLE_FILE_VALIDATION', '1'), ('BUNDLED_DEBUGPY_PATH', '/home/abc/.vscode-server/extensions/ms-python.debugpy-2025.18.0/bundled/libs/debugpy'), ('VSCODE_PYTHON_AUTOACTIVATE_GUARD', '1'), ('DBUS_SESSION_BUS_ADDRESS', 'unix:path=/run/user/1000/bus'), ('COLORTERM', 'truecolor'), ('ROS_DISTRO', 'humble'), ('LOGNAME', 'abc'), ('_', '/usr/bin/colcon'), ('ROS_VERSION', '2'), ('XDG_SESSION_CLASS', 'user'), ('TERM', 'xterm-256color'), ('XDG_SESSION_ID', '4'), ('ROS_LOCALHOST_ONLY', '0'), ('PATH', '/opt/loongson-gcc/bin:/home/abc/.vscode-server/data/User/globalStorage/github.copilot-chat/debugCommand:/home/abc/.vscode-server/data/User/globalStorage/github.copilot-chat/copilotCli:/home/abc/.vscode-server/cli/servers/Stable-585eba7c0c34fd6b30faac7c62a42050bfbc0086/server/bin/remote-cli:/opt/loongson-gcc/bin:/opt/ros/humble/bin:/usr/local/sbin:/usr/local/bin:/usr/sbin:/usr/bin:/sbin:/bin:/usr/games:/usr/local/games:/snap/bin:/home/abc/.vscode-server/extensions/ms-python.debugpy-2025.18.0/bundled/scripts/noConfigScripts'), ('XDG_RUNTIME_DIR', '/run/user/1000'), ('SSL_CERT_DIR', '/usr/lib/ssl/certs'), ('VSCODE_DEBUGPY_ADAPTER_ENDPOINTS', '/home/abc/.vscode-server/extensions/ms-python.debugpy-2025.18.0/.noConfigDebugAdapterEndpoints/endpoint-eb3adf4cb764e782.txt'), ('LANG', 'zh_CN.UTF-8'), ('PYTHONSTARTUP', '/home/abc/.vscode-server/data/User/workspaceStorage/20b236a14418f8956cef225c8512416f/ms-python.python/pythonrc.py'), ('LS_COLORS', 'rs=0:di=01;34:ln=01;36:mh=00:pi=40;33:so=01;35:do=01;35:bd=40;33;01:cd=40;33;01:or=40;31;01:mi=00:su=37;41:sg=30;43:ca=30;41:tw=30;42:ow=34;42:st=37;44:ex=01;32:*.tar=01;31:*.tgz=01;31:*.arc=01;31:*.arj=01;31:*.taz=01;31:*.lha=01;31:*.lz4=01;31:*.lzh=01;31:*.lzma=01;31:*.tlz=01;31:*.txz=01;31:*.tzo=01;31:*.t7z=01;31:*.zip=01;31:*.z=01;31:*.dz=01;31:*.gz=01;31:*.lrz=01;31:*.lz=01;31:*.lzo=01;31:*.xz=01;31:*.zst=01;31:*.tzst=01;31:*.bz2=01;31:*.bz=01;31:*.tbz=01;31:*.tbz2=01;31:*.tz=01;31:*.deb=01;31:*.rpm=01;31:*.jar=01;31:*.war=01;31:*.ear=01;31:*.sar=01;31:*.rar=01;31:*.alz=01;31:*.ace=01;31:*.zoo=01;31:*.cpio=01;31:*.7z=01;31:*.rz=01;31:*.cab=01;31:*.wim=01;31:*.swm=01;31:*.dwm=01;31:*.esd=01;31:*.jpg=01;35:*.jpeg=01;35:*.mjpg=01;35:*.mjpeg=01;35:*.gif=01;35:*.bmp=01;35:*.pbm=01;35:*.pgm=01;35:*.ppm=01;35:*.tga=01;35:*.xbm=01;35:*.xpm=01;35:*.tif=01;35:*.tiff=01;35:*.png=01;35:*.svg=01;35:*.svgz=01;35:*.mng=01;35:*.pcx=01;35:*.mov=01;35:*.mpg=01;35:*.mpeg=01;35:*.m2v=01;35:*.mkv=01;35:*.webm=01;35:*.webp=01;35:*.ogm=01;35:*.mp4=01;35:*.m4v=01;35:*.mp4v=01;35:*.vob=01;35:*.qt=01;35:*.nuv=01;35:*.wmv=01;35:*.asf=01;35:*.rm=01;35:*.rmvb=01;35:*.flc=01;35:*.avi=01;35:*.fli=01;35:*.flv=01;35:*.gl=01;35:*.dl=01;35:*.xcf=01;35:*.xwd=01;35:*.yuv=01;35:*.cgm=01;35:*.emf=01;35:*.ogv=01;35:*.ogx=01;35:*.aac=00;36:*.au=00;36:*.flac=00;36:*.m4a=00;36:*.mid=00;36:*.midi=00;36:*.mka=00;36:*.mp3=00;36:*.mpc=00;36:*.ogg=00;36:*.ra=00;36:*.wav=00;36:*.oga=00;36:*.opus=00;36:*.spx=00;36:*.xspf=00;36:'), ('VSCODE_GIT_IPC_HANDLE', '/run/user/1000/vscode-git-91c7b8982f.sock'), ('TERM_PROGRAM', 'vscode'), ('AMENT_PREFIX_PATH', '/home/abc/ws01_plumbing/install/base_interfaces_demo:/opt/ros/humble'), ('SHELL', '/bin/bash'), ('LESSCLOSE', '/usr/bin/lesspipe %s %s'), ('VSCODE_GIT_ASKPASS_EXTRA_ARGS', ''), ('PWD', '/home/abc/ws01_plumbing/build/cpp01_topic'), ('SSH_CONNECTION', '192.168.150.1 55401 192.168.150.128 22'), ('XDG_DATA_DIRS', '/usr/share/gnome:/usr/local/share:/usr/share:/var/lib/snapd/desktop'), ('PYTHONPATH', '/home/abc/ws01_plumbing/install/base_interfaces_demo/local/lib/python3.10/dist-packages:/opt/ros/humble/lib/python3.10/site-packages:/opt/ros/humble/local/lib/python3.10/dist-packages'), ('COLCON', '1'), ('CMAKE_PREFIX_PATH', '/home/abc/ws01_plumbing/install/base_interfaces_demo:/opt/ros/humble')]), 'shell': False}
[2.881895] (cpp03_action) StdoutLine: {'line': b'-- Found base_interfaces_demo: 0.0.0 (/home/abc/ws01_plumbing/install/base_interfaces_demo/share/base_interfaces_demo/cmake)\n'}
[2.897641] (cpp03_action) StdoutLine: {'line': b'-- Found ament_lint_auto: 0.12.11 (/opt/ros/humble/share/ament_lint_auto/cmake)\n'}
[2.951836] (-) TimerEvent: {}
[2.999335] (cpp01_topic) StdoutLine: {'line': b'[ 25%] \x1b[32mBuilding CXX object CMakeFiles/demo04_listener_stu.dir/src/demo04_listener_stu.cpp.o\x1b[0m\n'}
[2.999687] (cpp01_topic) StdoutLine: {'line': b'[ 25%] \x1b[32mBuilding CXX object CMakeFiles/demo03_talker_stu.dir/src/demo03_talker_stu.cpp.o\x1b[0m\n'}
[3.001155] (cpp01_topic) StdoutLine: {'line': b'[ 37%] \x1b[32mBuilding CXX object CMakeFiles/demo02_listener_str.dir/src/demo02_listener_str.cpp.o\x1b[0m\n'}
[3.033971] (cpp01_topic) StdoutLine: {'line': b'[ 50%] \x1b[32mBuilding CXX object CMakeFiles/demo01_talker_str.dir/src/demo01_talker_str.cpp.o\x1b[0m\n'}
[3.057933] (-) TimerEvent: {}
[3.085543] (cpp03_action) StdoutLine: {'line': b"-- Added test 'cppcheck' to perform static code analysis on C / C++ code\n"}
[3.087006] (cpp03_action) StdoutLine: {'line': b'-- Configured cppcheck include dirs: $<BUILD_INTERFACE:/home/abc/ws01_plumbing/src/cpp03_action/include>\n'}
[3.087229] (cpp03_action) StdoutLine: {'line': b'-- Configured cppcheck exclude dirs and/or files: \n'}
[3.096796] (cpp03_action) StdoutLine: {'line': b"-- Added test 'lint_cmake' to check CMake code style\n"}
[3.097109] (cpp03_action) StdoutLine: {'line': b"-- Added test 'uncrustify' to check C / C++ code style\n"}
[3.097306] (cpp03_action) StdoutLine: {'line': b'-- Configured uncrustify additional arguments: \n'}
[3.097376] (cpp03_action) StdoutLine: {'line': b"-- Added test 'xmllint' to check XML markup files\n"}
[3.097925] (cpp03_action) StdoutLine: {'line': b'-- Configuring done\n'}
[3.140811] (cpp03_action) StdoutLine: {'line': b'-- Generating done\n'}
[3.150314] (cpp03_action) StdoutLine: {'line': b'-- Build files have been written to: /home/abc/ws01_plumbing/build/cpp03_action\n'}
[3.161168] (-) TimerEvent: {}
[3.228520] (cpp03_action) CommandEnded: {'returncode': 0}
[3.229014] (cpp03_action) JobProgress: {'identifier': 'cpp03_action', 'progress': 'build'}
[3.229035] (cpp03_action) Command: {'cmd': ['/usr/bin/cmake', '--build', '/home/abc/ws01_plumbing/build/cpp03_action', '--', '-j4', '-l4'], 'cwd': '/home/abc/ws01_plumbing/build/cpp03_action', 'env': OrderedDict([('PYTHON_BASIC_REPL', '1'), ('LESSOPEN', '| /usr/bin/lesspipe %s'), ('LANGUAGE', 'zh_CN:zh'), ('USER', 'abc'), ('SSH_CLIENT', '192.168.150.1 55401 22'), ('XDG_SESSION_TYPE', 'tty'), ('GIT_ASKPASS', '/home/abc/.vscode-server/cli/servers/Stable-585eba7c0c34fd6b30faac7c62a42050bfbc0086/server/extensions/git/dist/askpass.sh'), ('SHLVL', '1'), ('LD_LIBRARY_PATH', '/home/abc/ws01_plumbing/install/base_interfaces_demo/lib:/opt/ros/humble/opt/rviz_ogre_vendor/lib:/opt/ros/humble/lib/x86_64-linux-gnu:/opt/ros/humble/lib'), ('BROWSER', '/home/abc/.vscode-server/cli/servers/Stable-585eba7c0c34fd6b30faac7c62a42050bfbc0086/server/bin/helpers/browser.sh'), ('MOTD_SHOWN', 'pam'), ('HOME', '/home/abc'), ('TERM_PROGRAM_VERSION', '1.108.1'), ('VSCODE_IPC_HOOK_CLI', '/run/user/1000/vscode-ipc-f7f99b24-bc5b-43d6-947e-2a9efb26413d.sock'), ('ROS_PYTHON_VERSION', '3'), ('VSCODE_GIT_ASKPASS_MAIN', '/home/abc/.vscode-server/cli/servers/Stable-585eba7c0c34fd6b30faac7c62a42050bfbc0086/server/extensions/git/dist/askpass-main.js'), ('VSCODE_GIT_ASKPASS_NODE', '/home/abc/.vscode-server/cli/servers/Stable-585eba7c0c34fd6b30faac7c62a42050bfbc0086/server/node'), ('SSL_CERT_FILE', '/usr/lib/ssl/certs/ca-certificates.crt'), ('PYDEVD_DISABLE_FILE_VALIDATION', '1'), ('BUNDLED_DEBUGPY_PATH', '/home/abc/.vscode-server/extensions/ms-python.debugpy-2025.18.0/bundled/libs/debugpy'), ('VSCODE_PYTHON_AUTOACTIVATE_GUARD', '1'), ('DBUS_SESSION_BUS_ADDRESS', 'unix:path=/run/user/1000/bus'), ('COLORTERM', 'truecolor'), ('ROS_DISTRO', 'humble'), ('LOGNAME', 'abc'), ('_', '/usr/bin/colcon'), ('ROS_VERSION', '2'), ('XDG_SESSION_CLASS', 'user'), ('TERM', 'xterm-256color'), ('XDG_SESSION_ID', '4'), ('ROS_LOCALHOST_ONLY', '0'), ('PATH', '/opt/loongson-gcc/bin:/home/abc/.vscode-server/data/User/globalStorage/github.copilot-chat/debugCommand:/home/abc/.vscode-server/data/User/globalStorage/github.copilot-chat/copilotCli:/home/abc/.vscode-server/cli/servers/Stable-585eba7c0c34fd6b30faac7c62a42050bfbc0086/server/bin/remote-cli:/opt/loongson-gcc/bin:/opt/ros/humble/bin:/usr/local/sbin:/usr/local/bin:/usr/sbin:/usr/bin:/sbin:/bin:/usr/games:/usr/local/games:/snap/bin:/home/abc/.vscode-server/extensions/ms-python.debugpy-2025.18.0/bundled/scripts/noConfigScripts'), ('XDG_RUNTIME_DIR', '/run/user/1000'), ('SSL_CERT_DIR', '/usr/lib/ssl/certs'), ('VSCODE_DEBUGPY_ADAPTER_ENDPOINTS', '/home/abc/.vscode-server/extensions/ms-python.debugpy-2025.18.0/.noConfigDebugAdapterEndpoints/endpoint-eb3adf4cb764e782.txt'), ('LANG', 'zh_CN.UTF-8'), ('PYTHONSTARTUP', '/home/abc/.vscode-server/data/User/workspaceStorage/20b236a14418f8956cef225c8512416f/ms-python.python/pythonrc.py'), ('LS_COLORS', 'rs=0:di=01;34:ln=01;36:mh=00:pi=40;33:so=01;35:do=01;35:bd=40;33;01:cd=40;33;01:or=40;31;01:mi=00:su=37;41:sg=30;43:ca=30;41:tw=30;42:ow=34;42:st=37;44:ex=01;32:*.tar=01;31:*.tgz=01;31:*.arc=01;31:*.arj=01;31:*.taz=01;31:*.lha=01;31:*.lz4=01;31:*.lzh=01;31:*.lzma=01;31:*.tlz=01;31:*.txz=01;31:*.tzo=01;31:*.t7z=01;31:*.zip=01;31:*.z=01;31:*.dz=01;31:*.gz=01;31:*.lrz=01;31:*.lz=01;31:*.lzo=01;31:*.xz=01;31:*.zst=01;31:*.tzst=01;31:*.bz2=01;31:*.bz=01;31:*.tbz=01;31:*.tbz2=01;31:*.tz=01;31:*.deb=01;31:*.rpm=01;31:*.jar=01;31:*.war=01;31:*.ear=01;31:*.sar=01;31:*.rar=01;31:*.alz=01;31:*.ace=01;31:*.zoo=01;31:*.cpio=01;31:*.7z=01;31:*.rz=01;31:*.cab=01;31:*.wim=01;31:*.swm=01;31:*.dwm=01;31:*.esd=01;31:*.jpg=01;35:*.jpeg=01;35:*.mjpg=01;35:*.mjpeg=01;35:*.gif=01;35:*.bmp=01;35:*.pbm=01;35:*.pgm=01;35:*.ppm=01;35:*.tga=01;35:*.xbm=01;35:*.xpm=01;35:*.tif=01;35:*.tiff=01;35:*.png=01;35:*.svg=01;35:*.svgz=01;35:*.mng=01;35:*.pcx=01;35:*.mov=01;35:*.mpg=01;35:*.mpeg=01;35:*.m2v=01;35:*.mkv=01;35:*.webm=01;35:*.webp=01;35:*.ogm=01;35:*.mp4=01;35:*.m4v=01;35:*.mp4v=01;35:*.vob=01;35:*.qt=01;35:*.nuv=01;35:*.wmv=01;35:*.asf=01;35:*.rm=01;35:*.rmvb=01;35:*.flc=01;35:*.avi=01;35:*.fli=01;35:*.flv=01;35:*.gl=01;35:*.dl=01;35:*.xcf=01;35:*.xwd=01;35:*.yuv=01;35:*.cgm=01;35:*.emf=01;35:*.ogv=01;35:*.ogx=01;35:*.aac=00;36:*.au=00;36:*.flac=00;36:*.m4a=00;36:*.mid=00;36:*.midi=00;36:*.mka=00;36:*.mp3=00;36:*.mpc=00;36:*.ogg=00;36:*.ra=00;36:*.wav=00;36:*.oga=00;36:*.opus=00;36:*.spx=00;36:*.xspf=00;36:'), ('VSCODE_GIT_IPC_HANDLE', '/run/user/1000/vscode-git-91c7b8982f.sock'), ('TERM_PROGRAM', 'vscode'), ('AMENT_PREFIX_PATH', '/home/abc/ws01_plumbing/install/base_interfaces_demo:/opt/ros/humble'), ('SHELL', '/bin/bash'), ('LESSCLOSE', '/usr/bin/lesspipe %s %s'), ('VSCODE_GIT_ASKPASS_EXTRA_ARGS', ''), ('PWD', '/home/abc/ws01_plumbing/build/cpp03_action'), ('SSH_CONNECTION', '192.168.150.1 55401 192.168.150.128 22'), ('XDG_DATA_DIRS', '/usr/share/gnome:/usr/local/share:/usr/share:/var/lib/snapd/desktop'), ('PYTHONPATH', '/home/abc/ws01_plumbing/install/base_interfaces_demo/local/lib/python3.10/dist-packages:/opt/ros/humble/lib/python3.10/site-packages:/opt/ros/humble/local/lib/python3.10/dist-packages'), ('COLCON', '1'), ('CMAKE_PREFIX_PATH', '/home/abc/ws01_plumbing/install/base_interfaces_demo:/opt/ros/humble')]), 'shell': False}
[3.261294] (-) TimerEvent: {}
[3.362149] (-) TimerEvent: {}
[3.438467] (cpp03_action) StdoutLine: {'line': b'[ 25%] \x1b[32mBuilding CXX object CMakeFiles/demo01_action_server.dir/src/demo01_action_server.cpp.o\x1b[0m\n'}
[3.438835] (cpp03_action) StdoutLine: {'line': b'[ 50%] \x1b[32mBuilding CXX object CMakeFiles/demo02_action_client.dir/src/demo02_action_client.cpp.o\x1b[0m\n'}
[3.463198] (-) TimerEvent: {}
[3.563947] (-) TimerEvent: {}
[3.625134] (py03_action) Command: {'cmd': ['/usr/bin/python3', '-W', 'ignore:setup.py install is deprecated', '-W', 'ignore:easy_install command is deprecated', 'setup.py', 'egg_info', '--egg-base', '../../build/py03_action', 'build', '--build-base', '/home/abc/ws01_plumbing/build/py03_action/build', 'install', '--record', '/home/abc/ws01_plumbing/build/py03_action/install.log', '--single-version-externally-managed', 'install_data'], 'cwd': '/home/abc/ws01_plumbing/src/py03_action', 'env': {'PYTHON_BASIC_REPL': '1', 'LESSOPEN': '| /usr/bin/lesspipe %s', 'LANGUAGE': 'zh_CN:zh', 'USER': 'abc', 'SSH_CLIENT': '192.168.150.1 55401 22', 'XDG_SESSION_TYPE': 'tty', 'GIT_ASKPASS': '/home/abc/.vscode-server/cli/servers/Stable-585eba7c0c34fd6b30faac7c62a42050bfbc0086/server/extensions/git/dist/askpass.sh', 'SHLVL': '1', 'LD_LIBRARY_PATH': '/home/abc/ws01_plumbing/install/base_interfaces_demo/lib:/opt/ros/humble/opt/rviz_ogre_vendor/lib:/opt/ros/humble/lib/x86_64-linux-gnu:/opt/ros/humble/lib', 'BROWSER': '/home/abc/.vscode-server/cli/servers/Stable-585eba7c0c34fd6b30faac7c62a42050bfbc0086/server/bin/helpers/browser.sh', 'MOTD_SHOWN': 'pam', 'HOME': '/home/abc', 'TERM_PROGRAM_VERSION': '1.108.1', 'VSCODE_IPC_HOOK_CLI': '/run/user/1000/vscode-ipc-f7f99b24-bc5b-43d6-947e-2a9efb26413d.sock', 'ROS_PYTHON_VERSION': '3', 'VSCODE_GIT_ASKPASS_MAIN': '/home/abc/.vscode-server/cli/servers/Stable-585eba7c0c34fd6b30faac7c62a42050bfbc0086/server/extensions/git/dist/askpass-main.js', 'VSCODE_GIT_ASKPASS_NODE': '/home/abc/.vscode-server/cli/servers/Stable-585eba7c0c34fd6b30faac7c62a42050bfbc0086/server/node', 'SSL_CERT_FILE': '/usr/lib/ssl/certs/ca-certificates.crt', 'PYDEVD_DISABLE_FILE_VALIDATION': '1', 'BUNDLED_DEBUGPY_PATH': '/home/abc/.vscode-server/extensions/ms-python.debugpy-2025.18.0/bundled/libs/debugpy', 'VSCODE_PYTHON_AUTOACTIVATE_GUARD': '1', 'DBUS_SESSION_BUS_ADDRESS': 'unix:path=/run/user/1000/bus', 'COLORTERM': 'truecolor', 'ROS_DISTRO': 'humble', 'LOGNAME': 'abc', '_': '/usr/bin/colcon', 'ROS_VERSION': '2', 'XDG_SESSION_CLASS': 'user', 'TERM': 'xterm-256color', 'XDG_SESSION_ID': '4', 'ROS_LOCALHOST_ONLY': '0', 'PATH': '/opt/loongson-gcc/bin:/home/abc/.vscode-server/data/User/globalStorage/github.copilot-chat/debugCommand:/home/abc/.vscode-server/data/User/globalStorage/github.copilot-chat/copilotCli:/home/abc/.vscode-server/cli/servers/Stable-585eba7c0c34fd6b30faac7c62a42050bfbc0086/server/bin/remote-cli:/opt/loongson-gcc/bin:/opt/ros/humble/bin:/usr/local/sbin:/usr/local/bin:/usr/sbin:/usr/bin:/sbin:/bin:/usr/games:/usr/local/games:/snap/bin:/home/abc/.vscode-server/extensions/ms-python.debugpy-2025.18.0/bundled/scripts/noConfigScripts', 'XDG_RUNTIME_DIR': '/run/user/1000', 'SSL_CERT_DIR': '/usr/lib/ssl/certs', 'VSCODE_DEBUGPY_ADAPTER_ENDPOINTS': '/home/abc/.vscode-server/extensions/ms-python.debugpy-2025.18.0/.noConfigDebugAdapterEndpoints/endpoint-eb3adf4cb764e782.txt', 'LANG': 'zh_CN.UTF-8', 'PYTHONSTARTUP': '/home/abc/.vscode-server/data/User/workspaceStorage/20b236a14418f8956cef225c8512416f/ms-python.python/pythonrc.py', 'LS_COLORS': 'rs=0:di=01;34:ln=01;36:mh=00:pi=40;33:so=01;35:do=01;35:bd=40;33;01:cd=40;33;01:or=40;31;01:mi=00:su=37;41:sg=30;43:ca=30;41:tw=30;42:ow=34;42:st=37;44:ex=01;32:*.tar=01;31:*.tgz=01;31:*.arc=01;31:*.arj=01;31:*.taz=01;31:*.lha=01;31:*.lz4=01;31:*.lzh=01;31:*.lzma=01;31:*.tlz=01;31:*.txz=01;31:*.tzo=01;31:*.t7z=01;31:*.zip=01;31:*.z=01;31:*.dz=01;31:*.gz=01;31:*.lrz=01;31:*.lz=01;31:*.lzo=01;31:*.xz=01;31:*.zst=01;31:*.tzst=01;31:*.bz2=01;31:*.bz=01;31:*.tbz=01;31:*.tbz2=01;31:*.tz=01;31:*.deb=01;31:*.rpm=01;31:*.jar=01;31:*.war=01;31:*.ear=01;31:*.sar=01;31:*.rar=01;31:*.alz=01;31:*.ace=01;31:*.zoo=01;31:*.cpio=01;31:*.7z=01;31:*.rz=01;31:*.cab=01;31:*.wim=01;31:*.swm=01;31:*.dwm=01;31:*.esd=01;31:*.jpg=01;35:*.jpeg=01;35:*.mjpg=01;35:*.mjpeg=01;35:*.gif=01;35:*.bmp=01;35:*.pbm=01;35:*.pgm=01;35:*.ppm=01;35:*.tga=01;35:*.xbm=01;35:*.xpm=01;35:*.tif=01;35:*.tiff=01;35:*.png=01;35:*.svg=01;35:*.svgz=01;35:*.mng=01;35:*.pcx=01;35:*.mov=01;35:*.mpg=01;35:*.mpeg=01;35:*.m2v=01;35:*.mkv=01;35:*.webm=01;35:*.webp=01;35:*.ogm=01;35:*.mp4=01;35:*.m4v=01;35:*.mp4v=01;35:*.vob=01;35:*.qt=01;35:*.nuv=01;35:*.wmv=01;35:*.asf=01;35:*.rm=01;35:*.rmvb=01;35:*.flc=01;35:*.avi=01;35:*.fli=01;35:*.flv=01;35:*.gl=01;35:*.dl=01;35:*.xcf=01;35:*.xwd=01;35:*.yuv=01;35:*.cgm=01;35:*.emf=01;35:*.ogv=01;35:*.ogx=01;35:*.aac=00;36:*.au=00;36:*.flac=00;36:*.m4a=00;36:*.mid=00;36:*.midi=00;36:*.mka=00;36:*.mp3=00;36:*.mpc=00;36:*.ogg=00;36:*.ra=00;36:*.wav=00;36:*.oga=00;36:*.opus=00;36:*.spx=00;36:*.xspf=00;36:', 'VSCODE_GIT_IPC_HANDLE': '/run/user/1000/vscode-git-91c7b8982f.sock', 'TERM_PROGRAM': 'vscode', 'AMENT_PREFIX_PATH': '/home/abc/ws01_plumbing/install/base_interfaces_demo:/opt/ros/humble', 'SHELL': '/bin/bash', 'LESSCLOSE': '/usr/bin/lesspipe %s %s', 'VSCODE_GIT_ASKPASS_EXTRA_ARGS': '', 'PWD': '/home/abc/ws01_plumbing/build/py03_action', 'SSH_CONNECTION': '192.168.150.1 55401 192.168.150.128 22', 'XDG_DATA_DIRS': '/usr/share/gnome:/usr/local/share:/usr/share:/var/lib/snapd/desktop', 'PYTHONPATH': '/home/abc/ws01_plumbing/build/py03_action/prefix_override:/usr/lib/python3/dist-packages/colcon_core/task/python/colcon_distutils_commands:/home/abc/ws01_plumbing/install/py03_action/lib/python3.10/site-packages:/home/abc/ws01_plumbing/install/base_interfaces_demo/local/lib/python3.10/dist-packages:/opt/ros/humble/lib/python3.10/site-packages:/opt/ros/humble/local/lib/python3.10/dist-packages', 'COLCON': '1', 'CMAKE_PREFIX_PATH': '/home/abc/ws01_plumbing/install/base_interfaces_demo'}, 'shell': False}
[3.668419] (-) TimerEvent: {}
[3.774259] (-) TimerEvent: {}
[3.881342] (-) TimerEvent: {}
[3.982790] (-) TimerEvent: {}
[4.084279] (-) TimerEvent: {}
[4.184682] (-) TimerEvent: {}
[4.286123] (-) TimerEvent: {}
[4.392722] (-) TimerEvent: {}
[4.495845] (-) TimerEvent: {}
[4.598755] (-) TimerEvent: {}
[4.701768] (-) TimerEvent: {}
[4.802128] (-) TimerEvent: {}
[4.818522] (py03_action) StdoutLine: {'line': b'running egg_info\n'}
[4.834060] (py03_action) StdoutLine: {'line': b'creating ../../build/py03_action/py03_action.egg-info\n'}
[4.834235] (py03_action) StdoutLine: {'line': b'writing ../../build/py03_action/py03_action.egg-info/PKG-INFO\n'}
[4.834271] (py03_action) StdoutLine: {'line': b'writing dependency_links to ../../build/py03_action/py03_action.egg-info/dependency_links.txt\n'}
[4.834301] (py03_action) StdoutLine: {'line': b'writing entry points to ../../build/py03_action/py03_action.egg-info/entry_points.txt\n'}
[4.834327] (py03_action) StdoutLine: {'line': b'writing requirements to ../../build/py03_action/py03_action.egg-info/requires.txt\n'}
[4.834353] (py03_action) StdoutLine: {'line': b'writing top-level names to ../../build/py03_action/py03_action.egg-info/top_level.txt\n'}
[4.834379] (py03_action) StdoutLine: {'line': b"writing manifest file '../../build/py03_action/py03_action.egg-info/SOURCES.txt'\n"}
[4.852761] (py03_action) StdoutLine: {'line': b"reading manifest file '../../build/py03_action/py03_action.egg-info/SOURCES.txt'\n"}
[4.852921] (py03_action) StdoutLine: {'line': b"writing manifest file '../../build/py03_action/py03_action.egg-info/SOURCES.txt'\n"}
[4.852957] (py03_action) StdoutLine: {'line': b'running build\n'}
[4.852987] (py03_action) StdoutLine: {'line': b'running build_py\n'}
[4.853014] (py03_action) StdoutLine: {'line': b'creating /home/abc/ws01_plumbing/build/py03_action/build\n'}
[4.853041] (py03_action) StdoutLine: {'line': b'creating /home/abc/ws01_plumbing/build/py03_action/build/lib\n'}
[4.853068] (py03_action) StdoutLine: {'line': b'creating /home/abc/ws01_plumbing/build/py03_action/build/lib/py03_action\n'}
[4.853094] (py03_action) StdoutLine: {'line': b'copying py03_action/demo01_action_server_py.py -> /home/abc/ws01_plumbing/build/py03_action/build/lib/py03_action\n'}
[4.853121] (py03_action) StdoutLine: {'line': b'copying py03_action/__init__.py -> /home/abc/ws01_plumbing/build/py03_action/build/lib/py03_action\n'}
[4.853147] (py03_action) StdoutLine: {'line': b'copying py03_action/demo02_action_client_py.py -> /home/abc/ws01_plumbing/build/py03_action/build/lib/py03_action\n'}
[4.853171] (py03_action) StdoutLine: {'line': b'running install\n'}
[4.853195] (py03_action) StdoutLine: {'line': b'running install_lib\n'}
[4.853219] (py03_action) StdoutLine: {'line': b'creating /home/abc/ws01_plumbing/install/py03_action/lib/python3.10/site-packages/py03_action\n'}
[4.865812] (py03_action) StdoutLine: {'line': b'copying /home/abc/ws01_plumbing/build/py03_action/build/lib/py03_action/demo01_action_server_py.py -> /home/abc/ws01_plumbing/install/py03_action/lib/python3.10/site-packages/py03_action\n'}
[4.865969] (py03_action) StdoutLine: {'line': b'copying /home/abc/ws01_plumbing/build/py03_action/build/lib/py03_action/__init__.py -> /home/abc/ws01_plumbing/install/py03_action/lib/python3.10/site-packages/py03_action\n'}
[4.866008] (py03_action) StdoutLine: {'line': b'copying /home/abc/ws01_plumbing/build/py03_action/build/lib/py03_action/demo02_action_client_py.py -> /home/abc/ws01_plumbing/install/py03_action/lib/python3.10/site-packages/py03_action\n'}
[4.866037] (py03_action) StdoutLine: {'line': b'byte-compiling /home/abc/ws01_plumbing/install/py03_action/lib/python3.10/site-packages/py03_action/demo01_action_server_py.py to demo01_action_server_py.cpython-310.pyc\n'}
[4.866065] (py03_action) StdoutLine: {'line': b'byte-compiling /home/abc/ws01_plumbing/install/py03_action/lib/python3.10/site-packages/py03_action/__init__.py to __init__.cpython-310.pyc\n'}
[4.866145] (py03_action) StdoutLine: {'line': b'byte-compiling /home/abc/ws01_plumbing/install/py03_action/lib/python3.10/site-packages/py03_action/demo02_action_client_py.py to demo02_action_client_py.cpython-310.pyc\n'}
[4.866172] (py03_action) StdoutLine: {'line': b'running install_data\n'}
[4.866200] (py03_action) StdoutLine: {'line': b'creating /home/abc/ws01_plumbing/install/py03_action/share/ament_index\n'}
[4.866225] (py03_action) StdoutLine: {'line': b'creating /home/abc/ws01_plumbing/install/py03_action/share/ament_index/resource_index\n'}
[4.866251] (py03_action) StdoutLine: {'line': b'creating /home/abc/ws01_plumbing/install/py03_action/share/ament_index/resource_index/packages\n'}
[4.890499] (py03_action) StdoutLine: {'line': b'copying resource/py03_action -> /home/abc/ws01_plumbing/install/py03_action/share/ament_index/resource_index/packages\n'}
[4.890831] (py03_action) StdoutLine: {'line': b'copying package.xml -> /home/abc/ws01_plumbing/install/py03_action/share/py03_action\n'}
[4.891034] (py03_action) StdoutLine: {'line': b'running install_egg_info\n'}
[4.891092] (py03_action) StdoutLine: {'line': b'Copying ../../build/py03_action/py03_action.egg-info to /home/abc/ws01_plumbing/install/py03_action/lib/python3.10/site-packages/py03_action-0.0.0-py3.10.egg-info\n'}
[4.909745] (-) TimerEvent: {}
[4.912740] (py03_action) StdoutLine: {'line': b'running install_scripts\n'}
[5.014963] (-) TimerEvent: {}
[5.088179] (py03_action) StdoutLine: {'line': b'Installing demo01_action_server_py script to /home/abc/ws01_plumbing/install/py03_action/lib/py03_action\n'}
[5.088724] (py03_action) StdoutLine: {'line': b'Installing demo02_action_client_py script to /home/abc/ws01_plumbing/install/py03_action/lib/py03_action\n'}
[5.088856] (py03_action) StdoutLine: {'line': b"writing list of installed files to '/home/abc/ws01_plumbing/build/py03_action/install.log'\n"}
[5.115346] (-) TimerEvent: {}
[5.215845] (-) TimerEvent: {}
[5.253170] (py03_action) CommandEnded: {'returncode': 0}
[5.280437] (py03_action) JobEnded: {'identifier': 'py03_action', 'rc': 0}
[5.280879] (cpp001_sun) JobStarted: {'identifier': 'cpp001_sun'}
[5.321215] (cpp001_sun) JobProgress: {'identifier': 'cpp001_sun', 'progress': 'cmake'}
[5.321292] (-) TimerEvent: {}
[5.321489] (cpp001_sun) Command: {'cmd': ['/usr/bin/cmake', '/home/abc/ws01_plumbing/src/cpp001_sun', '-DCMAKE_INSTALL_PREFIX=/home/abc/ws01_plumbing/install/cpp001_sun'], 'cwd': '/home/abc/ws01_plumbing/build/cpp001_sun', 'env': OrderedDict([('PYTHON_BASIC_REPL', '1'), ('LESSOPEN', '| /usr/bin/lesspipe %s'), ('LANGUAGE', 'zh_CN:zh'), ('USER', 'abc'), ('SSH_CLIENT', '192.168.150.1 55401 22'), ('XDG_SESSION_TYPE', 'tty'), ('GIT_ASKPASS', '/home/abc/.vscode-server/cli/servers/Stable-585eba7c0c34fd6b30faac7c62a42050bfbc0086/server/extensions/git/dist/askpass.sh'), ('SHLVL', '1'), ('LD_LIBRARY_PATH', '/opt/ros/humble/opt/rviz_ogre_vendor/lib:/opt/ros/humble/lib/x86_64-linux-gnu:/opt/ros/humble/lib'), ('BROWSER', '/home/abc/.vscode-server/cli/servers/Stable-585eba7c0c34fd6b30faac7c62a42050bfbc0086/server/bin/helpers/browser.sh'), ('MOTD_SHOWN', 'pam'), ('HOME', '/home/abc'), ('TERM_PROGRAM_VERSION', '1.108.1'), ('VSCODE_IPC_HOOK_CLI', '/run/user/1000/vscode-ipc-f7f99b24-bc5b-43d6-947e-2a9efb26413d.sock'), ('ROS_PYTHON_VERSION', '3'), ('VSCODE_GIT_ASKPASS_MAIN', '/home/abc/.vscode-server/cli/servers/Stable-585eba7c0c34fd6b30faac7c62a42050bfbc0086/server/extensions/git/dist/askpass-main.js'), ('VSCODE_GIT_ASKPASS_NODE', '/home/abc/.vscode-server/cli/servers/Stable-585eba7c0c34fd6b30faac7c62a42050bfbc0086/server/node'), ('SSL_CERT_FILE', '/usr/lib/ssl/certs/ca-certificates.crt'), ('PYDEVD_DISABLE_FILE_VALIDATION', '1'), ('BUNDLED_DEBUGPY_PATH', '/home/abc/.vscode-server/extensions/ms-python.debugpy-2025.18.0/bundled/libs/debugpy'), ('VSCODE_PYTHON_AUTOACTIVATE_GUARD', '1'), ('DBUS_SESSION_BUS_ADDRESS', 'unix:path=/run/user/1000/bus'), ('COLORTERM', 'truecolor'), ('ROS_DISTRO', 'humble'), ('LOGNAME', 'abc'), ('_', '/usr/bin/colcon'), ('ROS_VERSION', '2'), ('XDG_SESSION_CLASS', 'user'), ('TERM', 'xterm-256color'), ('XDG_SESSION_ID', '4'), ('ROS_LOCALHOST_ONLY', '0'), ('PATH', '/opt/loongson-gcc/bin:/home/abc/.vscode-server/data/User/globalStorage/github.copilot-chat/debugCommand:/home/abc/.vscode-server/data/User/globalStorage/github.copilot-chat/copilotCli:/home/abc/.vscode-server/cli/servers/Stable-585eba7c0c34fd6b30faac7c62a42050bfbc0086/server/bin/remote-cli:/opt/loongson-gcc/bin:/opt/ros/humble/bin:/usr/local/sbin:/usr/local/bin:/usr/sbin:/usr/bin:/sbin:/bin:/usr/games:/usr/local/games:/snap/bin:/home/abc/.vscode-server/extensions/ms-python.debugpy-2025.18.0/bundled/scripts/noConfigScripts'), ('XDG_RUNTIME_DIR', '/run/user/1000'), ('SSL_CERT_DIR', '/usr/lib/ssl/certs'), ('VSCODE_DEBUGPY_ADAPTER_ENDPOINTS', '/home/abc/.vscode-server/extensions/ms-python.debugpy-2025.18.0/.noConfigDebugAdapterEndpoints/endpoint-eb3adf4cb764e782.txt'), ('LANG', 'zh_CN.UTF-8'), ('PYTHONSTARTUP', '/home/abc/.vscode-server/data/User/workspaceStorage/20b236a14418f8956cef225c8512416f/ms-python.python/pythonrc.py'), ('LS_COLORS', 'rs=0:di=01;34:ln=01;36:mh=00:pi=40;33:so=01;35:do=01;35:bd=40;33;01:cd=40;33;01:or=40;31;01:mi=00:su=37;41:sg=30;43:ca=30;41:tw=30;42:ow=34;42:st=37;44:ex=01;32:*.tar=01;31:*.tgz=01;31:*.arc=01;31:*.arj=01;31:*.taz=01;31:*.lha=01;31:*.lz4=01;31:*.lzh=01;31:*.lzma=01;31:*.tlz=01;31:*.txz=01;31:*.tzo=01;31:*.t7z=01;31:*.zip=01;31:*.z=01;31:*.dz=01;31:*.gz=01;31:*.lrz=01;31:*.lz=01;31:*.lzo=01;31:*.xz=01;31:*.zst=01;31:*.tzst=01;31:*.bz2=01;31:*.bz=01;31:*.tbz=01;31:*.tbz2=01;31:*.tz=01;31:*.deb=01;31:*.rpm=01;31:*.jar=01;31:*.war=01;31:*.ear=01;31:*.sar=01;31:*.rar=01;31:*.alz=01;31:*.ace=01;31:*.zoo=01;31:*.cpio=01;31:*.7z=01;31:*.rz=01;31:*.cab=01;31:*.wim=01;31:*.swm=01;31:*.dwm=01;31:*.esd=01;31:*.jpg=01;35:*.jpeg=01;35:*.mjpg=01;35:*.mjpeg=01;35:*.gif=01;35:*.bmp=01;35:*.pbm=01;35:*.pgm=01;35:*.ppm=01;35:*.tga=01;35:*.xbm=01;35:*.xpm=01;35:*.tif=01;35:*.tiff=01;35:*.png=01;35:*.svg=01;35:*.svgz=01;35:*.mng=01;35:*.pcx=01;35:*.mov=01;35:*.mpg=01;35:*.mpeg=01;35:*.m2v=01;35:*.mkv=01;35:*.webm=01;35:*.webp=01;35:*.ogm=01;35:*.mp4=01;35:*.m4v=01;35:*.mp4v=01;35:*.vob=01;35:*.qt=01;35:*.nuv=01;35:*.wmv=01;35:*.asf=01;35:*.rm=01;35:*.rmvb=01;35:*.flc=01;35:*.avi=01;35:*.fli=01;35:*.flv=01;35:*.gl=01;35:*.dl=01;35:*.xcf=01;35:*.xwd=01;35:*.yuv=01;35:*.cgm=01;35:*.emf=01;35:*.ogv=01;35:*.ogx=01;35:*.aac=00;36:*.au=00;36:*.flac=00;36:*.m4a=00;36:*.mid=00;36:*.midi=00;36:*.mka=00;36:*.mp3=00;36:*.mpc=00;36:*.ogg=00;36:*.ra=00;36:*.wav=00;36:*.oga=00;36:*.opus=00;36:*.spx=00;36:*.xspf=00;36:'), ('VSCODE_GIT_IPC_HANDLE', '/run/user/1000/vscode-git-91c7b8982f.sock'), ('TERM_PROGRAM', 'vscode'), ('AMENT_PREFIX_PATH', '/opt/ros/humble'), ('SHELL', '/bin/bash'), ('LESSCLOSE', '/usr/bin/lesspipe %s %s'), ('VSCODE_GIT_ASKPASS_EXTRA_ARGS', ''), ('PWD', '/home/abc/ws01_plumbing/build/cpp001_sun'), ('SSH_CONNECTION', '192.168.150.1 55401 192.168.150.128 22'), ('XDG_DATA_DIRS', '/usr/share/gnome:/usr/local/share:/usr/share:/var/lib/snapd/desktop'), ('PYTHONPATH', '/opt/ros/humble/lib/python3.10/site-packages:/opt/ros/humble/local/lib/python3.10/dist-packages'), ('COLCON', '1'), ('CMAKE_PREFIX_PATH', '/opt/ros/humble')]), 'shell': False}
[5.431756] (-) TimerEvent: {}
[5.537513] (-) TimerEvent: {}
[5.627318] (cpp001_sun) StdoutLine: {'line': b'-- The C compiler identification is GNU 11.4.0\n'}
[5.641199] (-) TimerEvent: {}
[5.743128] (-) TimerEvent: {}
[5.851042] (-) TimerEvent: {}
[5.962273] (-) TimerEvent: {}
[6.063474] (-) TimerEvent: {}
[6.166880] (-) TimerEvent: {}
[6.232848] (cpp001_sun) StdoutLine: {'line': b'-- The CXX compiler identification is GNU 11.4.0\n'}
[6.268054] (-) TimerEvent: {}
[6.301362] (cpp001_sun) StdoutLine: {'line': b'-- Detecting C compiler ABI info\n'}
[6.370818] (-) TimerEvent: {}
[6.477933] (-) TimerEvent: {}
[6.580790] (-) TimerEvent: {}
[6.690965] (-) TimerEvent: {}
[6.793937] (-) TimerEvent: {}
[6.902931] (-) TimerEvent: {}
[7.004215] (-) TimerEvent: {}
[7.015668] (cpp001_sun) StdoutLine: {'line': b'-- Detecting C compiler ABI info - done\n'}
[7.032377] (cpp001_sun) StdoutLine: {'line': b'-- Check for working C compiler: /usr/bin/cc - skipped\n'}
[7.033018] (cpp001_sun) StdoutLine: {'line': b'-- Detecting C compile features\n'}
[7.034007] (cpp001_sun) StdoutLine: {'line': b'-- Detecting C compile features - done\n'}
[7.049017] (cpp001_sun) StdoutLine: {'line': b'-- Detecting CXX compiler ABI info\n'}
[7.104799] (-) TimerEvent: {}
[7.206807] (-) TimerEvent: {}
[7.304869] (cpp001_sun) StdoutLine: {'line': b'-- Detecting CXX compiler ABI info - done\n'}
[7.307444] (-) TimerEvent: {}
[7.311117] (cpp001_sun) StdoutLine: {'line': b'-- Check for working CXX compiler: /usr/bin/c++ - skipped\n'}
[7.311680] (cpp001_sun) StdoutLine: {'line': b'-- Detecting CXX compile features\n'}
[7.312621] (cpp001_sun) StdoutLine: {'line': b'-- Detecting CXX compile features - done\n'}
[7.325753] (cpp001_sun) StdoutLine: {'line': b'-- Found ament_cmake: 1.3.11 (/opt/ros/humble/share/ament_cmake/cmake)\n'}
[7.408874] (-) TimerEvent: {}
[7.513727] (-) TimerEvent: {}
[7.623595] (-) TimerEvent: {}
[7.730829] (-) TimerEvent: {}
[7.831348] (-) TimerEvent: {}
[7.932143] (-) TimerEvent: {}
[8.033688] (-) TimerEvent: {}
[8.134099] (-) TimerEvent: {}
[8.234937] (-) TimerEvent: {}
[8.336424] (-) TimerEvent: {}
[8.437500] (-) TimerEvent: {}
[8.538340] (-) TimerEvent: {}
[8.639131] (-) TimerEvent: {}
[8.740129] (-) TimerEvent: {}
[8.841129] (-) TimerEvent: {}
[8.942350] (-) TimerEvent: {}
[9.043833] (-) TimerEvent: {}
[9.144856] (-) TimerEvent: {}
[9.245513] (-) TimerEvent: {}
[9.346184] (-) TimerEvent: {}
[9.447264] (-) TimerEvent: {}
[9.548146] (-) TimerEvent: {}
[9.650676] (-) TimerEvent: {}
[9.752047] (-) TimerEvent: {}
[9.819293] (cpp001_sun) StdoutLine: {'line': b'-- Found Python3: /usr/bin/python3 (found version "3.10.12") found components: Interpreter \n'}
[9.852897] (-) TimerEvent: {}
[9.966243] (-) TimerEvent: {}
[10.070185] (-) TimerEvent: {}
[10.176278] (-) TimerEvent: {}
[10.281869] (-) TimerEvent: {}
[10.396004] (-) TimerEvent: {}
[10.498437] (-) TimerEvent: {}
[10.599017] (-) TimerEvent: {}
[10.700137] (-) TimerEvent: {}
[10.801213] (-) TimerEvent: {}
[10.902347] (-) TimerEvent: {}
[11.003180] (-) TimerEvent: {}
[11.104198] (-) TimerEvent: {}
[11.205290] (-) TimerEvent: {}
[11.306434] (-) TimerEvent: {}
[11.407346] (-) TimerEvent: {}
[11.508565] (-) TimerEvent: {}
[11.609958] (-) TimerEvent: {}
[11.710919] (-) TimerEvent: {}
[11.811833] (-) TimerEvent: {}
[11.912729] (-) TimerEvent: {}
[12.013376] (-) TimerEvent: {}
[12.114172] (-) TimerEvent: {}
[12.215041] (-) TimerEvent: {}
[12.316032] (-) TimerEvent: {}
[12.417097] (-) TimerEvent: {}
[12.485888] (cpp001_sun) StdoutLine: {'line': b'-- Found ament_lint_auto: 0.12.11 (/opt/ros/humble/share/ament_lint_auto/cmake)\n'}
[12.523130] (-) TimerEvent: {}
[12.630556] (-) TimerEvent: {}
[12.736363] (-) TimerEvent: {}
[12.837363] (-) TimerEvent: {}
[12.938058] (-) TimerEvent: {}
[13.052121] (-) TimerEvent: {}
[13.173033] (-) TimerEvent: {}
[13.273458] (-) TimerEvent: {}
[13.338619] (cpp001_sun) StdoutLine: {'line': b"-- Added test 'lint_cmake' to check CMake code style\n"}
[13.342045] (cpp001_sun) StdoutLine: {'line': b"-- Added test 'xmllint' to check XML markup files\n"}
[13.349952] (cpp001_sun) StdoutLine: {'line': b'-- Configuring done\n'}
[13.356225] (cpp001_sun) StdoutLine: {'line': b'-- Generating done\n'}
[13.364041] (cpp001_sun) StdoutLine: {'line': b'-- Build files have been written to: /home/abc/ws01_plumbing/build/cpp001_sun\n'}
[13.375948] (-) TimerEvent: {}
[13.477706] (cpp001_sun) CommandEnded: {'returncode': 0}
[13.563536] (-) TimerEvent: {}
[13.563767] (cpp001_sun) JobProgress: {'identifier': 'cpp001_sun', 'progress': 'build'}
[13.563792] (cpp001_sun) Command: {'cmd': ['/usr/bin/cmake', '--build', '/home/abc/ws01_plumbing/build/cpp001_sun', '--', '-j4', '-l4'], 'cwd': '/home/abc/ws01_plumbing/build/cpp001_sun', 'env': OrderedDict([('PYTHON_BASIC_REPL', '1'), ('LESSOPEN', '| /usr/bin/lesspipe %s'), ('LANGUAGE', 'zh_CN:zh'), ('USER', 'abc'), ('SSH_CLIENT', '192.168.150.1 55401 22'), ('XDG_SESSION_TYPE', 'tty'), ('GIT_ASKPASS', '/home/abc/.vscode-server/cli/servers/Stable-585eba7c0c34fd6b30faac7c62a42050bfbc0086/server/extensions/git/dist/askpass.sh'), ('SHLVL', '1'), ('LD_LIBRARY_PATH', '/opt/ros/humble/opt/rviz_ogre_vendor/lib:/opt/ros/humble/lib/x86_64-linux-gnu:/opt/ros/humble/lib'), ('BROWSER', '/home/abc/.vscode-server/cli/servers/Stable-585eba7c0c34fd6b30faac7c62a42050bfbc0086/server/bin/helpers/browser.sh'), ('MOTD_SHOWN', 'pam'), ('HOME', '/home/abc'), ('TERM_PROGRAM_VERSION', '1.108.1'), ('VSCODE_IPC_HOOK_CLI', '/run/user/1000/vscode-ipc-f7f99b24-bc5b-43d6-947e-2a9efb26413d.sock'), ('ROS_PYTHON_VERSION', '3'), ('VSCODE_GIT_ASKPASS_MAIN', '/home/abc/.vscode-server/cli/servers/Stable-585eba7c0c34fd6b30faac7c62a42050bfbc0086/server/extensions/git/dist/askpass-main.js'), ('VSCODE_GIT_ASKPASS_NODE', '/home/abc/.vscode-server/cli/servers/Stable-585eba7c0c34fd6b30faac7c62a42050bfbc0086/server/node'), ('SSL_CERT_FILE', '/usr/lib/ssl/certs/ca-certificates.crt'), ('PYDEVD_DISABLE_FILE_VALIDATION', '1'), ('BUNDLED_DEBUGPY_PATH', '/home/abc/.vscode-server/extensions/ms-python.debugpy-2025.18.0/bundled/libs/debugpy'), ('VSCODE_PYTHON_AUTOACTIVATE_GUARD', '1'), ('DBUS_SESSION_BUS_ADDRESS', 'unix:path=/run/user/1000/bus'), ('COLORTERM', 'truecolor'), ('ROS_DISTRO', 'humble'), ('LOGNAME', 'abc'), ('_', '/usr/bin/colcon'), ('ROS_VERSION', '2'), ('XDG_SESSION_CLASS', 'user'), ('TERM', 'xterm-256color'), ('XDG_SESSION_ID', '4'), ('ROS_LOCALHOST_ONLY', '0'), ('PATH', '/opt/loongson-gcc/bin:/home/abc/.vscode-server/data/User/globalStorage/github.copilot-chat/debugCommand:/home/abc/.vscode-server/data/User/globalStorage/github.copilot-chat/copilotCli:/home/abc/.vscode-server/cli/servers/Stable-585eba7c0c34fd6b30faac7c62a42050bfbc0086/server/bin/remote-cli:/opt/loongson-gcc/bin:/opt/ros/humble/bin:/usr/local/sbin:/usr/local/bin:/usr/sbin:/usr/bin:/sbin:/bin:/usr/games:/usr/local/games:/snap/bin:/home/abc/.vscode-server/extensions/ms-python.debugpy-2025.18.0/bundled/scripts/noConfigScripts'), ('XDG_RUNTIME_DIR', '/run/user/1000'), ('SSL_CERT_DIR', '/usr/lib/ssl/certs'), ('VSCODE_DEBUGPY_ADAPTER_ENDPOINTS', '/home/abc/.vscode-server/extensions/ms-python.debugpy-2025.18.0/.noConfigDebugAdapterEndpoints/endpoint-eb3adf4cb764e782.txt'), ('LANG', 'zh_CN.UTF-8'), ('PYTHONSTARTUP', '/home/abc/.vscode-server/data/User/workspaceStorage/20b236a14418f8956cef225c8512416f/ms-python.python/pythonrc.py'), ('LS_COLORS', 'rs=0:di=01;34:ln=01;36:mh=00:pi=40;33:so=01;35:do=01;35:bd=40;33;01:cd=40;33;01:or=40;31;01:mi=00:su=37;41:sg=30;43:ca=30;41:tw=30;42:ow=34;42:st=37;44:ex=01;32:*.tar=01;31:*.tgz=01;31:*.arc=01;31:*.arj=01;31:*.taz=01;31:*.lha=01;31:*.lz4=01;31:*.lzh=01;31:*.lzma=01;31:*.tlz=01;31:*.txz=01;31:*.tzo=01;31:*.t7z=01;31:*.zip=01;31:*.z=01;31:*.dz=01;31:*.gz=01;31:*.lrz=01;31:*.lz=01;31:*.lzo=01;31:*.xz=01;31:*.zst=01;31:*.tzst=01;31:*.bz2=01;31:*.bz=01;31:*.tbz=01;31:*.tbz2=01;31:*.tz=01;31:*.deb=01;31:*.rpm=01;31:*.jar=01;31:*.war=01;31:*.ear=01;31:*.sar=01;31:*.rar=01;31:*.alz=01;31:*.ace=01;31:*.zoo=01;31:*.cpio=01;31:*.7z=01;31:*.rz=01;31:*.cab=01;31:*.wim=01;31:*.swm=01;31:*.dwm=01;31:*.esd=01;31:*.jpg=01;35:*.jpeg=01;35:*.mjpg=01;35:*.mjpeg=01;35:*.gif=01;35:*.bmp=01;35:*.pbm=01;35:*.pgm=01;35:*.ppm=01;35:*.tga=01;35:*.xbm=01;35:*.xpm=01;35:*.tif=01;35:*.tiff=01;35:*.png=01;35:*.svg=01;35:*.svgz=01;35:*.mng=01;35:*.pcx=01;35:*.mov=01;35:*.mpg=01;35:*.mpeg=01;35:*.m2v=01;35:*.mkv=01;35:*.webm=01;35:*.webp=01;35:*.ogm=01;35:*.mp4=01;35:*.m4v=01;35:*.mp4v=01;35:*.vob=01;35:*.qt=01;35:*.nuv=01;35:*.wmv=01;35:*.asf=01;35:*.rm=01;35:*.rmvb=01;35:*.flc=01;35:*.avi=01;35:*.fli=01;35:*.flv=01;35:*.gl=01;35:*.dl=01;35:*.xcf=01;35:*.xwd=01;35:*.yuv=01;35:*.cgm=01;35:*.emf=01;35:*.ogv=01;35:*.ogx=01;35:*.aac=00;36:*.au=00;36:*.flac=00;36:*.m4a=00;36:*.mid=00;36:*.midi=00;36:*.mka=00;36:*.mp3=00;36:*.mpc=00;36:*.ogg=00;36:*.ra=00;36:*.wav=00;36:*.oga=00;36:*.opus=00;36:*.spx=00;36:*.xspf=00;36:'), ('VSCODE_GIT_IPC_HANDLE', '/run/user/1000/vscode-git-91c7b8982f.sock'), ('TERM_PROGRAM', 'vscode'), ('AMENT_PREFIX_PATH', '/opt/ros/humble'), ('SHELL', '/bin/bash'), ('LESSCLOSE', '/usr/bin/lesspipe %s %s'), ('VSCODE_GIT_ASKPASS_EXTRA_ARGS', ''), ('PWD', '/home/abc/ws01_plumbing/build/cpp001_sun'), ('SSH_CONNECTION', '192.168.150.1 55401 192.168.150.128 22'), ('XDG_DATA_DIRS', '/usr/share/gnome:/usr/local/share:/usr/share:/var/lib/snapd/desktop'), ('PYTHONPATH', '/opt/ros/humble/lib/python3.10/site-packages:/opt/ros/humble/local/lib/python3.10/dist-packages'), ('COLCON', '1'), ('CMAKE_PREFIX_PATH', '/opt/ros/humble')]), 'shell': False}
[13.664116] (-) TimerEvent: {}
[13.691338] (cpp001_sun) CommandEnded: {'returncode': 0}
[13.708457] (cpp001_sun) JobProgress: {'identifier': 'cpp001_sun', 'progress': 'install'}
[13.708579] (cpp001_sun) Command: {'cmd': ['/usr/bin/cmake', '--install', '/home/abc/ws01_plumbing/build/cpp001_sun'], 'cwd': '/home/abc/ws01_plumbing/build/cpp001_sun', 'env': OrderedDict([('PYTHON_BASIC_REPL', '1'), ('LESSOPEN', '| /usr/bin/lesspipe %s'), ('LANGUAGE', 'zh_CN:zh'), ('USER', 'abc'), ('SSH_CLIENT', '192.168.150.1 55401 22'), ('XDG_SESSION_TYPE', 'tty'), ('GIT_ASKPASS', '/home/abc/.vscode-server/cli/servers/Stable-585eba7c0c34fd6b30faac7c62a42050bfbc0086/server/extensions/git/dist/askpass.sh'), ('SHLVL', '1'), ('LD_LIBRARY_PATH', '/opt/ros/humble/opt/rviz_ogre_vendor/lib:/opt/ros/humble/lib/x86_64-linux-gnu:/opt/ros/humble/lib'), ('BROWSER', '/home/abc/.vscode-server/cli/servers/Stable-585eba7c0c34fd6b30faac7c62a42050bfbc0086/server/bin/helpers/browser.sh'), ('MOTD_SHOWN', 'pam'), ('HOME', '/home/abc'), ('TERM_PROGRAM_VERSION', '1.108.1'), ('VSCODE_IPC_HOOK_CLI', '/run/user/1000/vscode-ipc-f7f99b24-bc5b-43d6-947e-2a9efb26413d.sock'), ('ROS_PYTHON_VERSION', '3'), ('VSCODE_GIT_ASKPASS_MAIN', '/home/abc/.vscode-server/cli/servers/Stable-585eba7c0c34fd6b30faac7c62a42050bfbc0086/server/extensions/git/dist/askpass-main.js'), ('VSCODE_GIT_ASKPASS_NODE', '/home/abc/.vscode-server/cli/servers/Stable-585eba7c0c34fd6b30faac7c62a42050bfbc0086/server/node'), ('SSL_CERT_FILE', '/usr/lib/ssl/certs/ca-certificates.crt'), ('PYDEVD_DISABLE_FILE_VALIDATION', '1'), ('BUNDLED_DEBUGPY_PATH', '/home/abc/.vscode-server/extensions/ms-python.debugpy-2025.18.0/bundled/libs/debugpy'), ('VSCODE_PYTHON_AUTOACTIVATE_GUARD', '1'), ('DBUS_SESSION_BUS_ADDRESS', 'unix:path=/run/user/1000/bus'), ('COLORTERM', 'truecolor'), ('ROS_DISTRO', 'humble'), ('LOGNAME', 'abc'), ('_', '/usr/bin/colcon'), ('ROS_VERSION', '2'), ('XDG_SESSION_CLASS', 'user'), ('TERM', 'xterm-256color'), ('XDG_SESSION_ID', '4'), ('ROS_LOCALHOST_ONLY', '0'), ('PATH', '/opt/loongson-gcc/bin:/home/abc/.vscode-server/data/User/globalStorage/github.copilot-chat/debugCommand:/home/abc/.vscode-server/data/User/globalStorage/github.copilot-chat/copilotCli:/home/abc/.vscode-server/cli/servers/Stable-585eba7c0c34fd6b30faac7c62a42050bfbc0086/server/bin/remote-cli:/opt/loongson-gcc/bin:/opt/ros/humble/bin:/usr/local/sbin:/usr/local/bin:/usr/sbin:/usr/bin:/sbin:/bin:/usr/games:/usr/local/games:/snap/bin:/home/abc/.vscode-server/extensions/ms-python.debugpy-2025.18.0/bundled/scripts/noConfigScripts'), ('XDG_RUNTIME_DIR', '/run/user/1000'), ('SSL_CERT_DIR', '/usr/lib/ssl/certs'), ('VSCODE_DEBUGPY_ADAPTER_ENDPOINTS', '/home/abc/.vscode-server/extensions/ms-python.debugpy-2025.18.0/.noConfigDebugAdapterEndpoints/endpoint-eb3adf4cb764e782.txt'), ('LANG', 'zh_CN.UTF-8'), ('PYTHONSTARTUP', '/home/abc/.vscode-server/data/User/workspaceStorage/20b236a14418f8956cef225c8512416f/ms-python.python/pythonrc.py'), ('LS_COLORS', 'rs=0:di=01;34:ln=01;36:mh=00:pi=40;33:so=01;35:do=01;35:bd=40;33;01:cd=40;33;01:or=40;31;01:mi=00:su=37;41:sg=30;43:ca=30;41:tw=30;42:ow=34;42:st=37;44:ex=01;32:*.tar=01;31:*.tgz=01;31:*.arc=01;31:*.arj=01;31:*.taz=01;31:*.lha=01;31:*.lz4=01;31:*.lzh=01;31:*.lzma=01;31:*.tlz=01;31:*.txz=01;31:*.tzo=01;31:*.t7z=01;31:*.zip=01;31:*.z=01;31:*.dz=01;31:*.gz=01;31:*.lrz=01;31:*.lz=01;31:*.lzo=01;31:*.xz=01;31:*.zst=01;31:*.tzst=01;31:*.bz2=01;31:*.bz=01;31:*.tbz=01;31:*.tbz2=01;31:*.tz=01;31:*.deb=01;31:*.rpm=01;31:*.jar=01;31:*.war=01;31:*.ear=01;31:*.sar=01;31:*.rar=01;31:*.alz=01;31:*.ace=01;31:*.zoo=01;31:*.cpio=01;31:*.7z=01;31:*.rz=01;31:*.cab=01;31:*.wim=01;31:*.swm=01;31:*.dwm=01;31:*.esd=01;31:*.jpg=01;35:*.jpeg=01;35:*.mjpg=01;35:*.mjpeg=01;35:*.gif=01;35:*.bmp=01;35:*.pbm=01;35:*.pgm=01;35:*.ppm=01;35:*.tga=01;35:*.xbm=01;35:*.xpm=01;35:*.tif=01;35:*.tiff=01;35:*.png=01;35:*.svg=01;35:*.svgz=01;35:*.mng=01;35:*.pcx=01;35:*.mov=01;35:*.mpg=01;35:*.mpeg=01;35:*.m2v=01;35:*.mkv=01;35:*.webm=01;35:*.webp=01;35:*.ogm=01;35:*.mp4=01;35:*.m4v=01;35:*.mp4v=01;35:*.vob=01;35:*.qt=01;35:*.nuv=01;35:*.wmv=01;35:*.asf=01;35:*.rm=01;35:*.rmvb=01;35:*.flc=01;35:*.avi=01;35:*.fli=01;35:*.flv=01;35:*.gl=01;35:*.dl=01;35:*.xcf=01;35:*.xwd=01;35:*.yuv=01;35:*.cgm=01;35:*.emf=01;35:*.ogv=01;35:*.ogx=01;35:*.aac=00;36:*.au=00;36:*.flac=00;36:*.m4a=00;36:*.mid=00;36:*.midi=00;36:*.mka=00;36:*.mp3=00;36:*.mpc=00;36:*.ogg=00;36:*.ra=00;36:*.wav=00;36:*.oga=00;36:*.opus=00;36:*.spx=00;36:*.xspf=00;36:'), ('VSCODE_GIT_IPC_HANDLE', '/run/user/1000/vscode-git-91c7b8982f.sock'), ('TERM_PROGRAM', 'vscode'), ('AMENT_PREFIX_PATH', '/opt/ros/humble'), ('SHELL', '/bin/bash'), ('LESSCLOSE', '/usr/bin/lesspipe %s %s'), ('VSCODE_GIT_ASKPASS_EXTRA_ARGS', ''), ('PWD', '/home/abc/ws01_plumbing/build/cpp001_sun'), ('SSH_CONNECTION', '192.168.150.1 55401 192.168.150.128 22'), ('XDG_DATA_DIRS', '/usr/share/gnome:/usr/local/share:/usr/share:/var/lib/snapd/desktop'), ('PYTHONPATH', '/opt/ros/humble/lib/python3.10/site-packages:/opt/ros/humble/local/lib/python3.10/dist-packages'), ('COLCON', '1'), ('CMAKE_PREFIX_PATH', '/opt/ros/humble')]), 'shell': False}
[13.763881] (cpp001_sun) StdoutLine: {'line': b'-- Install configuration: ""\n'}
[13.764189] (-) TimerEvent: {}
[13.774359] (cpp001_sun) StdoutLine: {'line': b'-- Installing: /home/abc/ws01_plumbing/install/cpp001_sun/share/ament_index/resource_index/package_run_dependencies/cpp001_sun\n'}
[13.774559] (cpp001_sun) StdoutLine: {'line': b'-- Installing: /home/abc/ws01_plumbing/install/cpp001_sun/share/ament_index/resource_index/parent_prefix_path/cpp001_sun\n'}
[13.774595] (cpp001_sun) StdoutLine: {'line': b'-- Installing: /home/abc/ws01_plumbing/install/cpp001_sun/share/cpp001_sun/environment/ament_prefix_path.sh\n'}
[13.774623] (cpp001_sun) StdoutLine: {'line': b'-- Installing: /home/abc/ws01_plumbing/install/cpp001_sun/share/cpp001_sun/environment/ament_prefix_path.dsv\n'}
[13.774649] (cpp001_sun) StdoutLine: {'line': b'-- Installing: /home/abc/ws01_plumbing/install/cpp001_sun/share/cpp001_sun/environment/path.sh\n'}
[13.774675] (cpp001_sun) StdoutLine: {'line': b'-- Installing: /home/abc/ws01_plumbing/install/cpp001_sun/share/cpp001_sun/environment/path.dsv\n'}
[13.774700] (cpp001_sun) StdoutLine: {'line': b'-- Installing: /home/abc/ws01_plumbing/install/cpp001_sun/share/cpp001_sun/local_setup.bash\n'}
[13.774726] (cpp001_sun) StdoutLine: {'line': b'-- Installing: /home/abc/ws01_plumbing/install/cpp001_sun/share/cpp001_sun/local_setup.sh\n'}
[13.778156] (cpp001_sun) StdoutLine: {'line': b'-- Installing: /home/abc/ws01_plumbing/install/cpp001_sun/share/cpp001_sun/local_setup.zsh\n'}
[13.778454] (cpp001_sun) StdoutLine: {'line': b'-- Installing: /home/abc/ws01_plumbing/install/cpp001_sun/share/cpp001_sun/local_setup.dsv\n'}
[13.778521] (cpp001_sun) StdoutLine: {'line': b'-- Installing: /home/abc/ws01_plumbing/install/cpp001_sun/share/cpp001_sun/package.dsv\n'}
[13.783921] (cpp001_sun) StdoutLine: {'line': b'-- Installing: /home/abc/ws01_plumbing/install/cpp001_sun/share/ament_index/resource_index/packages/cpp001_sun\n'}
[13.784113] (cpp001_sun) StdoutLine: {'line': b'-- Installing: /home/abc/ws01_plumbing/install/cpp001_sun/share/cpp001_sun/cmake/cpp001_sunConfig.cmake\n'}
[13.784148] (cpp001_sun) StdoutLine: {'line': b'-- Installing: /home/abc/ws01_plumbing/install/cpp001_sun/share/cpp001_sun/cmake/cpp001_sunConfig-version.cmake\n'}
[13.784176] (cpp001_sun) StdoutLine: {'line': b'-- Installing: /home/abc/ws01_plumbing/install/cpp001_sun/share/cpp001_sun/package.xml\n'}
[13.831503] (cpp001_sun) CommandEnded: {'returncode': 0}
[13.871237] (-) TimerEvent: {}
[13.919813] (cpp001_sun) JobEnded: {'identifier': 'cpp001_sun', 'rc': 0}
[13.921083] (cpp05_names) JobStarted: {'identifier': 'cpp05_names'}
[13.974298] (cpp05_names) JobProgress: {'identifier': 'cpp05_names', 'progress': 'cmake'}
[13.974420] (-) TimerEvent: {}
[13.974564] (cpp05_names) Command: {'cmd': ['/usr/bin/cmake', '/home/abc/ws01_plumbing/src/cpp05_names', '-DCMAKE_INSTALL_PREFIX=/home/abc/ws01_plumbing/install/cpp05_names'], 'cwd': '/home/abc/ws01_plumbing/build/cpp05_names', 'env': OrderedDict([('PYTHON_BASIC_REPL', '1'), ('LESSOPEN', '| /usr/bin/lesspipe %s'), ('LANGUAGE', 'zh_CN:zh'), ('USER', 'abc'), ('SSH_CLIENT', '192.168.150.1 55401 22'), ('XDG_SESSION_TYPE', 'tty'), ('GIT_ASKPASS', '/home/abc/.vscode-server/cli/servers/Stable-585eba7c0c34fd6b30faac7c62a42050bfbc0086/server/extensions/git/dist/askpass.sh'), ('SHLVL', '1'), ('LD_LIBRARY_PATH', '/opt/ros/humble/opt/rviz_ogre_vendor/lib:/opt/ros/humble/lib/x86_64-linux-gnu:/opt/ros/humble/lib'), ('BROWSER', '/home/abc/.vscode-server/cli/servers/Stable-585eba7c0c34fd6b30faac7c62a42050bfbc0086/server/bin/helpers/browser.sh'), ('MOTD_SHOWN', 'pam'), ('HOME', '/home/abc'), ('TERM_PROGRAM_VERSION', '1.108.1'), ('VSCODE_IPC_HOOK_CLI', '/run/user/1000/vscode-ipc-f7f99b24-bc5b-43d6-947e-2a9efb26413d.sock'), ('ROS_PYTHON_VERSION', '3'), ('VSCODE_GIT_ASKPASS_MAIN', '/home/abc/.vscode-server/cli/servers/Stable-585eba7c0c34fd6b30faac7c62a42050bfbc0086/server/extensions/git/dist/askpass-main.js'), ('VSCODE_GIT_ASKPASS_NODE', '/home/abc/.vscode-server/cli/servers/Stable-585eba7c0c34fd6b30faac7c62a42050bfbc0086/server/node'), ('SSL_CERT_FILE', '/usr/lib/ssl/certs/ca-certificates.crt'), ('PYDEVD_DISABLE_FILE_VALIDATION', '1'), ('BUNDLED_DEBUGPY_PATH', '/home/abc/.vscode-server/extensions/ms-python.debugpy-2025.18.0/bundled/libs/debugpy'), ('VSCODE_PYTHON_AUTOACTIVATE_GUARD', '1'), ('DBUS_SESSION_BUS_ADDRESS', 'unix:path=/run/user/1000/bus'), ('COLORTERM', 'truecolor'), ('ROS_DISTRO', 'humble'), ('LOGNAME', 'abc'), ('_', '/usr/bin/colcon'), ('ROS_VERSION', '2'), ('XDG_SESSION_CLASS', 'user'), ('TERM', 'xterm-256color'), ('XDG_SESSION_ID', '4'), ('ROS_LOCALHOST_ONLY', '0'), ('PATH', '/opt/loongson-gcc/bin:/home/abc/.vscode-server/data/User/globalStorage/github.copilot-chat/debugCommand:/home/abc/.vscode-server/data/User/globalStorage/github.copilot-chat/copilotCli:/home/abc/.vscode-server/cli/servers/Stable-585eba7c0c34fd6b30faac7c62a42050bfbc0086/server/bin/remote-cli:/opt/loongson-gcc/bin:/opt/ros/humble/bin:/usr/local/sbin:/usr/local/bin:/usr/sbin:/usr/bin:/sbin:/bin:/usr/games:/usr/local/games:/snap/bin:/home/abc/.vscode-server/extensions/ms-python.debugpy-2025.18.0/bundled/scripts/noConfigScripts'), ('XDG_RUNTIME_DIR', '/run/user/1000'), ('SSL_CERT_DIR', '/usr/lib/ssl/certs'), ('VSCODE_DEBUGPY_ADAPTER_ENDPOINTS', '/home/abc/.vscode-server/extensions/ms-python.debugpy-2025.18.0/.noConfigDebugAdapterEndpoints/endpoint-eb3adf4cb764e782.txt'), ('LANG', 'zh_CN.UTF-8'), ('PYTHONSTARTUP', '/home/abc/.vscode-server/data/User/workspaceStorage/20b236a14418f8956cef225c8512416f/ms-python.python/pythonrc.py'), ('LS_COLORS', 'rs=0:di=01;34:ln=01;36:mh=00:pi=40;33:so=01;35:do=01;35:bd=40;33;01:cd=40;33;01:or=40;31;01:mi=00:su=37;41:sg=30;43:ca=30;41:tw=30;42:ow=34;42:st=37;44:ex=01;32:*.tar=01;31:*.tgz=01;31:*.arc=01;31:*.arj=01;31:*.taz=01;31:*.lha=01;31:*.lz4=01;31:*.lzh=01;31:*.lzma=01;31:*.tlz=01;31:*.txz=01;31:*.tzo=01;31:*.t7z=01;31:*.zip=01;31:*.z=01;31:*.dz=01;31:*.gz=01;31:*.lrz=01;31:*.lz=01;31:*.lzo=01;31:*.xz=01;31:*.zst=01;31:*.tzst=01;31:*.bz2=01;31:*.bz=01;31:*.tbz=01;31:*.tbz2=01;31:*.tz=01;31:*.deb=01;31:*.rpm=01;31:*.jar=01;31:*.war=01;31:*.ear=01;31:*.sar=01;31:*.rar=01;31:*.alz=01;31:*.ace=01;31:*.zoo=01;31:*.cpio=01;31:*.7z=01;31:*.rz=01;31:*.cab=01;31:*.wim=01;31:*.swm=01;31:*.dwm=01;31:*.esd=01;31:*.jpg=01;35:*.jpeg=01;35:*.mjpg=01;35:*.mjpeg=01;35:*.gif=01;35:*.bmp=01;35:*.pbm=01;35:*.pgm=01;35:*.ppm=01;35:*.tga=01;35:*.xbm=01;35:*.xpm=01;35:*.tif=01;35:*.tiff=01;35:*.png=01;35:*.svg=01;35:*.svgz=01;35:*.mng=01;35:*.pcx=01;35:*.mov=01;35:*.mpg=01;35:*.mpeg=01;35:*.m2v=01;35:*.mkv=01;35:*.webm=01;35:*.webp=01;35:*.ogm=01;35:*.mp4=01;35:*.m4v=01;35:*.mp4v=01;35:*.vob=01;35:*.qt=01;35:*.nuv=01;35:*.wmv=01;35:*.asf=01;35:*.rm=01;35:*.rmvb=01;35:*.flc=01;35:*.avi=01;35:*.fli=01;35:*.flv=01;35:*.gl=01;35:*.dl=01;35:*.xcf=01;35:*.xwd=01;35:*.yuv=01;35:*.cgm=01;35:*.emf=01;35:*.ogv=01;35:*.ogx=01;35:*.aac=00;36:*.au=00;36:*.flac=00;36:*.m4a=00;36:*.mid=00;36:*.midi=00;36:*.mka=00;36:*.mp3=00;36:*.mpc=00;36:*.ogg=00;36:*.ra=00;36:*.wav=00;36:*.oga=00;36:*.opus=00;36:*.spx=00;36:*.xspf=00;36:'), ('VSCODE_GIT_IPC_HANDLE', '/run/user/1000/vscode-git-91c7b8982f.sock'), ('TERM_PROGRAM', 'vscode'), ('AMENT_PREFIX_PATH', '/opt/ros/humble'), ('SHELL', '/bin/bash'), ('LESSCLOSE', '/usr/bin/lesspipe %s %s'), ('VSCODE_GIT_ASKPASS_EXTRA_ARGS', ''), ('PWD', '/home/abc/ws01_plumbing/build/cpp05_names'), ('SSH_CONNECTION', '192.168.150.1 55401 192.168.150.128 22'), ('XDG_DATA_DIRS', '/usr/share/gnome:/usr/local/share:/usr/share:/var/lib/snapd/desktop'), ('PYTHONPATH', '/opt/ros/humble/lib/python3.10/site-packages:/opt/ros/humble/local/lib/python3.10/dist-packages'), ('COLCON', '1'), ('CMAKE_PREFIX_PATH', '/opt/ros/humble')]), 'shell': False}
[14.076973] (-) TimerEvent: {}
[14.177648] (-) TimerEvent: {}
[14.278326] (-) TimerEvent: {}
[14.378934] (-) TimerEvent: {}
[14.480924] (-) TimerEvent: {}
[14.518662] (cpp05_names) StdoutLine: {'line': b'-- The C compiler identification is GNU 11.4.0\n'}
[14.583787] (-) TimerEvent: {}
[14.695688] (-) TimerEvent: {}
[14.796669] (-) TimerEvent: {}
[14.880987] (cpp05_names) StdoutLine: {'line': b'-- The CXX compiler identification is GNU 11.4.0\n'}
[14.897034] (-) TimerEvent: {}
[14.940344] (cpp05_names) StdoutLine: {'line': b'-- Detecting C compiler ABI info\n'}
[14.997170] (-) TimerEvent: {}
[15.098755] (-) TimerEvent: {}
[15.201973] (-) TimerEvent: {}
[15.304859] (-) TimerEvent: {}
[15.367075] (cpp05_names) StdoutLine: {'line': b'-- Detecting C compiler ABI info - done\n'}
[15.374750] (cpp05_names) StdoutLine: {'line': b'-- Check for working C compiler: /usr/bin/cc - skipped\n'}
[15.376142] (cpp05_names) StdoutLine: {'line': b'-- Detecting C compile features\n'}
[15.396878] (cpp05_names) StdoutLine: {'line': b'-- Detecting C compile features - done\n'}
[15.405464] (-) TimerEvent: {}
[15.419833] (cpp05_names) StdoutLine: {'line': b'-- Detecting CXX compiler ABI info\n'}
[15.505659] (-) TimerEvent: {}
[15.607829] (-) TimerEvent: {}
[15.721493] (-) TimerEvent: {}
[15.823702] (-) TimerEvent: {}
[15.928863] (-) TimerEvent: {}
[16.030196] (-) TimerEvent: {}
[16.109076] (cpp05_names) StdoutLine: {'line': b'-- Detecting CXX compiler ABI info - done\n'}
[16.130413] (-) TimerEvent: {}
[16.138881] (cpp05_names) StdoutLine: {'line': b'-- Check for working CXX compiler: /usr/bin/c++ - skipped\n'}
[16.140876] (cpp05_names) StdoutLine: {'line': b'-- Detecting CXX compile features\n'}
[16.141107] (cpp05_names) StdoutLine: {'line': b'-- Detecting CXX compile features - done\n'}
[16.183537] (cpp05_names) StdoutLine: {'line': b'-- Found ament_cmake: 1.3.11 (/opt/ros/humble/share/ament_cmake/cmake)\n'}
[16.234496] (-) TimerEvent: {}
[16.336722] (-) TimerEvent: {}
[16.437856] (-) TimerEvent: {}
[16.538915] (-) TimerEvent: {}
[16.640623] (-) TimerEvent: {}
[16.745717] (-) TimerEvent: {}
[16.856821] (-) TimerEvent: {}
[16.920318] (cpp05_names) StdoutLine: {'line': b'-- Found Python3: /usr/bin/python3 (found version "3.10.12") found components: Interpreter \n'}
[16.957842] (-) TimerEvent: {}
[17.059249] (-) TimerEvent: {}
[17.160048] (-) TimerEvent: {}
[17.260856] (-) TimerEvent: {}
[17.361224] (-) TimerEvent: {}
[17.370290] (cpp05_names) StdoutLine: {'line': b'-- Found rclcpp: 16.0.11 (/opt/ros/humble/share/rclcpp/cmake)\n'}
[17.462797] (-) TimerEvent: {}
[17.567525] (-) TimerEvent: {}
[17.603334] (cpp05_names) StdoutLine: {'line': b'-- Found rosidl_generator_c: 3.1.6 (/opt/ros/humble/share/rosidl_generator_c/cmake)\n'}
[17.629865] (cpp05_names) StdoutLine: {'line': b'-- Found rosidl_adapter: 3.1.6 (/opt/ros/humble/share/rosidl_adapter/cmake)\n'}
[17.648882] (cpp05_names) StdoutLine: {'line': b'-- Found rosidl_generator_cpp: 3.1.6 (/opt/ros/humble/share/rosidl_generator_cpp/cmake)\n'}
[17.668103] (-) TimerEvent: {}
[17.682394] (cpp05_names) StdoutLine: {'line': b'-- Using all available rosidl_typesupport_c: rosidl_typesupport_fastrtps_c;rosidl_typesupport_introspection_c\n'}
[17.715266] (cpp05_names) StdoutLine: {'line': b'-- Using all available rosidl_typesupport_cpp: rosidl_typesupport_fastrtps_cpp;rosidl_typesupport_introspection_cpp\n'}
[17.738421] (cpp01_topic) StderrLine: {'line': b'\x1b[01m\x1b[K/home/abc/ws01_plumbing/src/cpp01_topic/src/demo03_talker_stu.cpp:\x1b[m\x1b[K In constructor \xe2\x80\x98\x1b[01m\x1b[KTalkerStu::TalkerStu()\x1b[m\x1b[K\xe2\x80\x99:\n'}
[17.740200] (cpp01_topic) StderrLine: {'line': b'\x1b[01m\x1b[K/home/abc/ws01_plumbing/src/cpp01_topic/src/demo03_talker_stu.cpp:22:43:\x1b[m\x1b[K \x1b[01;31m\x1b[Kerror: \x1b[m\x1b[Kexpected \xe2\x80\x98\x1b[01m\x1b[K{\x1b[m\x1b[K\xe2\x80\x99 before \xe2\x80\x98\x1b[01m\x1b[Kage\x1b[m\x1b[K\xe2\x80\x99\n'}
[17.741094] (cpp01_topic) StderrLine: {'line': b'   22 |     TalkerStu():Node("talkerstu_node_cpp")\x1b[01;31m\x1b[Kage\x1b[m\x1b[K(0){\n'}
[17.741238] (cpp01_topic) StderrLine: {'line': b'      |                                           \x1b[01;31m\x1b[K^~~\x1b[m\x1b[K\n'}
[17.768230] (-) TimerEvent: {}
[17.813423] (cpp05_names) StdoutLine: {'line': b'-- Found rmw_implementation_cmake: 6.1.2 (/opt/ros/humble/share/rmw_implementation_cmake/cmake)\n'}
[17.822004] (cpp05_names) StdoutLine: {'line': b'-- Found rmw_fastrtps_cpp: 6.2.7 (/opt/ros/humble/share/rmw_fastrtps_cpp/cmake)\n'}
[17.868609] (-) TimerEvent: {}
[17.969439] (-) TimerEvent: {}
[18.071007] (-) TimerEvent: {}
[18.177895] (-) TimerEvent: {}
[18.285678] (-) TimerEvent: {}
[18.394374] (cpp05_names) StdoutLine: {'line': b'-- Found OpenSSL: /usr/lib/x86_64-linux-gnu/libcrypto.so (found version "3.0.2")  \n'}
[18.395867] (-) TimerEvent: {}
[18.496698] (-) TimerEvent: {}
[18.598519] (-) TimerEvent: {}
[18.703490] (-) TimerEvent: {}
[18.812100] (-) TimerEvent: {}
[18.921354] (-) TimerEvent: {}
[19.005550] (cpp05_names) StdoutLine: {'line': b'-- Found FastRTPS: /opt/ros/humble/include  \n'}
[19.023185] (-) TimerEvent: {}
[19.128171] (-) TimerEvent: {}
[19.235398] (-) TimerEvent: {}
[19.355181] (-) TimerEvent: {}
[19.488961] (-) TimerEvent: {}
[19.619760] (-) TimerEvent: {}
[19.780144] (-) TimerEvent: {}
[20.145055] (-) TimerEvent: {}
[20.278462] (-) TimerEvent: {}
[20.426878] (-) TimerEvent: {}
[21.067820] (-) TimerEvent: {}
[21.298611] (-) TimerEvent: {}
[21.422197] (-) TimerEvent: {}
[21.561049] (-) TimerEvent: {}
[21.693370] (-) TimerEvent: {}
[21.824316] (-) TimerEvent: {}
[21.855136] (cpp05_names) StdoutLine: {'line': b"-- Using RMW implementation 'rmw_fastrtps_cpp' as default\n"}
[21.936291] (-) TimerEvent: {}
[22.119466] (cpp05_names) StdoutLine: {'line': b'-- Looking for pthread.h\n'}
[22.121466] (-) TimerEvent: {}
[22.222706] (-) TimerEvent: {}
[22.323835] (-) TimerEvent: {}
[22.425305] (-) TimerEvent: {}
[22.527603] (-) TimerEvent: {}
[22.631322] (-) TimerEvent: {}
[22.732450] (-) TimerEvent: {}
[22.801364] (cpp05_names) StdoutLine: {'line': b'-- Looking for pthread.h - found\n'}
[22.801569] (cpp05_names) StdoutLine: {'line': b'-- Performing Test CMAKE_HAVE_LIBC_PTHREAD\n'}
[22.832904] (-) TimerEvent: {}
[22.937860] (-) TimerEvent: {}
[23.046627] (-) TimerEvent: {}
[23.095174] (cpp05_names) StdoutLine: {'line': b'-- Performing Test CMAKE_HAVE_LIBC_PTHREAD - Success\n'}
[23.124985] (cpp05_names) StdoutLine: {'line': b'-- Found Threads: TRUE  \n'}
[23.149995] (-) TimerEvent: {}
[23.261872] (-) TimerEvent: {}
[23.372350] (-) TimerEvent: {}
[23.475272] (-) TimerEvent: {}
[23.563827] (cpp05_names) StdoutLine: {'line': b'-- Found ament_lint_auto: 0.12.11 (/opt/ros/humble/share/ament_lint_auto/cmake)\n'}
[23.577401] (-) TimerEvent: {}
[23.678926] (-) TimerEvent: {}
[23.782518] (-) TimerEvent: {}
[23.883492] (-) TimerEvent: {}
[23.943454] (cpp03_action) StdoutLine: {'line': b'[ 75%] \x1b[32m\x1b[1mLinking CXX executable demo01_action_server\x1b[0m\n'}
[23.984206] (-) TimerEvent: {}
[24.022081] (cpp05_names) StdoutLine: {'line': b"-- Added test 'cppcheck' to perform static code analysis on C / C++ code\n"}
[24.022272] (cpp05_names) StdoutLine: {'line': b'-- Configured cppcheck include dirs: $<BUILD_INTERFACE:/home/abc/ws01_plumbing/src/cpp05_names/include>\n'}
[24.022310] (cpp05_names) StdoutLine: {'line': b'-- Configured cppcheck exclude dirs and/or files: \n'}
[24.022340] (cpp05_names) StdoutLine: {'line': b"-- Added test 'flake8' to check Python code syntax and style conventions\n"}
[24.022370] (cpp05_names) StdoutLine: {'line': b"-- Added test 'lint_cmake' to check CMake code style\n"}
[24.022398] (cpp05_names) StdoutLine: {'line': b"-- Added test 'pep257' to check Python code against some of the docstring style conventions in PEP 257\n"}
[24.022426] (cpp05_names) StdoutLine: {'line': b"-- Added test 'uncrustify' to check C / C++ code style\n"}
[24.022453] (cpp05_names) StdoutLine: {'line': b'-- Configured uncrustify additional arguments: \n'}
[24.022479] (cpp05_names) StdoutLine: {'line': b"-- Added test 'xmllint' to check XML markup files\n"}
[24.025989] (cpp05_names) StdoutLine: {'line': b'-- Configuring done\n'}
[24.086298] (-) TimerEvent: {}
[24.145487] (cpp05_names) StdoutLine: {'line': b'-- Generating done\n'}
[24.186622] (cpp05_names) StdoutLine: {'line': b'-- Build files have been written to: /home/abc/ws01_plumbing/build/cpp05_names\n'}
[24.186904] (-) TimerEvent: {}
[24.289193] (-) TimerEvent: {}
[24.355562] (cpp05_names) CommandEnded: {'returncode': 0}
[24.377945] (cpp05_names) JobProgress: {'identifier': 'cpp05_names', 'progress': 'build'}
[24.378034] (cpp05_names) Command: {'cmd': ['/usr/bin/cmake', '--build', '/home/abc/ws01_plumbing/build/cpp05_names', '--', '-j4', '-l4'], 'cwd': '/home/abc/ws01_plumbing/build/cpp05_names', 'env': OrderedDict([('PYTHON_BASIC_REPL', '1'), ('LESSOPEN', '| /usr/bin/lesspipe %s'), ('LANGUAGE', 'zh_CN:zh'), ('USER', 'abc'), ('SSH_CLIENT', '192.168.150.1 55401 22'), ('XDG_SESSION_TYPE', 'tty'), ('GIT_ASKPASS', '/home/abc/.vscode-server/cli/servers/Stable-585eba7c0c34fd6b30faac7c62a42050bfbc0086/server/extensions/git/dist/askpass.sh'), ('SHLVL', '1'), ('LD_LIBRARY_PATH', '/opt/ros/humble/opt/rviz_ogre_vendor/lib:/opt/ros/humble/lib/x86_64-linux-gnu:/opt/ros/humble/lib'), ('BROWSER', '/home/abc/.vscode-server/cli/servers/Stable-585eba7c0c34fd6b30faac7c62a42050bfbc0086/server/bin/helpers/browser.sh'), ('MOTD_SHOWN', 'pam'), ('HOME', '/home/abc'), ('TERM_PROGRAM_VERSION', '1.108.1'), ('VSCODE_IPC_HOOK_CLI', '/run/user/1000/vscode-ipc-f7f99b24-bc5b-43d6-947e-2a9efb26413d.sock'), ('ROS_PYTHON_VERSION', '3'), ('VSCODE_GIT_ASKPASS_MAIN', '/home/abc/.vscode-server/cli/servers/Stable-585eba7c0c34fd6b30faac7c62a42050bfbc0086/server/extensions/git/dist/askpass-main.js'), ('VSCODE_GIT_ASKPASS_NODE', '/home/abc/.vscode-server/cli/servers/Stable-585eba7c0c34fd6b30faac7c62a42050bfbc0086/server/node'), ('SSL_CERT_FILE', '/usr/lib/ssl/certs/ca-certificates.crt'), ('PYDEVD_DISABLE_FILE_VALIDATION', '1'), ('BUNDLED_DEBUGPY_PATH', '/home/abc/.vscode-server/extensions/ms-python.debugpy-2025.18.0/bundled/libs/debugpy'), ('VSCODE_PYTHON_AUTOACTIVATE_GUARD', '1'), ('DBUS_SESSION_BUS_ADDRESS', 'unix:path=/run/user/1000/bus'), ('COLORTERM', 'truecolor'), ('ROS_DISTRO', 'humble'), ('LOGNAME', 'abc'), ('_', '/usr/bin/colcon'), ('ROS_VERSION', '2'), ('XDG_SESSION_CLASS', 'user'), ('TERM', 'xterm-256color'), ('XDG_SESSION_ID', '4'), ('ROS_LOCALHOST_ONLY', '0'), ('PATH', '/opt/loongson-gcc/bin:/home/abc/.vscode-server/data/User/globalStorage/github.copilot-chat/debugCommand:/home/abc/.vscode-server/data/User/globalStorage/github.copilot-chat/copilotCli:/home/abc/.vscode-server/cli/servers/Stable-585eba7c0c34fd6b30faac7c62a42050bfbc0086/server/bin/remote-cli:/opt/loongson-gcc/bin:/opt/ros/humble/bin:/usr/local/sbin:/usr/local/bin:/usr/sbin:/usr/bin:/sbin:/bin:/usr/games:/usr/local/games:/snap/bin:/home/abc/.vscode-server/extensions/ms-python.debugpy-2025.18.0/bundled/scripts/noConfigScripts'), ('XDG_RUNTIME_DIR', '/run/user/1000'), ('SSL_CERT_DIR', '/usr/lib/ssl/certs'), ('VSCODE_DEBUGPY_ADAPTER_ENDPOINTS', '/home/abc/.vscode-server/extensions/ms-python.debugpy-2025.18.0/.noConfigDebugAdapterEndpoints/endpoint-eb3adf4cb764e782.txt'), ('LANG', 'zh_CN.UTF-8'), ('PYTHONSTARTUP', '/home/abc/.vscode-server/data/User/workspaceStorage/20b236a14418f8956cef225c8512416f/ms-python.python/pythonrc.py'), ('LS_COLORS', 'rs=0:di=01;34:ln=01;36:mh=00:pi=40;33:so=01;35:do=01;35:bd=40;33;01:cd=40;33;01:or=40;31;01:mi=00:su=37;41:sg=30;43:ca=30;41:tw=30;42:ow=34;42:st=37;44:ex=01;32:*.tar=01;31:*.tgz=01;31:*.arc=01;31:*.arj=01;31:*.taz=01;31:*.lha=01;31:*.lz4=01;31:*.lzh=01;31:*.lzma=01;31:*.tlz=01;31:*.txz=01;31:*.tzo=01;31:*.t7z=01;31:*.zip=01;31:*.z=01;31:*.dz=01;31:*.gz=01;31:*.lrz=01;31:*.lz=01;31:*.lzo=01;31:*.xz=01;31:*.zst=01;31:*.tzst=01;31:*.bz2=01;31:*.bz=01;31:*.tbz=01;31:*.tbz2=01;31:*.tz=01;31:*.deb=01;31:*.rpm=01;31:*.jar=01;31:*.war=01;31:*.ear=01;31:*.sar=01;31:*.rar=01;31:*.alz=01;31:*.ace=01;31:*.zoo=01;31:*.cpio=01;31:*.7z=01;31:*.rz=01;31:*.cab=01;31:*.wim=01;31:*.swm=01;31:*.dwm=01;31:*.esd=01;31:*.jpg=01;35:*.jpeg=01;35:*.mjpg=01;35:*.mjpeg=01;35:*.gif=01;35:*.bmp=01;35:*.pbm=01;35:*.pgm=01;35:*.ppm=01;35:*.tga=01;35:*.xbm=01;35:*.xpm=01;35:*.tif=01;35:*.tiff=01;35:*.png=01;35:*.svg=01;35:*.svgz=01;35:*.mng=01;35:*.pcx=01;35:*.mov=01;35:*.mpg=01;35:*.mpeg=01;35:*.m2v=01;35:*.mkv=01;35:*.webm=01;35:*.webp=01;35:*.ogm=01;35:*.mp4=01;35:*.m4v=01;35:*.mp4v=01;35:*.vob=01;35:*.qt=01;35:*.nuv=01;35:*.wmv=01;35:*.asf=01;35:*.rm=01;35:*.rmvb=01;35:*.flc=01;35:*.avi=01;35:*.fli=01;35:*.flv=01;35:*.gl=01;35:*.dl=01;35:*.xcf=01;35:*.xwd=01;35:*.yuv=01;35:*.cgm=01;35:*.emf=01;35:*.ogv=01;35:*.ogx=01;35:*.aac=00;36:*.au=00;36:*.flac=00;36:*.m4a=00;36:*.mid=00;36:*.midi=00;36:*.mka=00;36:*.mp3=00;36:*.mpc=00;36:*.ogg=00;36:*.ra=00;36:*.wav=00;36:*.oga=00;36:*.opus=00;36:*.spx=00;36:*.xspf=00;36:'), ('VSCODE_GIT_IPC_HANDLE', '/run/user/1000/vscode-git-91c7b8982f.sock'), ('TERM_PROGRAM', 'vscode'), ('AMENT_PREFIX_PATH', '/opt/ros/humble'), ('SHELL', '/bin/bash'), ('LESSCLOSE', '/usr/bin/lesspipe %s %s'), ('VSCODE_GIT_ASKPASS_EXTRA_ARGS', ''), ('PWD', '/home/abc/ws01_plumbing/build/cpp05_names'), ('SSH_CONNECTION', '192.168.150.1 55401 192.168.150.128 22'), ('XDG_DATA_DIRS', '/usr/share/gnome:/usr/local/share:/usr/share:/var/lib/snapd/desktop'), ('PYTHONPATH', '/opt/ros/humble/lib/python3.10/site-packages:/opt/ros/humble/local/lib/python3.10/dist-packages'), ('COLCON', '1'), ('CMAKE_PREFIX_PATH', '/opt/ros/humble')]), 'shell': False}
[24.390882] (-) TimerEvent: {}
[24.496649] (-) TimerEvent: {}
[24.598675] (-) TimerEvent: {}
[24.668658] (cpp05_names) StdoutLine: {'line': b'[ 50%] \x1b[32mBuilding CXX object CMakeFiles/demo01_names.dir/src/demo01_names.cpp.o\x1b[0m\n'}
[24.698851] (-) TimerEvent: {}
[24.806663] (-) TimerEvent: {}
[24.911401] (-) TimerEvent: {}
[25.028761] (-) TimerEvent: {}
[25.130862] (-) TimerEvent: {}
[25.207203] (cpp03_action) StdoutLine: {'line': b'[ 75%] Built target demo01_action_server\n'}
[25.231136] (-) TimerEvent: {}
[25.336226] (-) TimerEvent: {}
[25.445550] (-) TimerEvent: {}
[25.552989] (-) TimerEvent: {}
[25.653551] (-) TimerEvent: {}
[25.754524] (-) TimerEvent: {}
[25.856853] (-) TimerEvent: {}
[25.970777] (-) TimerEvent: {}
[26.071150] (-) TimerEvent: {}
[26.172596] (-) TimerEvent: {}
[26.275120] (-) TimerEvent: {}
[26.384144] (-) TimerEvent: {}
[26.489045] (-) TimerEvent: {}
[26.589947] (-) TimerEvent: {}
[26.690466] (-) TimerEvent: {}
[26.791434] (-) TimerEvent: {}
[26.893613] (-) TimerEvent: {}
[26.997265] (-) TimerEvent: {}
[27.098501] (-) TimerEvent: {}
[27.200727] (-) TimerEvent: {}
[27.311913] (-) TimerEvent: {}
[27.413285] (-) TimerEvent: {}
[27.513927] (-) TimerEvent: {}
[27.614349] (-) TimerEvent: {}
[27.714924] (-) TimerEvent: {}
[27.816833] (-) TimerEvent: {}
[27.918296] (-) TimerEvent: {}
[28.019239] (-) TimerEvent: {}
[28.120921] (-) TimerEvent: {}
[28.222234] (-) TimerEvent: {}
[28.323507] (-) TimerEvent: {}
[28.426546] (-) TimerEvent: {}
[28.531000] (-) TimerEvent: {}
[28.632857] (-) TimerEvent: {}
[28.734265] (-) TimerEvent: {}
[28.815888] (cpp04_param) StdoutLine: {'line': b'[ 66%] \x1b[32m\x1b[1mLinking CXX executable demo01_param_server\x1b[0m\n'}
[28.834450] (-) TimerEvent: {}
[28.936744] (-) TimerEvent: {}
[29.014693] (cpp04_param) StderrLine: {'line': b'\x1b[01m\x1b[K/home/abc/ws01_plumbing/src/cpp04_param/src/demo02_param_client.cpp:\x1b[m\x1b[K In member function \xe2\x80\x98\x1b[01m\x1b[Kbool ParamClient::connect_server()\x1b[m\x1b[K\xe2\x80\x99:\n'}
[29.022118] (cpp04_param) StderrLine: {'line': b'\x1b[01m\x1b[K/home/abc/ws01_plumbing/src/cpp04_param/src/demo02_param_client.cpp:49:5:\x1b[m\x1b[K \x1b[01;35m\x1b[Kwarning: \x1b[m\x1b[Kcontrol reaches end of non-void function [\x1b[01;35m\x1b[K\x1b]8;;https://gcc.gnu.org/onlinedocs/gcc/Warning-Options.html#index-Wreturn-type\x07-Wreturn-type\x1b]8;;\x07\x1b[m\x1b[K]\n'}
[29.025063] (cpp04_param) StderrLine: {'line': b'   49 |     \x1b[01;35m\x1b[K}\x1b[m\x1b[K\n'}
[29.025450] (cpp04_param) StderrLine: {'line': b'      |     \x1b[01;35m\x1b[K^\x1b[m\x1b[K\n'}
[29.037304] (-) TimerEvent: {}
[29.081864] (cpp04_param) StdoutLine: {'line': b'[ 66%] Built target demo01_param_server\n'}
[29.137587] (-) TimerEvent: {}
[29.241197] (-) TimerEvent: {}
[29.342245] (-) TimerEvent: {}
[29.443202] (-) TimerEvent: {}
[29.540521] (cpp01_topic) StderrLine: {'line': b'gmake[2]: *** [CMakeFiles/demo03_talker_stu.dir/build.make:76\xef\xbc\x9aCMakeFiles/demo03_talker_stu.dir/src/demo03_talker_stu.cpp.o] \xe9\x94\x99\xe8\xaf\xaf 1\n'}
[29.543496] (-) TimerEvent: {}
[29.544893] (cpp01_topic) StderrLine: {'line': b'gmake[1]: *** [CMakeFiles/Makefile2:195\xef\xbc\x9aCMakeFiles/demo03_talker_stu.dir/all] \xe9\x94\x99\xe8\xaf\xaf 2\n'}
[29.545577] (cpp01_topic) StderrLine: {'line': b'gmake[1]: *** \xe6\xad\xa3\xe5\x9c\xa8\xe7\xad\x89\xe5\xbe\x85\xe6\x9c\xaa\xe5\xae\x8c\xe6\x88\x90\xe7\x9a\x84\xe4\xbb\xbb\xe5\x8a\xa1....\n'}
[29.643619] (-) TimerEvent: {}
[29.745426] (-) TimerEvent: {}
[29.820474] (cpp04_param) StdoutLine: {'line': b'[ 83%] \x1b[32m\x1b[1mLinking CXX executable demo02_param_client\x1b[0m\n'}
[29.848782] (-) TimerEvent: {}
[29.949535] (-) TimerEvent: {}
[30.050382] (-) TimerEvent: {}
[30.060633] (cpp04_param) StdoutLine: {'line': b'[ 83%] Built target demo02_param_client\n'}
[30.152041] (-) TimerEvent: {}
[30.252681] (-) TimerEvent: {}
[30.285552] (cpp04_param) StdoutLine: {'line': b'[100%] \x1b[32m\x1b[1mLinking CXX executable demo00_param\x1b[0m\n'}
[30.352849] (-) TimerEvent: {}
[30.395859] (cpp04_param) StdoutLine: {'line': b'[100%] Built target demo00_param\n'}
[30.453305] (cpp04_param) CommandEnded: {'returncode': 0}
[30.456790] (-) TimerEvent: {}
[30.464012] (cpp04_param) JobProgress: {'identifier': 'cpp04_param', 'progress': 'install'}
[30.467210] (cpp04_param) Command: {'cmd': ['/usr/bin/cmake', '--install', '/home/abc/ws01_plumbing/build/cpp04_param'], 'cwd': '/home/abc/ws01_plumbing/build/cpp04_param', 'env': OrderedDict([('PYTHON_BASIC_REPL', '1'), ('LESSOPEN', '| /usr/bin/lesspipe %s'), ('LANGUAGE', 'zh_CN:zh'), ('USER', 'abc'), ('SSH_CLIENT', '192.168.150.1 55401 22'), ('XDG_SESSION_TYPE', 'tty'), ('GIT_ASKPASS', '/home/abc/.vscode-server/cli/servers/Stable-585eba7c0c34fd6b30faac7c62a42050bfbc0086/server/extensions/git/dist/askpass.sh'), ('SHLVL', '1'), ('LD_LIBRARY_PATH', '/opt/ros/humble/opt/rviz_ogre_vendor/lib:/opt/ros/humble/lib/x86_64-linux-gnu:/opt/ros/humble/lib'), ('BROWSER', '/home/abc/.vscode-server/cli/servers/Stable-585eba7c0c34fd6b30faac7c62a42050bfbc0086/server/bin/helpers/browser.sh'), ('MOTD_SHOWN', 'pam'), ('HOME', '/home/abc'), ('TERM_PROGRAM_VERSION', '1.108.1'), ('VSCODE_IPC_HOOK_CLI', '/run/user/1000/vscode-ipc-f7f99b24-bc5b-43d6-947e-2a9efb26413d.sock'), ('ROS_PYTHON_VERSION', '3'), ('VSCODE_GIT_ASKPASS_MAIN', '/home/abc/.vscode-server/cli/servers/Stable-585eba7c0c34fd6b30faac7c62a42050bfbc0086/server/extensions/git/dist/askpass-main.js'), ('VSCODE_GIT_ASKPASS_NODE', '/home/abc/.vscode-server/cli/servers/Stable-585eba7c0c34fd6b30faac7c62a42050bfbc0086/server/node'), ('SSL_CERT_FILE', '/usr/lib/ssl/certs/ca-certificates.crt'), ('PYDEVD_DISABLE_FILE_VALIDATION', '1'), ('BUNDLED_DEBUGPY_PATH', '/home/abc/.vscode-server/extensions/ms-python.debugpy-2025.18.0/bundled/libs/debugpy'), ('VSCODE_PYTHON_AUTOACTIVATE_GUARD', '1'), ('DBUS_SESSION_BUS_ADDRESS', 'unix:path=/run/user/1000/bus'), ('COLORTERM', 'truecolor'), ('ROS_DISTRO', 'humble'), ('LOGNAME', 'abc'), ('_', '/usr/bin/colcon'), ('ROS_VERSION', '2'), ('XDG_SESSION_CLASS', 'user'), ('TERM', 'xterm-256color'), ('XDG_SESSION_ID', '4'), ('ROS_LOCALHOST_ONLY', '0'), ('PATH', '/opt/loongson-gcc/bin:/home/abc/.vscode-server/data/User/globalStorage/github.copilot-chat/debugCommand:/home/abc/.vscode-server/data/User/globalStorage/github.copilot-chat/copilotCli:/home/abc/.vscode-server/cli/servers/Stable-585eba7c0c34fd6b30faac7c62a42050bfbc0086/server/bin/remote-cli:/opt/loongson-gcc/bin:/opt/ros/humble/bin:/usr/local/sbin:/usr/local/bin:/usr/sbin:/usr/bin:/sbin:/bin:/usr/games:/usr/local/games:/snap/bin:/home/abc/.vscode-server/extensions/ms-python.debugpy-2025.18.0/bundled/scripts/noConfigScripts'), ('XDG_RUNTIME_DIR', '/run/user/1000'), ('SSL_CERT_DIR', '/usr/lib/ssl/certs'), ('VSCODE_DEBUGPY_ADAPTER_ENDPOINTS', '/home/abc/.vscode-server/extensions/ms-python.debugpy-2025.18.0/.noConfigDebugAdapterEndpoints/endpoint-eb3adf4cb764e782.txt'), ('LANG', 'zh_CN.UTF-8'), ('PYTHONSTARTUP', '/home/abc/.vscode-server/data/User/workspaceStorage/20b236a14418f8956cef225c8512416f/ms-python.python/pythonrc.py'), ('LS_COLORS', 'rs=0:di=01;34:ln=01;36:mh=00:pi=40;33:so=01;35:do=01;35:bd=40;33;01:cd=40;33;01:or=40;31;01:mi=00:su=37;41:sg=30;43:ca=30;41:tw=30;42:ow=34;42:st=37;44:ex=01;32:*.tar=01;31:*.tgz=01;31:*.arc=01;31:*.arj=01;31:*.taz=01;31:*.lha=01;31:*.lz4=01;31:*.lzh=01;31:*.lzma=01;31:*.tlz=01;31:*.txz=01;31:*.tzo=01;31:*.t7z=01;31:*.zip=01;31:*.z=01;31:*.dz=01;31:*.gz=01;31:*.lrz=01;31:*.lz=01;31:*.lzo=01;31:*.xz=01;31:*.zst=01;31:*.tzst=01;31:*.bz2=01;31:*.bz=01;31:*.tbz=01;31:*.tbz2=01;31:*.tz=01;31:*.deb=01;31:*.rpm=01;31:*.jar=01;31:*.war=01;31:*.ear=01;31:*.sar=01;31:*.rar=01;31:*.alz=01;31:*.ace=01;31:*.zoo=01;31:*.cpio=01;31:*.7z=01;31:*.rz=01;31:*.cab=01;31:*.wim=01;31:*.swm=01;31:*.dwm=01;31:*.esd=01;31:*.jpg=01;35:*.jpeg=01;35:*.mjpg=01;35:*.mjpeg=01;35:*.gif=01;35:*.bmp=01;35:*.pbm=01;35:*.pgm=01;35:*.ppm=01;35:*.tga=01;35:*.xbm=01;35:*.xpm=01;35:*.tif=01;35:*.tiff=01;35:*.png=01;35:*.svg=01;35:*.svgz=01;35:*.mng=01;35:*.pcx=01;35:*.mov=01;35:*.mpg=01;35:*.mpeg=01;35:*.m2v=01;35:*.mkv=01;35:*.webm=01;35:*.webp=01;35:*.ogm=01;35:*.mp4=01;35:*.m4v=01;35:*.mp4v=01;35:*.vob=01;35:*.qt=01;35:*.nuv=01;35:*.wmv=01;35:*.asf=01;35:*.rm=01;35:*.rmvb=01;35:*.flc=01;35:*.avi=01;35:*.fli=01;35:*.flv=01;35:*.gl=01;35:*.dl=01;35:*.xcf=01;35:*.xwd=01;35:*.yuv=01;35:*.cgm=01;35:*.emf=01;35:*.ogv=01;35:*.ogx=01;35:*.aac=00;36:*.au=00;36:*.flac=00;36:*.m4a=00;36:*.mid=00;36:*.midi=00;36:*.mka=00;36:*.mp3=00;36:*.mpc=00;36:*.ogg=00;36:*.ra=00;36:*.wav=00;36:*.oga=00;36:*.opus=00;36:*.spx=00;36:*.xspf=00;36:'), ('VSCODE_GIT_IPC_HANDLE', '/run/user/1000/vscode-git-91c7b8982f.sock'), ('TERM_PROGRAM', 'vscode'), ('AMENT_PREFIX_PATH', '/opt/ros/humble'), ('SHELL', '/bin/bash'), ('LESSCLOSE', '/usr/bin/lesspipe %s %s'), ('VSCODE_GIT_ASKPASS_EXTRA_ARGS', ''), ('PWD', '/home/abc/ws01_plumbing/build/cpp04_param'), ('SSH_CONNECTION', '192.168.150.1 55401 192.168.150.128 22'), ('XDG_DATA_DIRS', '/usr/share/gnome:/usr/local/share:/usr/share:/var/lib/snapd/desktop'), ('PYTHONPATH', '/opt/ros/humble/lib/python3.10/site-packages:/opt/ros/humble/local/lib/python3.10/dist-packages'), ('COLCON', '1'), ('CMAKE_PREFIX_PATH', '/opt/ros/humble')]), 'shell': False}
[30.484614] (cpp04_param) StdoutLine: {'line': b'-- Install configuration: ""\n'}
[30.486783] (cpp04_param) StdoutLine: {'line': b'-- Installing: /home/abc/ws01_plumbing/install/cpp04_param/lib/cpp04_param/demo00_param\n'}
[30.487046] (cpp04_param) StdoutLine: {'line': b'-- Set runtime path of "/home/abc/ws01_plumbing/install/cpp04_param/lib/cpp04_param/demo00_param" to ""\n'}
[30.487225] (cpp04_param) StdoutLine: {'line': b'-- Installing: /home/abc/ws01_plumbing/install/cpp04_param/lib/cpp04_param/demo01_param_server\n'}
[30.489383] (cpp04_param) StdoutLine: {'line': b'-- Set runtime path of "/home/abc/ws01_plumbing/install/cpp04_param/lib/cpp04_param/demo01_param_server" to ""\n'}
[30.489489] (cpp04_param) StdoutLine: {'line': b'-- Installing: /home/abc/ws01_plumbing/install/cpp04_param/lib/cpp04_param/demo02_param_client\n'}
[30.489524] (cpp04_param) StdoutLine: {'line': b'-- Set runtime path of "/home/abc/ws01_plumbing/install/cpp04_param/lib/cpp04_param/demo02_param_client" to ""\n'}
[30.490027] (cpp04_param) StdoutLine: {'line': b'-- Installing: /home/abc/ws01_plumbing/install/cpp04_param/share/ament_index/resource_index/package_run_dependencies/cpp04_param\n'}
[30.490518] (cpp04_param) StdoutLine: {'line': b'-- Installing: /home/abc/ws01_plumbing/install/cpp04_param/share/ament_index/resource_index/parent_prefix_path/cpp04_param\n'}
[30.493075] (cpp04_param) StdoutLine: {'line': b'-- Installing: /home/abc/ws01_plumbing/install/cpp04_param/share/cpp04_param/environment/ament_prefix_path.sh\n'}
[30.493373] (cpp04_param) StdoutLine: {'line': b'-- Installing: /home/abc/ws01_plumbing/install/cpp04_param/share/cpp04_param/environment/ament_prefix_path.dsv\n'}
[30.493442] (cpp04_param) StdoutLine: {'line': b'-- Installing: /home/abc/ws01_plumbing/install/cpp04_param/share/cpp04_param/environment/path.sh\n'}
[30.493641] (cpp04_param) StdoutLine: {'line': b'-- Installing: /home/abc/ws01_plumbing/install/cpp04_param/share/cpp04_param/environment/path.dsv\n'}
[30.494066] (cpp04_param) StdoutLine: {'line': b'-- Installing: /home/abc/ws01_plumbing/install/cpp04_param/share/cpp04_param/local_setup.bash\n'}
[30.494121] (cpp04_param) StdoutLine: {'line': b'-- Installing: /home/abc/ws01_plumbing/install/cpp04_param/share/cpp04_param/local_setup.sh\n'}
[30.494312] (cpp04_param) StdoutLine: {'line': b'-- Installing: /home/abc/ws01_plumbing/install/cpp04_param/share/cpp04_param/local_setup.zsh\n'}
[30.494451] (cpp04_param) StdoutLine: {'line': b'-- Installing: /home/abc/ws01_plumbing/install/cpp04_param/share/cpp04_param/local_setup.dsv\n'}
[30.495801] (cpp04_param) StdoutLine: {'line': b'-- Installing: /home/abc/ws01_plumbing/install/cpp04_param/share/cpp04_param/package.dsv\n'}
[30.496275] (cpp04_param) StdoutLine: {'line': b'-- Installing: /home/abc/ws01_plumbing/install/cpp04_param/share/ament_index/resource_index/packages/cpp04_param\n'}
[30.496604] (cpp04_param) StdoutLine: {'line': b'-- Installing: /home/abc/ws01_plumbing/install/cpp04_param/share/cpp04_param/cmake/cpp04_paramConfig.cmake\n'}
[30.497149] (cpp04_param) StdoutLine: {'line': b'-- Installing: /home/abc/ws01_plumbing/install/cpp04_param/share/cpp04_param/cmake/cpp04_paramConfig-version.cmake\n'}
[30.497544] (cpp04_param) StdoutLine: {'line': b'-- Installing: /home/abc/ws01_plumbing/install/cpp04_param/share/cpp04_param/package.xml\n'}
[30.507725] (cpp04_param) CommandEnded: {'returncode': 0}
[30.559032] (-) TimerEvent: {}
[30.600126] (cpp04_param) JobEnded: {'identifier': 'cpp04_param', 'rc': 0}
[30.608605] (cpp06_time) JobStarted: {'identifier': 'cpp06_time'}
[30.638167] (cpp06_time) JobProgress: {'identifier': 'cpp06_time', 'progress': 'cmake'}
[30.638753] (cpp06_time) Command: {'cmd': ['/usr/bin/cmake', '/home/abc/ws01_plumbing/src/cpp06_time', '-DCMAKE_INSTALL_PREFIX=/home/abc/ws01_plumbing/install/cpp06_time'], 'cwd': '/home/abc/ws01_plumbing/build/cpp06_time', 'env': OrderedDict([('PYTHON_BASIC_REPL', '1'), ('LESSOPEN', '| /usr/bin/lesspipe %s'), ('LANGUAGE', 'zh_CN:zh'), ('USER', 'abc'), ('SSH_CLIENT', '192.168.150.1 55401 22'), ('XDG_SESSION_TYPE', 'tty'), ('GIT_ASKPASS', '/home/abc/.vscode-server/cli/servers/Stable-585eba7c0c34fd6b30faac7c62a42050bfbc0086/server/extensions/git/dist/askpass.sh'), ('SHLVL', '1'), ('LD_LIBRARY_PATH', '/opt/ros/humble/opt/rviz_ogre_vendor/lib:/opt/ros/humble/lib/x86_64-linux-gnu:/opt/ros/humble/lib'), ('BROWSER', '/home/abc/.vscode-server/cli/servers/Stable-585eba7c0c34fd6b30faac7c62a42050bfbc0086/server/bin/helpers/browser.sh'), ('MOTD_SHOWN', 'pam'), ('HOME', '/home/abc'), ('TERM_PROGRAM_VERSION', '1.108.1'), ('VSCODE_IPC_HOOK_CLI', '/run/user/1000/vscode-ipc-f7f99b24-bc5b-43d6-947e-2a9efb26413d.sock'), ('ROS_PYTHON_VERSION', '3'), ('VSCODE_GIT_ASKPASS_MAIN', '/home/abc/.vscode-server/cli/servers/Stable-585eba7c0c34fd6b30faac7c62a42050bfbc0086/server/extensions/git/dist/askpass-main.js'), ('VSCODE_GIT_ASKPASS_NODE', '/home/abc/.vscode-server/cli/servers/Stable-585eba7c0c34fd6b30faac7c62a42050bfbc0086/server/node'), ('SSL_CERT_FILE', '/usr/lib/ssl/certs/ca-certificates.crt'), ('PYDEVD_DISABLE_FILE_VALIDATION', '1'), ('BUNDLED_DEBUGPY_PATH', '/home/abc/.vscode-server/extensions/ms-python.debugpy-2025.18.0/bundled/libs/debugpy'), ('VSCODE_PYTHON_AUTOACTIVATE_GUARD', '1'), ('DBUS_SESSION_BUS_ADDRESS', 'unix:path=/run/user/1000/bus'), ('COLORTERM', 'truecolor'), ('ROS_DISTRO', 'humble'), ('LOGNAME', 'abc'), ('_', '/usr/bin/colcon'), ('ROS_VERSION', '2'), ('XDG_SESSION_CLASS', 'user'), ('TERM', 'xterm-256color'), ('XDG_SESSION_ID', '4'), ('ROS_LOCALHOST_ONLY', '0'), ('PATH', '/opt/loongson-gcc/bin:/home/abc/.vscode-server/data/User/globalStorage/github.copilot-chat/debugCommand:/home/abc/.vscode-server/data/User/globalStorage/github.copilot-chat/copilotCli:/home/abc/.vscode-server/cli/servers/Stable-585eba7c0c34fd6b30faac7c62a42050bfbc0086/server/bin/remote-cli:/opt/loongson-gcc/bin:/opt/ros/humble/bin:/usr/local/sbin:/usr/local/bin:/usr/sbin:/usr/bin:/sbin:/bin:/usr/games:/usr/local/games:/snap/bin:/home/abc/.vscode-server/extensions/ms-python.debugpy-2025.18.0/bundled/scripts/noConfigScripts'), ('XDG_RUNTIME_DIR', '/run/user/1000'), ('SSL_CERT_DIR', '/usr/lib/ssl/certs'), ('VSCODE_DEBUGPY_ADAPTER_ENDPOINTS', '/home/abc/.vscode-server/extensions/ms-python.debugpy-2025.18.0/.noConfigDebugAdapterEndpoints/endpoint-eb3adf4cb764e782.txt'), ('LANG', 'zh_CN.UTF-8'), ('PYTHONSTARTUP', '/home/abc/.vscode-server/data/User/workspaceStorage/20b236a14418f8956cef225c8512416f/ms-python.python/pythonrc.py'), ('LS_COLORS', 'rs=0:di=01;34:ln=01;36:mh=00:pi=40;33:so=01;35:do=01;35:bd=40;33;01:cd=40;33;01:or=40;31;01:mi=00:su=37;41:sg=30;43:ca=30;41:tw=30;42:ow=34;42:st=37;44:ex=01;32:*.tar=01;31:*.tgz=01;31:*.arc=01;31:*.arj=01;31:*.taz=01;31:*.lha=01;31:*.lz4=01;31:*.lzh=01;31:*.lzma=01;31:*.tlz=01;31:*.txz=01;31:*.tzo=01;31:*.t7z=01;31:*.zip=01;31:*.z=01;31:*.dz=01;31:*.gz=01;31:*.lrz=01;31:*.lz=01;31:*.lzo=01;31:*.xz=01;31:*.zst=01;31:*.tzst=01;31:*.bz2=01;31:*.bz=01;31:*.tbz=01;31:*.tbz2=01;31:*.tz=01;31:*.deb=01;31:*.rpm=01;31:*.jar=01;31:*.war=01;31:*.ear=01;31:*.sar=01;31:*.rar=01;31:*.alz=01;31:*.ace=01;31:*.zoo=01;31:*.cpio=01;31:*.7z=01;31:*.rz=01;31:*.cab=01;31:*.wim=01;31:*.swm=01;31:*.dwm=01;31:*.esd=01;31:*.jpg=01;35:*.jpeg=01;35:*.mjpg=01;35:*.mjpeg=01;35:*.gif=01;35:*.bmp=01;35:*.pbm=01;35:*.pgm=01;35:*.ppm=01;35:*.tga=01;35:*.xbm=01;35:*.xpm=01;35:*.tif=01;35:*.tiff=01;35:*.png=01;35:*.svg=01;35:*.svgz=01;35:*.mng=01;35:*.pcx=01;35:*.mov=01;35:*.mpg=01;35:*.mpeg=01;35:*.m2v=01;35:*.mkv=01;35:*.webm=01;35:*.webp=01;35:*.ogm=01;35:*.mp4=01;35:*.m4v=01;35:*.mp4v=01;35:*.vob=01;35:*.qt=01;35:*.nuv=01;35:*.wmv=01;35:*.asf=01;35:*.rm=01;35:*.rmvb=01;35:*.flc=01;35:*.avi=01;35:*.fli=01;35:*.flv=01;35:*.gl=01;35:*.dl=01;35:*.xcf=01;35:*.xwd=01;35:*.yuv=01;35:*.cgm=01;35:*.emf=01;35:*.ogv=01;35:*.ogx=01;35:*.aac=00;36:*.au=00;36:*.flac=00;36:*.m4a=00;36:*.mid=00;36:*.midi=00;36:*.mka=00;36:*.mp3=00;36:*.mpc=00;36:*.ogg=00;36:*.ra=00;36:*.wav=00;36:*.oga=00;36:*.opus=00;36:*.spx=00;36:*.xspf=00;36:'), ('VSCODE_GIT_IPC_HANDLE', '/run/user/1000/vscode-git-91c7b8982f.sock'), ('TERM_PROGRAM', 'vscode'), ('AMENT_PREFIX_PATH', '/opt/ros/humble'), ('SHELL', '/bin/bash'), ('LESSCLOSE', '/usr/bin/lesspipe %s %s'), ('VSCODE_GIT_ASKPASS_EXTRA_ARGS', ''), ('PWD', '/home/abc/ws01_plumbing/build/cpp06_time'), ('SSH_CONNECTION', '192.168.150.1 55401 192.168.150.128 22'), ('XDG_DATA_DIRS', '/usr/share/gnome:/usr/local/share:/usr/share:/var/lib/snapd/desktop'), ('PYTHONPATH', '/opt/ros/humble/lib/python3.10/site-packages:/opt/ros/humble/local/lib/python3.10/dist-packages'), ('COLCON', '1'), ('CMAKE_PREFIX_PATH', '/opt/ros/humble')]), 'shell': False}
[30.659789] (-) TimerEvent: {}
[30.763960] (-) TimerEvent: {}
[30.860702] (cpp06_time) StdoutLine: {'line': b'-- The C compiler identification is GNU 11.4.0\n'}
[30.864748] (-) TimerEvent: {}
[30.966213] (-) TimerEvent: {}
[30.983044] (cpp06_time) StdoutLine: {'line': b'-- The CXX compiler identification is GNU 11.4.0\n'}
[31.002390] (cpp06_time) StdoutLine: {'line': b'-- Detecting C compiler ABI info\n'}
[31.066351] (-) TimerEvent: {}
[31.140495] (cpp06_time) StdoutLine: {'line': b'-- Detecting C compiler ABI info - done\n'}
[31.151872] (cpp06_time) StdoutLine: {'line': b'-- Check for working C compiler: /usr/bin/cc - skipped\n'}
[31.154137] (cpp06_time) StdoutLine: {'line': b'-- Detecting C compile features\n'}
[31.155651] (cpp06_time) StdoutLine: {'line': b'-- Detecting C compile features - done\n'}
[31.166592] (cpp06_time) StdoutLine: {'line': b'-- Detecting CXX compiler ABI info\n'}
[31.166897] (-) TimerEvent: {}
[31.253761] (cpp03_action) StdoutLine: {'line': b'[100%] \x1b[32m\x1b[1mLinking CXX executable demo02_action_client\x1b[0m\n'}
[31.267524] (-) TimerEvent: {}
[31.277903] (cpp06_time) StdoutLine: {'line': b'-- Detecting CXX compiler ABI info - done\n'}
[31.285164] (cpp06_time) StdoutLine: {'line': b'-- Check for working CXX compiler: /usr/bin/c++ - skipped\n'}
[31.285803] (cpp06_time) StdoutLine: {'line': b'-- Detecting CXX compile features\n'}
[31.285858] (cpp06_time) StdoutLine: {'line': b'-- Detecting CXX compile features - done\n'}
[31.296859] (cpp06_time) StdoutLine: {'line': b'-- Found ament_cmake: 1.3.11 (/opt/ros/humble/share/ament_cmake/cmake)\n'}
[31.367737] (-) TimerEvent: {}
[31.473906] (-) TimerEvent: {}
[31.566878] (cpp03_action) StdoutLine: {'line': b'[100%] Built target demo02_action_client\n'}
[31.574234] (-) TimerEvent: {}
[31.583644] (cpp05_names) StdoutLine: {'line': b'[100%] \x1b[32m\x1b[1mLinking CXX executable demo01_names\x1b[0m\n'}
[31.593826] (cpp01_topic) StdoutLine: {'line': b'[ 62%] \x1b[32m\x1b[1mLinking CXX executable demo01_talker_str\x1b[0m\n'}
[31.618611] (cpp03_action) CommandEnded: {'returncode': 0}
[31.626814] (cpp03_action) JobProgress: {'identifier': 'cpp03_action', 'progress': 'install'}
[31.627581] (cpp03_action) Command: {'cmd': ['/usr/bin/cmake', '--install', '/home/abc/ws01_plumbing/build/cpp03_action'], 'cwd': '/home/abc/ws01_plumbing/build/cpp03_action', 'env': OrderedDict([('PYTHON_BASIC_REPL', '1'), ('LESSOPEN', '| /usr/bin/lesspipe %s'), ('LANGUAGE', 'zh_CN:zh'), ('USER', 'abc'), ('SSH_CLIENT', '192.168.150.1 55401 22'), ('XDG_SESSION_TYPE', 'tty'), ('GIT_ASKPASS', '/home/abc/.vscode-server/cli/servers/Stable-585eba7c0c34fd6b30faac7c62a42050bfbc0086/server/extensions/git/dist/askpass.sh'), ('SHLVL', '1'), ('LD_LIBRARY_PATH', '/home/abc/ws01_plumbing/install/base_interfaces_demo/lib:/opt/ros/humble/opt/rviz_ogre_vendor/lib:/opt/ros/humble/lib/x86_64-linux-gnu:/opt/ros/humble/lib'), ('BROWSER', '/home/abc/.vscode-server/cli/servers/Stable-585eba7c0c34fd6b30faac7c62a42050bfbc0086/server/bin/helpers/browser.sh'), ('MOTD_SHOWN', 'pam'), ('HOME', '/home/abc'), ('TERM_PROGRAM_VERSION', '1.108.1'), ('VSCODE_IPC_HOOK_CLI', '/run/user/1000/vscode-ipc-f7f99b24-bc5b-43d6-947e-2a9efb26413d.sock'), ('ROS_PYTHON_VERSION', '3'), ('VSCODE_GIT_ASKPASS_MAIN', '/home/abc/.vscode-server/cli/servers/Stable-585eba7c0c34fd6b30faac7c62a42050bfbc0086/server/extensions/git/dist/askpass-main.js'), ('VSCODE_GIT_ASKPASS_NODE', '/home/abc/.vscode-server/cli/servers/Stable-585eba7c0c34fd6b30faac7c62a42050bfbc0086/server/node'), ('SSL_CERT_FILE', '/usr/lib/ssl/certs/ca-certificates.crt'), ('PYDEVD_DISABLE_FILE_VALIDATION', '1'), ('BUNDLED_DEBUGPY_PATH', '/home/abc/.vscode-server/extensions/ms-python.debugpy-2025.18.0/bundled/libs/debugpy'), ('VSCODE_PYTHON_AUTOACTIVATE_GUARD', '1'), ('DBUS_SESSION_BUS_ADDRESS', 'unix:path=/run/user/1000/bus'), ('COLORTERM', 'truecolor'), ('ROS_DISTRO', 'humble'), ('LOGNAME', 'abc'), ('_', '/usr/bin/colcon'), ('ROS_VERSION', '2'), ('XDG_SESSION_CLASS', 'user'), ('TERM', 'xterm-256color'), ('XDG_SESSION_ID', '4'), ('ROS_LOCALHOST_ONLY', '0'), ('PATH', '/opt/loongson-gcc/bin:/home/abc/.vscode-server/data/User/globalStorage/github.copilot-chat/debugCommand:/home/abc/.vscode-server/data/User/globalStorage/github.copilot-chat/copilotCli:/home/abc/.vscode-server/cli/servers/Stable-585eba7c0c34fd6b30faac7c62a42050bfbc0086/server/bin/remote-cli:/opt/loongson-gcc/bin:/opt/ros/humble/bin:/usr/local/sbin:/usr/local/bin:/usr/sbin:/usr/bin:/sbin:/bin:/usr/games:/usr/local/games:/snap/bin:/home/abc/.vscode-server/extensions/ms-python.debugpy-2025.18.0/bundled/scripts/noConfigScripts'), ('XDG_RUNTIME_DIR', '/run/user/1000'), ('SSL_CERT_DIR', '/usr/lib/ssl/certs'), ('VSCODE_DEBUGPY_ADAPTER_ENDPOINTS', '/home/abc/.vscode-server/extensions/ms-python.debugpy-2025.18.0/.noConfigDebugAdapterEndpoints/endpoint-eb3adf4cb764e782.txt'), ('LANG', 'zh_CN.UTF-8'), ('PYTHONSTARTUP', '/home/abc/.vscode-server/data/User/workspaceStorage/20b236a14418f8956cef225c8512416f/ms-python.python/pythonrc.py'), ('LS_COLORS', 'rs=0:di=01;34:ln=01;36:mh=00:pi=40;33:so=01;35:do=01;35:bd=40;33;01:cd=40;33;01:or=40;31;01:mi=00:su=37;41:sg=30;43:ca=30;41:tw=30;42:ow=34;42:st=37;44:ex=01;32:*.tar=01;31:*.tgz=01;31:*.arc=01;31:*.arj=01;31:*.taz=01;31:*.lha=01;31:*.lz4=01;31:*.lzh=01;31:*.lzma=01;31:*.tlz=01;31:*.txz=01;31:*.tzo=01;31:*.t7z=01;31:*.zip=01;31:*.z=01;31:*.dz=01;31:*.gz=01;31:*.lrz=01;31:*.lz=01;31:*.lzo=01;31:*.xz=01;31:*.zst=01;31:*.tzst=01;31:*.bz2=01;31:*.bz=01;31:*.tbz=01;31:*.tbz2=01;31:*.tz=01;31:*.deb=01;31:*.rpm=01;31:*.jar=01;31:*.war=01;31:*.ear=01;31:*.sar=01;31:*.rar=01;31:*.alz=01;31:*.ace=01;31:*.zoo=01;31:*.cpio=01;31:*.7z=01;31:*.rz=01;31:*.cab=01;31:*.wim=01;31:*.swm=01;31:*.dwm=01;31:*.esd=01;31:*.jpg=01;35:*.jpeg=01;35:*.mjpg=01;35:*.mjpeg=01;35:*.gif=01;35:*.bmp=01;35:*.pbm=01;35:*.pgm=01;35:*.ppm=01;35:*.tga=01;35:*.xbm=01;35:*.xpm=01;35:*.tif=01;35:*.tiff=01;35:*.png=01;35:*.svg=01;35:*.svgz=01;35:*.mng=01;35:*.pcx=01;35:*.mov=01;35:*.mpg=01;35:*.mpeg=01;35:*.m2v=01;35:*.mkv=01;35:*.webm=01;35:*.webp=01;35:*.ogm=01;35:*.mp4=01;35:*.m4v=01;35:*.mp4v=01;35:*.vob=01;35:*.qt=01;35:*.nuv=01;35:*.wmv=01;35:*.asf=01;35:*.rm=01;35:*.rmvb=01;35:*.flc=01;35:*.avi=01;35:*.fli=01;35:*.flv=01;35:*.gl=01;35:*.dl=01;35:*.xcf=01;35:*.xwd=01;35:*.yuv=01;35:*.cgm=01;35:*.emf=01;35:*.ogv=01;35:*.ogx=01;35:*.aac=00;36:*.au=00;36:*.flac=00;36:*.m4a=00;36:*.mid=00;36:*.midi=00;36:*.mka=00;36:*.mp3=00;36:*.mpc=00;36:*.ogg=00;36:*.ra=00;36:*.wav=00;36:*.oga=00;36:*.opus=00;36:*.spx=00;36:*.xspf=00;36:'), ('VSCODE_GIT_IPC_HANDLE', '/run/user/1000/vscode-git-91c7b8982f.sock'), ('TERM_PROGRAM', 'vscode'), ('AMENT_PREFIX_PATH', '/home/abc/ws01_plumbing/install/base_interfaces_demo:/opt/ros/humble'), ('SHELL', '/bin/bash'), ('LESSCLOSE', '/usr/bin/lesspipe %s %s'), ('VSCODE_GIT_ASKPASS_EXTRA_ARGS', ''), ('PWD', '/home/abc/ws01_plumbing/build/cpp03_action'), ('SSH_CONNECTION', '192.168.150.1 55401 192.168.150.128 22'), ('XDG_DATA_DIRS', '/usr/share/gnome:/usr/local/share:/usr/share:/var/lib/snapd/desktop'), ('PYTHONPATH', '/home/abc/ws01_plumbing/install/base_interfaces_demo/local/lib/python3.10/dist-packages:/opt/ros/humble/lib/python3.10/site-packages:/opt/ros/humble/local/lib/python3.10/dist-packages'), ('COLCON', '1'), ('CMAKE_PREFIX_PATH', '/home/abc/ws01_plumbing/install/base_interfaces_demo:/opt/ros/humble')]), 'shell': False}
[31.629297] (cpp06_time) StdoutLine: {'line': b'-- Found Python3: /usr/bin/python3 (found version "3.10.12") found components: Interpreter \n'}
[31.632982] (cpp03_action) StdoutLine: {'line': b'-- Install configuration: ""\n'}
[31.633436] (cpp03_action) StdoutLine: {'line': b'-- Installing: /home/abc/ws01_plumbing/install/cpp03_action/lib/cpp03_action/demo01_action_server\n'}
[31.633754] (cpp03_action) StdoutLine: {'line': b'-- Set runtime path of "/home/abc/ws01_plumbing/install/cpp03_action/lib/cpp03_action/demo01_action_server" to ""\n'}
[31.633999] (cpp03_action) StdoutLine: {'line': b'-- Installing: /home/abc/ws01_plumbing/install/cpp03_action/lib/cpp03_action/demo02_action_client\n'}
[31.634181] (cpp03_action) StdoutLine: {'line': b'-- Set runtime path of "/home/abc/ws01_plumbing/install/cpp03_action/lib/cpp03_action/demo02_action_client" to ""\n'}
[31.634754] (cpp03_action) StdoutLine: {'line': b'-- Installing: /home/abc/ws01_plumbing/install/cpp03_action/share/ament_index/resource_index/package_run_dependencies/cpp03_action\n'}
[31.635530] (cpp03_action) StdoutLine: {'line': b'-- Installing: /home/abc/ws01_plumbing/install/cpp03_action/share/ament_index/resource_index/parent_prefix_path/cpp03_action\n'}
[31.635785] (cpp03_action) StdoutLine: {'line': b'-- Installing: /home/abc/ws01_plumbing/install/cpp03_action/share/cpp03_action/environment/ament_prefix_path.sh\n'}
[31.636067] (cpp03_action) StdoutLine: {'line': b'-- Installing: /home/abc/ws01_plumbing/install/cpp03_action/share/cpp03_action/environment/ament_prefix_path.dsv\n'}
[31.636153] (cpp03_action) StdoutLine: {'line': b'-- Installing: /home/abc/ws01_plumbing/install/cpp03_action/share/cpp03_action/environment/path.sh\n'}
[31.636243] (cpp03_action) StdoutLine: {'line': b'-- Installing: /home/abc/ws01_plumbing/install/cpp03_action/share/cpp03_action/environment/path.dsv\n'}
[31.640189] (cpp03_action) StdoutLine: {'line': b'-- Installing: /home/abc/ws01_plumbing/install/cpp03_action/share/cpp03_action/local_setup.bash\n'}
[31.640402] (cpp03_action) StdoutLine: {'line': b'-- Installing: /home/abc/ws01_plumbing/install/cpp03_action/share/cpp03_action/local_setup.sh\n'}
[31.640575] (cpp03_action) StdoutLine: {'line': b'-- Installing: /home/abc/ws01_plumbing/install/cpp03_action/share/cpp03_action/local_setup.zsh\n'}
[31.640708] (cpp03_action) StdoutLine: {'line': b'-- Installing: /home/abc/ws01_plumbing/install/cpp03_action/share/cpp03_action/local_setup.dsv\n'}
[31.640834] (cpp03_action) StdoutLine: {'line': b'-- Installing: /home/abc/ws01_plumbing/install/cpp03_action/share/cpp03_action/package.dsv\n'}
[31.640962] (cpp03_action) StdoutLine: {'line': b'-- Installing: /home/abc/ws01_plumbing/install/cpp03_action/share/ament_index/resource_index/packages/cpp03_action\n'}
[31.641092] (cpp03_action) StdoutLine: {'line': b'-- Installing: /home/abc/ws01_plumbing/install/cpp03_action/share/cpp03_action/cmake/cpp03_actionConfig.cmake\n'}
[31.641228] (cpp03_action) StdoutLine: {'line': b'-- Installing: /home/abc/ws01_plumbing/install/cpp03_action/share/cpp03_action/cmake/cpp03_actionConfig-version.cmake\n'}
[31.641550] (cpp03_action) StdoutLine: {'line': b'-- Installing: /home/abc/ws01_plumbing/install/cpp03_action/share/cpp03_action/package.xml\n'}
[31.645764] (cpp03_action) CommandEnded: {'returncode': 0}
[31.674350] (-) TimerEvent: {}
[31.685148] (cpp03_action) JobEnded: {'identifier': 'cpp03_action', 'rc': 0}
[31.686636] (py05_names) JobStarted: {'identifier': 'py05_names'}
[31.774915] (-) TimerEvent: {}
[31.819565] (cpp01_topic) StdoutLine: {'line': b'[ 62%] Built target demo01_talker_str\n'}
[31.825154] (cpp05_names) StdoutLine: {'line': b'[100%] Built target demo01_names\n'}
[31.844345] (cpp06_time) StdoutLine: {'line': b'-- Found rclcpp: 16.0.11 (/opt/ros/humble/share/rclcpp/cmake)\n'}
[31.878099] (-) TimerEvent: {}
[31.915910] (cpp06_time) StdoutLine: {'line': b'-- Found rosidl_generator_c: 3.1.6 (/opt/ros/humble/share/rosidl_generator_c/cmake)\n'}
[31.924203] (cpp06_time) StdoutLine: {'line': b'-- Found rosidl_adapter: 3.1.6 (/opt/ros/humble/share/rosidl_adapter/cmake)\n'}
[31.934554] (cpp06_time) StdoutLine: {'line': b'-- Found rosidl_generator_cpp: 3.1.6 (/opt/ros/humble/share/rosidl_generator_cpp/cmake)\n'}
[31.953401] (cpp06_time) StdoutLine: {'line': b'-- Using all available rosidl_typesupport_c: rosidl_typesupport_fastrtps_c;rosidl_typesupport_introspection_c\n'}
[31.969792] (cpp06_time) StdoutLine: {'line': b'-- Using all available rosidl_typesupport_cpp: rosidl_typesupport_fastrtps_cpp;rosidl_typesupport_introspection_cpp\n'}
[31.978675] (-) TimerEvent: {}
[32.023188] (cpp06_time) StdoutLine: {'line': b'-- Found rmw_implementation_cmake: 6.1.2 (/opt/ros/humble/share/rmw_implementation_cmake/cmake)\n'}
[32.026281] (cpp06_time) StdoutLine: {'line': b'-- Found rmw_fastrtps_cpp: 6.2.7 (/opt/ros/humble/share/rmw_fastrtps_cpp/cmake)\n'}
[32.080240] (-) TimerEvent: {}
[32.100346] (cpp05_names) CommandEnded: {'returncode': 0}
[32.106419] (cpp05_names) JobProgress: {'identifier': 'cpp05_names', 'progress': 'install'}
[32.106587] (cpp05_names) Command: {'cmd': ['/usr/bin/cmake', '--install', '/home/abc/ws01_plumbing/build/cpp05_names'], 'cwd': '/home/abc/ws01_plumbing/build/cpp05_names', 'env': OrderedDict([('PYTHON_BASIC_REPL', '1'), ('LESSOPEN', '| /usr/bin/lesspipe %s'), ('LANGUAGE', 'zh_CN:zh'), ('USER', 'abc'), ('SSH_CLIENT', '192.168.150.1 55401 22'), ('XDG_SESSION_TYPE', 'tty'), ('GIT_ASKPASS', '/home/abc/.vscode-server/cli/servers/Stable-585eba7c0c34fd6b30faac7c62a42050bfbc0086/server/extensions/git/dist/askpass.sh'), ('SHLVL', '1'), ('LD_LIBRARY_PATH', '/opt/ros/humble/opt/rviz_ogre_vendor/lib:/opt/ros/humble/lib/x86_64-linux-gnu:/opt/ros/humble/lib'), ('BROWSER', '/home/abc/.vscode-server/cli/servers/Stable-585eba7c0c34fd6b30faac7c62a42050bfbc0086/server/bin/helpers/browser.sh'), ('MOTD_SHOWN', 'pam'), ('HOME', '/home/abc'), ('TERM_PROGRAM_VERSION', '1.108.1'), ('VSCODE_IPC_HOOK_CLI', '/run/user/1000/vscode-ipc-f7f99b24-bc5b-43d6-947e-2a9efb26413d.sock'), ('ROS_PYTHON_VERSION', '3'), ('VSCODE_GIT_ASKPASS_MAIN', '/home/abc/.vscode-server/cli/servers/Stable-585eba7c0c34fd6b30faac7c62a42050bfbc0086/server/extensions/git/dist/askpass-main.js'), ('VSCODE_GIT_ASKPASS_NODE', '/home/abc/.vscode-server/cli/servers/Stable-585eba7c0c34fd6b30faac7c62a42050bfbc0086/server/node'), ('SSL_CERT_FILE', '/usr/lib/ssl/certs/ca-certificates.crt'), ('PYDEVD_DISABLE_FILE_VALIDATION', '1'), ('BUNDLED_DEBUGPY_PATH', '/home/abc/.vscode-server/extensions/ms-python.debugpy-2025.18.0/bundled/libs/debugpy'), ('VSCODE_PYTHON_AUTOACTIVATE_GUARD', '1'), ('DBUS_SESSION_BUS_ADDRESS', 'unix:path=/run/user/1000/bus'), ('COLORTERM', 'truecolor'), ('ROS_DISTRO', 'humble'), ('LOGNAME', 'abc'), ('_', '/usr/bin/colcon'), ('ROS_VERSION', '2'), ('XDG_SESSION_CLASS', 'user'), ('TERM', 'xterm-256color'), ('XDG_SESSION_ID', '4'), ('ROS_LOCALHOST_ONLY', '0'), ('PATH', '/opt/loongson-gcc/bin:/home/abc/.vscode-server/data/User/globalStorage/github.copilot-chat/debugCommand:/home/abc/.vscode-server/data/User/globalStorage/github.copilot-chat/copilotCli:/home/abc/.vscode-server/cli/servers/Stable-585eba7c0c34fd6b30faac7c62a42050bfbc0086/server/bin/remote-cli:/opt/loongson-gcc/bin:/opt/ros/humble/bin:/usr/local/sbin:/usr/local/bin:/usr/sbin:/usr/bin:/sbin:/bin:/usr/games:/usr/local/games:/snap/bin:/home/abc/.vscode-server/extensions/ms-python.debugpy-2025.18.0/bundled/scripts/noConfigScripts'), ('XDG_RUNTIME_DIR', '/run/user/1000'), ('SSL_CERT_DIR', '/usr/lib/ssl/certs'), ('VSCODE_DEBUGPY_ADAPTER_ENDPOINTS', '/home/abc/.vscode-server/extensions/ms-python.debugpy-2025.18.0/.noConfigDebugAdapterEndpoints/endpoint-eb3adf4cb764e782.txt'), ('LANG', 'zh_CN.UTF-8'), ('PYTHONSTARTUP', '/home/abc/.vscode-server/data/User/workspaceStorage/20b236a14418f8956cef225c8512416f/ms-python.python/pythonrc.py'), ('LS_COLORS', 'rs=0:di=01;34:ln=01;36:mh=00:pi=40;33:so=01;35:do=01;35:bd=40;33;01:cd=40;33;01:or=40;31;01:mi=00:su=37;41:sg=30;43:ca=30;41:tw=30;42:ow=34;42:st=37;44:ex=01;32:*.tar=01;31:*.tgz=01;31:*.arc=01;31:*.arj=01;31:*.taz=01;31:*.lha=01;31:*.lz4=01;31:*.lzh=01;31:*.lzma=01;31:*.tlz=01;31:*.txz=01;31:*.tzo=01;31:*.t7z=01;31:*.zip=01;31:*.z=01;31:*.dz=01;31:*.gz=01;31:*.lrz=01;31:*.lz=01;31:*.lzo=01;31:*.xz=01;31:*.zst=01;31:*.tzst=01;31:*.bz2=01;31:*.bz=01;31:*.tbz=01;31:*.tbz2=01;31:*.tz=01;31:*.deb=01;31:*.rpm=01;31:*.jar=01;31:*.war=01;31:*.ear=01;31:*.sar=01;31:*.rar=01;31:*.alz=01;31:*.ace=01;31:*.zoo=01;31:*.cpio=01;31:*.7z=01;31:*.rz=01;31:*.cab=01;31:*.wim=01;31:*.swm=01;31:*.dwm=01;31:*.esd=01;31:*.jpg=01;35:*.jpeg=01;35:*.mjpg=01;35:*.mjpeg=01;35:*.gif=01;35:*.bmp=01;35:*.pbm=01;35:*.pgm=01;35:*.ppm=01;35:*.tga=01;35:*.xbm=01;35:*.xpm=01;35:*.tif=01;35:*.tiff=01;35:*.png=01;35:*.svg=01;35:*.svgz=01;35:*.mng=01;35:*.pcx=01;35:*.mov=01;35:*.mpg=01;35:*.mpeg=01;35:*.m2v=01;35:*.mkv=01;35:*.webm=01;35:*.webp=01;35:*.ogm=01;35:*.mp4=01;35:*.m4v=01;35:*.mp4v=01;35:*.vob=01;35:*.qt=01;35:*.nuv=01;35:*.wmv=01;35:*.asf=01;35:*.rm=01;35:*.rmvb=01;35:*.flc=01;35:*.avi=01;35:*.fli=01;35:*.flv=01;35:*.gl=01;35:*.dl=01;35:*.xcf=01;35:*.xwd=01;35:*.yuv=01;35:*.cgm=01;35:*.emf=01;35:*.ogv=01;35:*.ogx=01;35:*.aac=00;36:*.au=00;36:*.flac=00;36:*.m4a=00;36:*.mid=00;36:*.midi=00;36:*.mka=00;36:*.mp3=00;36:*.mpc=00;36:*.ogg=00;36:*.ra=00;36:*.wav=00;36:*.oga=00;36:*.opus=00;36:*.spx=00;36:*.xspf=00;36:'), ('VSCODE_GIT_IPC_HANDLE', '/run/user/1000/vscode-git-91c7b8982f.sock'), ('TERM_PROGRAM', 'vscode'), ('AMENT_PREFIX_PATH', '/opt/ros/humble'), ('SHELL', '/bin/bash'), ('LESSCLOSE', '/usr/bin/lesspipe %s %s'), ('VSCODE_GIT_ASKPASS_EXTRA_ARGS', ''), ('PWD', '/home/abc/ws01_plumbing/build/cpp05_names'), ('SSH_CONNECTION', '192.168.150.1 55401 192.168.150.128 22'), ('XDG_DATA_DIRS', '/usr/share/gnome:/usr/local/share:/usr/share:/var/lib/snapd/desktop'), ('PYTHONPATH', '/opt/ros/humble/lib/python3.10/site-packages:/opt/ros/humble/local/lib/python3.10/dist-packages'), ('COLCON', '1'), ('CMAKE_PREFIX_PATH', '/opt/ros/humble')]), 'shell': False}
[32.112063] (cpp05_names) StdoutLine: {'line': b'-- Install configuration: ""\n'}
[32.112564] (cpp05_names) StdoutLine: {'line': b'-- Installing: /home/abc/ws01_plumbing/install/cpp05_names/lib/cpp05_names/demo01_names\n'}
[32.122672] (cpp05_names) StdoutLine: {'line': b'-- Set runtime path of "/home/abc/ws01_plumbing/install/cpp05_names/lib/cpp05_names/demo01_names" to ""\n'}
[32.122840] (cpp05_names) StdoutLine: {'line': b'-- Installing: /home/abc/ws01_plumbing/install/cpp05_names/share/cpp05_names/launch\n'}
[32.123323] (cpp05_names) StdoutLine: {'line': b'-- Installing: /home/abc/ws01_plumbing/install/cpp05_names/share/cpp05_names/launch/demo02_names_launch.xml\n'}
[32.124482] (cpp06_time) StdoutLine: {'line': b'-- Found OpenSSL: /usr/lib/x86_64-linux-gnu/libcrypto.so (found version "3.0.2")  \n'}
[32.127512] (cpp05_names) StdoutLine: {'line': b'-- Installing: /home/abc/ws01_plumbing/install/cpp05_names/share/cpp05_names/launch/demo03_names_launch.yaml\n'}
[32.130363] (cpp05_names) StdoutLine: {'line': b'-- Installing: /home/abc/ws01_plumbing/install/cpp05_names/share/cpp05_names/launch/demo01_names_launch.py\n'}
[32.133399] (cpp05_names) StdoutLine: {'line': b'-- Installing: /home/abc/ws01_plumbing/install/cpp05_names/share/ament_index/resource_index/package_run_dependencies/cpp05_names\n'}
[32.133885] (cpp05_names) StdoutLine: {'line': b'-- Installing: /home/abc/ws01_plumbing/install/cpp05_names/share/ament_index/resource_index/parent_prefix_path/cpp05_names\n'}
[32.134164] (cpp05_names) StdoutLine: {'line': b'-- Installing: /home/abc/ws01_plumbing/install/cpp05_names/share/cpp05_names/environment/ament_prefix_path.sh\n'}
[32.134353] (cpp05_names) StdoutLine: {'line': b'-- Installing: /home/abc/ws01_plumbing/install/cpp05_names/share/cpp05_names/environment/ament_prefix_path.dsv\n'}
[32.134522] (cpp05_names) StdoutLine: {'line': b'-- Installing: /home/abc/ws01_plumbing/install/cpp05_names/share/cpp05_names/environment/path.sh\n'}
[32.135455] (cpp05_names) StdoutLine: {'line': b'-- Installing: /home/abc/ws01_plumbing/install/cpp05_names/share/cpp05_names/environment/path.dsv\n'}
[32.136004] (cpp05_names) StdoutLine: {'line': b'-- Installing: /home/abc/ws01_plumbing/install/cpp05_names/share/cpp05_names/local_setup.bash\n'}
[32.137336] (cpp05_names) StdoutLine: {'line': b'-- Installing: /home/abc/ws01_plumbing/install/cpp05_names/share/cpp05_names/local_setup.sh\n'}
[32.137412] (cpp05_names) StdoutLine: {'line': b'-- Installing: /home/abc/ws01_plumbing/install/cpp05_names/share/cpp05_names/local_setup.zsh\n'}
[32.137744] (cpp05_names) StdoutLine: {'line': b'-- Installing: /home/abc/ws01_plumbing/install/cpp05_names/share/cpp05_names/local_setup.dsv\n'}
[32.138747] (cpp05_names) StdoutLine: {'line': b'-- Installing: /home/abc/ws01_plumbing/install/cpp05_names/share/cpp05_names/package.dsv\n'}
[32.138816] (cpp05_names) StdoutLine: {'line': b'-- Installing: /home/abc/ws01_plumbing/install/cpp05_names/share/ament_index/resource_index/packages/cpp05_names\n'}
[32.138849] (cpp05_names) StdoutLine: {'line': b'-- Installing: /home/abc/ws01_plumbing/install/cpp05_names/share/cpp05_names/cmake/cpp05_namesConfig.cmake\n'}
[32.140073] (cpp05_names) StdoutLine: {'line': b'-- Installing: /home/abc/ws01_plumbing/install/cpp05_names/share/cpp05_names/cmake/cpp05_namesConfig-version.cmake\n'}
[32.140349] (cpp05_names) StdoutLine: {'line': b'-- Installing: /home/abc/ws01_plumbing/install/cpp05_names/share/cpp05_names/package.xml\n'}
[32.149318] (cpp05_names) CommandEnded: {'returncode': 0}
[32.163846] (cpp05_names) JobEnded: {'identifier': 'cpp05_names', 'rc': 0}
[32.164629] (py06_time) JobStarted: {'identifier': 'py06_time'}
[32.164916] (cpp06_time) StdoutLine: {'line': b'-- Found FastRTPS: /opt/ros/humble/include  \n'}
[32.189112] (-) TimerEvent: {}
[32.209533] (cpp06_time) StdoutLine: {'line': b"-- Using RMW implementation 'rmw_fastrtps_cpp' as default\n"}
[32.229671] (cpp06_time) StdoutLine: {'line': b'-- Looking for pthread.h\n'}
[32.289547] (-) TimerEvent: {}
[32.331602] (cpp06_time) StdoutLine: {'line': b'-- Looking for pthread.h - found\n'}
[32.331925] (cpp06_time) StdoutLine: {'line': b'-- Performing Test CMAKE_HAVE_LIBC_PTHREAD\n'}
[32.389956] (-) TimerEvent: {}
[32.397548] (cpp06_time) StdoutLine: {'line': b'-- Performing Test CMAKE_HAVE_LIBC_PTHREAD - Success\n'}
[32.399130] (cpp06_time) StdoutLine: {'line': b'-- Found Threads: TRUE  \n'}
[32.444833] (py05_names) Command: {'cmd': ['/usr/bin/python3', '-W', 'ignore:setup.py install is deprecated', '-W', 'ignore:easy_install command is deprecated', 'setup.py', 'egg_info', '--egg-base', '../../build/py05_names', 'build', '--build-base', '/home/abc/ws01_plumbing/build/py05_names/build', 'install', '--record', '/home/abc/ws01_plumbing/build/py05_names/install.log', '--single-version-externally-managed', 'install_data'], 'cwd': '/home/abc/ws01_plumbing/src/py05_names', 'env': {'PYTHON_BASIC_REPL': '1', 'LESSOPEN': '| /usr/bin/lesspipe %s', 'LANGUAGE': 'zh_CN:zh', 'USER': 'abc', 'SSH_CLIENT': '192.168.150.1 55401 22', 'XDG_SESSION_TYPE': 'tty', 'GIT_ASKPASS': '/home/abc/.vscode-server/cli/servers/Stable-585eba7c0c34fd6b30faac7c62a42050bfbc0086/server/extensions/git/dist/askpass.sh', 'SHLVL': '1', 'LD_LIBRARY_PATH': '/opt/ros/humble/opt/rviz_ogre_vendor/lib:/opt/ros/humble/lib/x86_64-linux-gnu:/opt/ros/humble/lib', 'BROWSER': '/home/abc/.vscode-server/cli/servers/Stable-585eba7c0c34fd6b30faac7c62a42050bfbc0086/server/bin/helpers/browser.sh', 'MOTD_SHOWN': 'pam', 'HOME': '/home/abc', 'TERM_PROGRAM_VERSION': '1.108.1', 'VSCODE_IPC_HOOK_CLI': '/run/user/1000/vscode-ipc-f7f99b24-bc5b-43d6-947e-2a9efb26413d.sock', 'ROS_PYTHON_VERSION': '3', 'VSCODE_GIT_ASKPASS_MAIN': '/home/abc/.vscode-server/cli/servers/Stable-585eba7c0c34fd6b30faac7c62a42050bfbc0086/server/extensions/git/dist/askpass-main.js', 'VSCODE_GIT_ASKPASS_NODE': '/home/abc/.vscode-server/cli/servers/Stable-585eba7c0c34fd6b30faac7c62a42050bfbc0086/server/node', 'SSL_CERT_FILE': '/usr/lib/ssl/certs/ca-certificates.crt', 'PYDEVD_DISABLE_FILE_VALIDATION': '1', 'BUNDLED_DEBUGPY_PATH': '/home/abc/.vscode-server/extensions/ms-python.debugpy-2025.18.0/bundled/libs/debugpy', 'VSCODE_PYTHON_AUTOACTIVATE_GUARD': '1', 'DBUS_SESSION_BUS_ADDRESS': 'unix:path=/run/user/1000/bus', 'COLORTERM': 'truecolor', 'ROS_DISTRO': 'humble', 'LOGNAME': 'abc', '_': '/usr/bin/colcon', 'ROS_VERSION': '2', 'XDG_SESSION_CLASS': 'user', 'TERM': 'xterm-256color', 'XDG_SESSION_ID': '4', 'ROS_LOCALHOST_ONLY': '0', 'PATH': '/opt/loongson-gcc/bin:/home/abc/.vscode-server/data/User/globalStorage/github.copilot-chat/debugCommand:/home/abc/.vscode-server/data/User/globalStorage/github.copilot-chat/copilotCli:/home/abc/.vscode-server/cli/servers/Stable-585eba7c0c34fd6b30faac7c62a42050bfbc0086/server/bin/remote-cli:/opt/loongson-gcc/bin:/opt/ros/humble/bin:/usr/local/sbin:/usr/local/bin:/usr/sbin:/usr/bin:/sbin:/bin:/usr/games:/usr/local/games:/snap/bin:/home/abc/.vscode-server/extensions/ms-python.debugpy-2025.18.0/bundled/scripts/noConfigScripts', 'XDG_RUNTIME_DIR': '/run/user/1000', 'SSL_CERT_DIR': '/usr/lib/ssl/certs', 'VSCODE_DEBUGPY_ADAPTER_ENDPOINTS': '/home/abc/.vscode-server/extensions/ms-python.debugpy-2025.18.0/.noConfigDebugAdapterEndpoints/endpoint-eb3adf4cb764e782.txt', 'LANG': 'zh_CN.UTF-8', 'PYTHONSTARTUP': '/home/abc/.vscode-server/data/User/workspaceStorage/20b236a14418f8956cef225c8512416f/ms-python.python/pythonrc.py', 'LS_COLORS': 'rs=0:di=01;34:ln=01;36:mh=00:pi=40;33:so=01;35:do=01;35:bd=40;33;01:cd=40;33;01:or=40;31;01:mi=00:su=37;41:sg=30;43:ca=30;41:tw=30;42:ow=34;42:st=37;44:ex=01;32:*.tar=01;31:*.tgz=01;31:*.arc=01;31:*.arj=01;31:*.taz=01;31:*.lha=01;31:*.lz4=01;31:*.lzh=01;31:*.lzma=01;31:*.tlz=01;31:*.txz=01;31:*.tzo=01;31:*.t7z=01;31:*.zip=01;31:*.z=01;31:*.dz=01;31:*.gz=01;31:*.lrz=01;31:*.lz=01;31:*.lzo=01;31:*.xz=01;31:*.zst=01;31:*.tzst=01;31:*.bz2=01;31:*.bz=01;31:*.tbz=01;31:*.tbz2=01;31:*.tz=01;31:*.deb=01;31:*.rpm=01;31:*.jar=01;31:*.war=01;31:*.ear=01;31:*.sar=01;31:*.rar=01;31:*.alz=01;31:*.ace=01;31:*.zoo=01;31:*.cpio=01;31:*.7z=01;31:*.rz=01;31:*.cab=01;31:*.wim=01;31:*.swm=01;31:*.dwm=01;31:*.esd=01;31:*.jpg=01;35:*.jpeg=01;35:*.mjpg=01;35:*.mjpeg=01;35:*.gif=01;35:*.bmp=01;35:*.pbm=01;35:*.pgm=01;35:*.ppm=01;35:*.tga=01;35:*.xbm=01;35:*.xpm=01;35:*.tif=01;35:*.tiff=01;35:*.png=01;35:*.svg=01;35:*.svgz=01;35:*.mng=01;35:*.pcx=01;35:*.mov=01;35:*.mpg=01;35:*.mpeg=01;35:*.m2v=01;35:*.mkv=01;35:*.webm=01;35:*.webp=01;35:*.ogm=01;35:*.mp4=01;35:*.m4v=01;35:*.mp4v=01;35:*.vob=01;35:*.qt=01;35:*.nuv=01;35:*.wmv=01;35:*.asf=01;35:*.rm=01;35:*.rmvb=01;35:*.flc=01;35:*.avi=01;35:*.fli=01;35:*.flv=01;35:*.gl=01;35:*.dl=01;35:*.xcf=01;35:*.xwd=01;35:*.yuv=01;35:*.cgm=01;35:*.emf=01;35:*.ogv=01;35:*.ogx=01;35:*.aac=00;36:*.au=00;36:*.flac=00;36:*.m4a=00;36:*.mid=00;36:*.midi=00;36:*.mka=00;36:*.mp3=00;36:*.mpc=00;36:*.ogg=00;36:*.ra=00;36:*.wav=00;36:*.oga=00;36:*.opus=00;36:*.spx=00;36:*.xspf=00;36:', 'VSCODE_GIT_IPC_HANDLE': '/run/user/1000/vscode-git-91c7b8982f.sock', 'TERM_PROGRAM': 'vscode', 'AMENT_PREFIX_PATH': '/opt/ros/humble', 'SHELL': '/bin/bash', 'LESSCLOSE': '/usr/bin/lesspipe %s %s', 'VSCODE_GIT_ASKPASS_EXTRA_ARGS': '', 'PWD': '/home/abc/ws01_plumbing/build/py05_names', 'SSH_CONNECTION': '192.168.150.1 55401 192.168.150.128 22', 'XDG_DATA_DIRS': '/usr/share/gnome:/usr/local/share:/usr/share:/var/lib/snapd/desktop', 'PYTHONPATH': '/home/abc/ws01_plumbing/build/py05_names/prefix_override:/usr/lib/python3/dist-packages/colcon_core/task/python/colcon_distutils_commands:/home/abc/ws01_plumbing/install/py05_names/lib/python3.10/site-packages:/opt/ros/humble/lib/python3.10/site-packages:/opt/ros/humble/local/lib/python3.10/dist-packages', 'COLCON': '1'}, 'shell': False}
[32.496908] (-) TimerEvent: {}
[32.503228] (cpp06_time) StdoutLine: {'line': b'-- Found ament_lint_auto: 0.12.11 (/opt/ros/humble/share/ament_lint_auto/cmake)\n'}
[32.597008] (-) TimerEvent: {}
[32.622747] (py06_time) Command: {'cmd': ['/usr/bin/python3', '-W', 'ignore:setup.py install is deprecated', '-W', 'ignore:easy_install command is deprecated', 'setup.py', 'egg_info', '--egg-base', '../../build/py06_time', 'build', '--build-base', '/home/abc/ws01_plumbing/build/py06_time/build', 'install', '--record', '/home/abc/ws01_plumbing/build/py06_time/install.log', '--single-version-externally-managed', 'install_data'], 'cwd': '/home/abc/ws01_plumbing/src/py06_time', 'env': {'PYTHON_BASIC_REPL': '1', 'LESSOPEN': '| /usr/bin/lesspipe %s', 'LANGUAGE': 'zh_CN:zh', 'USER': 'abc', 'SSH_CLIENT': '192.168.150.1 55401 22', 'XDG_SESSION_TYPE': 'tty', 'GIT_ASKPASS': '/home/abc/.vscode-server/cli/servers/Stable-585eba7c0c34fd6b30faac7c62a42050bfbc0086/server/extensions/git/dist/askpass.sh', 'SHLVL': '1', 'LD_LIBRARY_PATH': '/opt/ros/humble/opt/rviz_ogre_vendor/lib:/opt/ros/humble/lib/x86_64-linux-gnu:/opt/ros/humble/lib', 'BROWSER': '/home/abc/.vscode-server/cli/servers/Stable-585eba7c0c34fd6b30faac7c62a42050bfbc0086/server/bin/helpers/browser.sh', 'MOTD_SHOWN': 'pam', 'HOME': '/home/abc', 'TERM_PROGRAM_VERSION': '1.108.1', 'VSCODE_IPC_HOOK_CLI': '/run/user/1000/vscode-ipc-f7f99b24-bc5b-43d6-947e-2a9efb26413d.sock', 'ROS_PYTHON_VERSION': '3', 'VSCODE_GIT_ASKPASS_MAIN': '/home/abc/.vscode-server/cli/servers/Stable-585eba7c0c34fd6b30faac7c62a42050bfbc0086/server/extensions/git/dist/askpass-main.js', 'VSCODE_GIT_ASKPASS_NODE': '/home/abc/.vscode-server/cli/servers/Stable-585eba7c0c34fd6b30faac7c62a42050bfbc0086/server/node', 'SSL_CERT_FILE': '/usr/lib/ssl/certs/ca-certificates.crt', 'PYDEVD_DISABLE_FILE_VALIDATION': '1', 'BUNDLED_DEBUGPY_PATH': '/home/abc/.vscode-server/extensions/ms-python.debugpy-2025.18.0/bundled/libs/debugpy', 'VSCODE_PYTHON_AUTOACTIVATE_GUARD': '1', 'DBUS_SESSION_BUS_ADDRESS': 'unix:path=/run/user/1000/bus', 'COLORTERM': 'truecolor', 'ROS_DISTRO': 'humble', 'LOGNAME': 'abc', '_': '/usr/bin/colcon', 'ROS_VERSION': '2', 'XDG_SESSION_CLASS': 'user', 'TERM': 'xterm-256color', 'XDG_SESSION_ID': '4', 'ROS_LOCALHOST_ONLY': '0', 'PATH': '/opt/loongson-gcc/bin:/home/abc/.vscode-server/data/User/globalStorage/github.copilot-chat/debugCommand:/home/abc/.vscode-server/data/User/globalStorage/github.copilot-chat/copilotCli:/home/abc/.vscode-server/cli/servers/Stable-585eba7c0c34fd6b30faac7c62a42050bfbc0086/server/bin/remote-cli:/opt/loongson-gcc/bin:/opt/ros/humble/bin:/usr/local/sbin:/usr/local/bin:/usr/sbin:/usr/bin:/sbin:/bin:/usr/games:/usr/local/games:/snap/bin:/home/abc/.vscode-server/extensions/ms-python.debugpy-2025.18.0/bundled/scripts/noConfigScripts', 'XDG_RUNTIME_DIR': '/run/user/1000', 'SSL_CERT_DIR': '/usr/lib/ssl/certs', 'VSCODE_DEBUGPY_ADAPTER_ENDPOINTS': '/home/abc/.vscode-server/extensions/ms-python.debugpy-2025.18.0/.noConfigDebugAdapterEndpoints/endpoint-eb3adf4cb764e782.txt', 'LANG': 'zh_CN.UTF-8', 'PYTHONSTARTUP': '/home/abc/.vscode-server/data/User/workspaceStorage/20b236a14418f8956cef225c8512416f/ms-python.python/pythonrc.py', 'LS_COLORS': 'rs=0:di=01;34:ln=01;36:mh=00:pi=40;33:so=01;35:do=01;35:bd=40;33;01:cd=40;33;01:or=40;31;01:mi=00:su=37;41:sg=30;43:ca=30;41:tw=30;42:ow=34;42:st=37;44:ex=01;32:*.tar=01;31:*.tgz=01;31:*.arc=01;31:*.arj=01;31:*.taz=01;31:*.lha=01;31:*.lz4=01;31:*.lzh=01;31:*.lzma=01;31:*.tlz=01;31:*.txz=01;31:*.tzo=01;31:*.t7z=01;31:*.zip=01;31:*.z=01;31:*.dz=01;31:*.gz=01;31:*.lrz=01;31:*.lz=01;31:*.lzo=01;31:*.xz=01;31:*.zst=01;31:*.tzst=01;31:*.bz2=01;31:*.bz=01;31:*.tbz=01;31:*.tbz2=01;31:*.tz=01;31:*.deb=01;31:*.rpm=01;31:*.jar=01;31:*.war=01;31:*.ear=01;31:*.sar=01;31:*.rar=01;31:*.alz=01;31:*.ace=01;31:*.zoo=01;31:*.cpio=01;31:*.7z=01;31:*.rz=01;31:*.cab=01;31:*.wim=01;31:*.swm=01;31:*.dwm=01;31:*.esd=01;31:*.jpg=01;35:*.jpeg=01;35:*.mjpg=01;35:*.mjpeg=01;35:*.gif=01;35:*.bmp=01;35:*.pbm=01;35:*.pgm=01;35:*.ppm=01;35:*.tga=01;35:*.xbm=01;35:*.xpm=01;35:*.tif=01;35:*.tiff=01;35:*.png=01;35:*.svg=01;35:*.svgz=01;35:*.mng=01;35:*.pcx=01;35:*.mov=01;35:*.mpg=01;35:*.mpeg=01;35:*.m2v=01;35:*.mkv=01;35:*.webm=01;35:*.webp=01;35:*.ogm=01;35:*.mp4=01;35:*.m4v=01;35:*.mp4v=01;35:*.vob=01;35:*.qt=01;35:*.nuv=01;35:*.wmv=01;35:*.asf=01;35:*.rm=01;35:*.rmvb=01;35:*.flc=01;35:*.avi=01;35:*.fli=01;35:*.flv=01;35:*.gl=01;35:*.dl=01;35:*.xcf=01;35:*.xwd=01;35:*.yuv=01;35:*.cgm=01;35:*.emf=01;35:*.ogv=01;35:*.ogx=01;35:*.aac=00;36:*.au=00;36:*.flac=00;36:*.m4a=00;36:*.mid=00;36:*.midi=00;36:*.mka=00;36:*.mp3=00;36:*.mpc=00;36:*.ogg=00;36:*.ra=00;36:*.wav=00;36:*.oga=00;36:*.opus=00;36:*.spx=00;36:*.xspf=00;36:', 'VSCODE_GIT_IPC_HANDLE': '/run/user/1000/vscode-git-91c7b8982f.sock', 'TERM_PROGRAM': 'vscode', 'AMENT_PREFIX_PATH': '/opt/ros/humble', 'SHELL': '/bin/bash', 'LESSCLOSE': '/usr/bin/lesspipe %s %s', 'VSCODE_GIT_ASKPASS_EXTRA_ARGS': '', 'PWD': '/home/abc/ws01_plumbing/build/py06_time', 'SSH_CONNECTION': '192.168.150.1 55401 192.168.150.128 22', 'XDG_DATA_DIRS': '/usr/share/gnome:/usr/local/share:/usr/share:/var/lib/snapd/desktop', 'PYTHONPATH': '/home/abc/ws01_plumbing/build/py06_time/prefix_override:/usr/lib/python3/dist-packages/colcon_core/task/python/colcon_distutils_commands:/home/abc/ws01_plumbing/install/py06_time/lib/python3.10/site-packages:/opt/ros/humble/lib/python3.10/site-packages:/opt/ros/humble/local/lib/python3.10/dist-packages', 'COLCON': '1'}, 'shell': False}
[32.627932] (py05_names) StdoutLine: {'line': b'running egg_info\n'}
[32.628537] (py05_names) StdoutLine: {'line': b'creating ../../build/py05_names/py05_names.egg-info\n'}
[32.628657] (py05_names) StdoutLine: {'line': b'writing ../../build/py05_names/py05_names.egg-info/PKG-INFO\n'}
[32.628827] (py05_names) StdoutLine: {'line': b'writing dependency_links to ../../build/py05_names/py05_names.egg-info/dependency_links.txt\n'}
[32.628913] (py05_names) StdoutLine: {'line': b'writing entry points to ../../build/py05_names/py05_names.egg-info/entry_points.txt\n'}
[32.628978] (py05_names) StdoutLine: {'line': b'writing requirements to ../../build/py05_names/py05_names.egg-info/requires.txt\n'}
[32.629054] (py05_names) StdoutLine: {'line': b'writing top-level names to ../../build/py05_names/py05_names.egg-info/top_level.txt\n'}
[32.629158] (py05_names) StdoutLine: {'line': b"writing manifest file '../../build/py05_names/py05_names.egg-info/SOURCES.txt'\n"}
[32.630219] (py05_names) StdoutLine: {'line': b"reading manifest file '../../build/py05_names/py05_names.egg-info/SOURCES.txt'\n"}
[32.630665] (py05_names) StdoutLine: {'line': b"writing manifest file '../../build/py05_names/py05_names.egg-info/SOURCES.txt'\n"}
[32.630813] (py05_names) StdoutLine: {'line': b'running build\n'}
[32.630874] (py05_names) StdoutLine: {'line': b'running build_py\n'}
[32.630919] (py05_names) StdoutLine: {'line': b'creating /home/abc/ws01_plumbing/build/py05_names/build\n'}
[32.630962] (py05_names) StdoutLine: {'line': b'creating /home/abc/ws01_plumbing/build/py05_names/build/lib\n'}
[32.631004] (py05_names) StdoutLine: {'line': b'creating /home/abc/ws01_plumbing/build/py05_names/build/lib/py05_names\n'}
[32.631034] (py05_names) StdoutLine: {'line': b'copying py05_names/demo1_names_py.py -> /home/abc/ws01_plumbing/build/py05_names/build/lib/py05_names\n'}
[32.632234] (py05_names) StdoutLine: {'line': b'copying py05_names/__init__.py -> /home/abc/ws01_plumbing/build/py05_names/build/lib/py05_names\n'}
[32.632358] (py05_names) StdoutLine: {'line': b'running install\n'}
[32.633884] (py05_names) StdoutLine: {'line': b'running install_lib\n'}
[32.634039] (py05_names) StdoutLine: {'line': b'creating /home/abc/ws01_plumbing/install/py05_names/lib/python3.10/site-packages/py05_names\n'}
[32.634099] (py05_names) StdoutLine: {'line': b'copying /home/abc/ws01_plumbing/build/py05_names/build/lib/py05_names/demo1_names_py.py -> /home/abc/ws01_plumbing/install/py05_names/lib/python3.10/site-packages/py05_names\n'}
[32.634130] (py05_names) StdoutLine: {'line': b'copying /home/abc/ws01_plumbing/build/py05_names/build/lib/py05_names/__init__.py -> /home/abc/ws01_plumbing/install/py05_names/lib/python3.10/site-packages/py05_names\n'}
[32.634376] (py05_names) StdoutLine: {'line': b'byte-compiling /home/abc/ws01_plumbing/install/py05_names/lib/python3.10/site-packages/py05_names/demo1_names_py.py to demo1_names_py.cpython-310.pyc\n'}
[32.634560] (py05_names) StdoutLine: {'line': b'byte-compiling /home/abc/ws01_plumbing/install/py05_names/lib/python3.10/site-packages/py05_names/__init__.py to __init__.cpython-310.pyc\n'}
[32.634655] (py05_names) StdoutLine: {'line': b'running install_data\n'}
[32.634738] (py05_names) StdoutLine: {'line': b'creating /home/abc/ws01_plumbing/install/py05_names/share/ament_index\n'}
[32.634860] (py05_names) StdoutLine: {'line': b'creating /home/abc/ws01_plumbing/install/py05_names/share/ament_index/resource_index\n'}
[32.634912] (py05_names) StdoutLine: {'line': b'creating /home/abc/ws01_plumbing/install/py05_names/share/ament_index/resource_index/packages\n'}
[32.634950] (py05_names) StdoutLine: {'line': b'copying resource/py05_names -> /home/abc/ws01_plumbing/install/py05_names/share/ament_index/resource_index/packages\n'}
[32.635013] (py05_names) StdoutLine: {'line': b'copying package.xml -> /home/abc/ws01_plumbing/install/py05_names/share/py05_names\n'}
[32.635330] (py05_names) StdoutLine: {'line': b'running install_egg_info\n'}
[32.638019] (py05_names) StdoutLine: {'line': b'Copying ../../build/py05_names/py05_names.egg-info to /home/abc/ws01_plumbing/install/py05_names/lib/python3.10/site-packages/py05_names-0.0.0-py3.10.egg-info\n'}
[32.638390] (py05_names) StdoutLine: {'line': b'running install_scripts\n'}
[32.641983] (cpp06_time) StdoutLine: {'line': b"-- Added test 'cppcheck' to perform static code analysis on C / C++ code\n"}
[32.642525] (cpp06_time) StdoutLine: {'line': b'-- Configured cppcheck include dirs: $<BUILD_INTERFACE:/home/abc/ws01_plumbing/src/cpp06_time/include>\n'}
[32.642635] (cpp06_time) StdoutLine: {'line': b'-- Configured cppcheck exclude dirs and/or files: \n'}
[32.645028] (cpp06_time) StdoutLine: {'line': b"-- Added test 'lint_cmake' to check CMake code style\n"}
[32.646366] (cpp06_time) StdoutLine: {'line': b"-- Added test 'uncrustify' to check C / C++ code style\n"}
[32.646491] (cpp06_time) StdoutLine: {'line': b'-- Configured uncrustify additional arguments: \n'}
[32.647884] (cpp06_time) StdoutLine: {'line': b"-- Added test 'xmllint' to check XML markup files\n"}
[32.651619] (cpp06_time) StdoutLine: {'line': b'-- Configuring done\n'}
[32.659819] (py05_names) StdoutLine: {'line': b'Installing demo1_names_py script to /home/abc/ws01_plumbing/install/py05_names/lib/py05_names\n'}
[32.661280] (py05_names) StdoutLine: {'line': b"writing list of installed files to '/home/abc/ws01_plumbing/build/py05_names/install.log'\n"}
[32.671198] (cpp06_time) StdoutLine: {'line': b'-- Generating done\n'}
[32.678004] (cpp06_time) StdoutLine: {'line': b'-- Build files have been written to: /home/abc/ws01_plumbing/build/cpp06_time\n'}
[32.697254] (-) TimerEvent: {}
[32.701856] (py05_names) CommandEnded: {'returncode': 0}
[32.709301] (py05_names) JobEnded: {'identifier': 'py05_names', 'rc': 0}
[32.710282] (cpp02_service) JobStarted: {'identifier': 'cpp02_service'}
[32.716891] (cpp06_time) CommandEnded: {'returncode': 0}
[32.717741] (cpp06_time) JobProgress: {'identifier': 'cpp06_time', 'progress': 'build'}
[32.717792] (cpp06_time) Command: {'cmd': ['/usr/bin/cmake', '--build', '/home/abc/ws01_plumbing/build/cpp06_time', '--', '-j4', '-l4'], 'cwd': '/home/abc/ws01_plumbing/build/cpp06_time', 'env': OrderedDict([('PYTHON_BASIC_REPL', '1'), ('LESSOPEN', '| /usr/bin/lesspipe %s'), ('LANGUAGE', 'zh_CN:zh'), ('USER', 'abc'), ('SSH_CLIENT', '192.168.150.1 55401 22'), ('XDG_SESSION_TYPE', 'tty'), ('GIT_ASKPASS', '/home/abc/.vscode-server/cli/servers/Stable-585eba7c0c34fd6b30faac7c62a42050bfbc0086/server/extensions/git/dist/askpass.sh'), ('SHLVL', '1'), ('LD_LIBRARY_PATH', '/opt/ros/humble/opt/rviz_ogre_vendor/lib:/opt/ros/humble/lib/x86_64-linux-gnu:/opt/ros/humble/lib'), ('BROWSER', '/home/abc/.vscode-server/cli/servers/Stable-585eba7c0c34fd6b30faac7c62a42050bfbc0086/server/bin/helpers/browser.sh'), ('MOTD_SHOWN', 'pam'), ('HOME', '/home/abc'), ('TERM_PROGRAM_VERSION', '1.108.1'), ('VSCODE_IPC_HOOK_CLI', '/run/user/1000/vscode-ipc-f7f99b24-bc5b-43d6-947e-2a9efb26413d.sock'), ('ROS_PYTHON_VERSION', '3'), ('VSCODE_GIT_ASKPASS_MAIN', '/home/abc/.vscode-server/cli/servers/Stable-585eba7c0c34fd6b30faac7c62a42050bfbc0086/server/extensions/git/dist/askpass-main.js'), ('VSCODE_GIT_ASKPASS_NODE', '/home/abc/.vscode-server/cli/servers/Stable-585eba7c0c34fd6b30faac7c62a42050bfbc0086/server/node'), ('SSL_CERT_FILE', '/usr/lib/ssl/certs/ca-certificates.crt'), ('PYDEVD_DISABLE_FILE_VALIDATION', '1'), ('BUNDLED_DEBUGPY_PATH', '/home/abc/.vscode-server/extensions/ms-python.debugpy-2025.18.0/bundled/libs/debugpy'), ('VSCODE_PYTHON_AUTOACTIVATE_GUARD', '1'), ('DBUS_SESSION_BUS_ADDRESS', 'unix:path=/run/user/1000/bus'), ('COLORTERM', 'truecolor'), ('ROS_DISTRO', 'humble'), ('LOGNAME', 'abc'), ('_', '/usr/bin/colcon'), ('ROS_VERSION', '2'), ('XDG_SESSION_CLASS', 'user'), ('TERM', 'xterm-256color'), ('XDG_SESSION_ID', '4'), ('ROS_LOCALHOST_ONLY', '0'), ('PATH', '/opt/loongson-gcc/bin:/home/abc/.vscode-server/data/User/globalStorage/github.copilot-chat/debugCommand:/home/abc/.vscode-server/data/User/globalStorage/github.copilot-chat/copilotCli:/home/abc/.vscode-server/cli/servers/Stable-585eba7c0c34fd6b30faac7c62a42050bfbc0086/server/bin/remote-cli:/opt/loongson-gcc/bin:/opt/ros/humble/bin:/usr/local/sbin:/usr/local/bin:/usr/sbin:/usr/bin:/sbin:/bin:/usr/games:/usr/local/games:/snap/bin:/home/abc/.vscode-server/extensions/ms-python.debugpy-2025.18.0/bundled/scripts/noConfigScripts'), ('XDG_RUNTIME_DIR', '/run/user/1000'), ('SSL_CERT_DIR', '/usr/lib/ssl/certs'), ('VSCODE_DEBUGPY_ADAPTER_ENDPOINTS', '/home/abc/.vscode-server/extensions/ms-python.debugpy-2025.18.0/.noConfigDebugAdapterEndpoints/endpoint-eb3adf4cb764e782.txt'), ('LANG', 'zh_CN.UTF-8'), ('PYTHONSTARTUP', '/home/abc/.vscode-server/data/User/workspaceStorage/20b236a14418f8956cef225c8512416f/ms-python.python/pythonrc.py'), ('LS_COLORS', 'rs=0:di=01;34:ln=01;36:mh=00:pi=40;33:so=01;35:do=01;35:bd=40;33;01:cd=40;33;01:or=40;31;01:mi=00:su=37;41:sg=30;43:ca=30;41:tw=30;42:ow=34;42:st=37;44:ex=01;32:*.tar=01;31:*.tgz=01;31:*.arc=01;31:*.arj=01;31:*.taz=01;31:*.lha=01;31:*.lz4=01;31:*.lzh=01;31:*.lzma=01;31:*.tlz=01;31:*.txz=01;31:*.tzo=01;31:*.t7z=01;31:*.zip=01;31:*.z=01;31:*.dz=01;31:*.gz=01;31:*.lrz=01;31:*.lz=01;31:*.lzo=01;31:*.xz=01;31:*.zst=01;31:*.tzst=01;31:*.bz2=01;31:*.bz=01;31:*.tbz=01;31:*.tbz2=01;31:*.tz=01;31:*.deb=01;31:*.rpm=01;31:*.jar=01;31:*.war=01;31:*.ear=01;31:*.sar=01;31:*.rar=01;31:*.alz=01;31:*.ace=01;31:*.zoo=01;31:*.cpio=01;31:*.7z=01;31:*.rz=01;31:*.cab=01;31:*.wim=01;31:*.swm=01;31:*.dwm=01;31:*.esd=01;31:*.jpg=01;35:*.jpeg=01;35:*.mjpg=01;35:*.mjpeg=01;35:*.gif=01;35:*.bmp=01;35:*.pbm=01;35:*.pgm=01;35:*.ppm=01;35:*.tga=01;35:*.xbm=01;35:*.xpm=01;35:*.tif=01;35:*.tiff=01;35:*.png=01;35:*.svg=01;35:*.svgz=01;35:*.mng=01;35:*.pcx=01;35:*.mov=01;35:*.mpg=01;35:*.mpeg=01;35:*.m2v=01;35:*.mkv=01;35:*.webm=01;35:*.webp=01;35:*.ogm=01;35:*.mp4=01;35:*.m4v=01;35:*.mp4v=01;35:*.vob=01;35:*.qt=01;35:*.nuv=01;35:*.wmv=01;35:*.asf=01;35:*.rm=01;35:*.rmvb=01;35:*.flc=01;35:*.avi=01;35:*.fli=01;35:*.flv=01;35:*.gl=01;35:*.dl=01;35:*.xcf=01;35:*.xwd=01;35:*.yuv=01;35:*.cgm=01;35:*.emf=01;35:*.ogv=01;35:*.ogx=01;35:*.aac=00;36:*.au=00;36:*.flac=00;36:*.m4a=00;36:*.mid=00;36:*.midi=00;36:*.mka=00;36:*.mp3=00;36:*.mpc=00;36:*.ogg=00;36:*.ra=00;36:*.wav=00;36:*.oga=00;36:*.opus=00;36:*.spx=00;36:*.xspf=00;36:'), ('VSCODE_GIT_IPC_HANDLE', '/run/user/1000/vscode-git-91c7b8982f.sock'), ('TERM_PROGRAM', 'vscode'), ('AMENT_PREFIX_PATH', '/opt/ros/humble'), ('SHELL', '/bin/bash'), ('LESSCLOSE', '/usr/bin/lesspipe %s %s'), ('VSCODE_GIT_ASKPASS_EXTRA_ARGS', ''), ('PWD', '/home/abc/ws01_plumbing/build/cpp06_time'), ('SSH_CONNECTION', '192.168.150.1 55401 192.168.150.128 22'), ('XDG_DATA_DIRS', '/usr/share/gnome:/usr/local/share:/usr/share:/var/lib/snapd/desktop'), ('PYTHONPATH', '/opt/ros/humble/lib/python3.10/site-packages:/opt/ros/humble/local/lib/python3.10/dist-packages'), ('COLCON', '1'), ('CMAKE_PREFIX_PATH', '/opt/ros/humble')]), 'shell': False}
[32.723373] (cpp02_service) JobProgress: {'identifier': 'cpp02_service', 'progress': 'cmake'}
[32.727096] (cpp02_service) Command: {'cmd': ['/usr/bin/cmake', '/home/abc/ws01_plumbing/src/cpp02_service', '-DCMAKE_INSTALL_PREFIX=/home/abc/ws01_plumbing/install/cpp02_service'], 'cwd': '/home/abc/ws01_plumbing/build/cpp02_service', 'env': OrderedDict([('PYTHON_BASIC_REPL', '1'), ('LESSOPEN', '| /usr/bin/lesspipe %s'), ('LANGUAGE', 'zh_CN:zh'), ('USER', 'abc'), ('SSH_CLIENT', '192.168.150.1 55401 22'), ('XDG_SESSION_TYPE', 'tty'), ('GIT_ASKPASS', '/home/abc/.vscode-server/cli/servers/Stable-585eba7c0c34fd6b30faac7c62a42050bfbc0086/server/extensions/git/dist/askpass.sh'), ('SHLVL', '1'), ('LD_LIBRARY_PATH', '/home/abc/ws01_plumbing/install/base_interfaces_demo/lib:/opt/ros/humble/opt/rviz_ogre_vendor/lib:/opt/ros/humble/lib/x86_64-linux-gnu:/opt/ros/humble/lib'), ('BROWSER', '/home/abc/.vscode-server/cli/servers/Stable-585eba7c0c34fd6b30faac7c62a42050bfbc0086/server/bin/helpers/browser.sh'), ('MOTD_SHOWN', 'pam'), ('HOME', '/home/abc'), ('TERM_PROGRAM_VERSION', '1.108.1'), ('VSCODE_IPC_HOOK_CLI', '/run/user/1000/vscode-ipc-f7f99b24-bc5b-43d6-947e-2a9efb26413d.sock'), ('ROS_PYTHON_VERSION', '3'), ('VSCODE_GIT_ASKPASS_MAIN', '/home/abc/.vscode-server/cli/servers/Stable-585eba7c0c34fd6b30faac7c62a42050bfbc0086/server/extensions/git/dist/askpass-main.js'), ('VSCODE_GIT_ASKPASS_NODE', '/home/abc/.vscode-server/cli/servers/Stable-585eba7c0c34fd6b30faac7c62a42050bfbc0086/server/node'), ('SSL_CERT_FILE', '/usr/lib/ssl/certs/ca-certificates.crt'), ('PYDEVD_DISABLE_FILE_VALIDATION', '1'), ('BUNDLED_DEBUGPY_PATH', '/home/abc/.vscode-server/extensions/ms-python.debugpy-2025.18.0/bundled/libs/debugpy'), ('VSCODE_PYTHON_AUTOACTIVATE_GUARD', '1'), ('DBUS_SESSION_BUS_ADDRESS', 'unix:path=/run/user/1000/bus'), ('COLORTERM', 'truecolor'), ('ROS_DISTRO', 'humble'), ('LOGNAME', 'abc'), ('_', '/usr/bin/colcon'), ('ROS_VERSION', '2'), ('XDG_SESSION_CLASS', 'user'), ('TERM', 'xterm-256color'), ('XDG_SESSION_ID', '4'), ('ROS_LOCALHOST_ONLY', '0'), ('PATH', '/opt/loongson-gcc/bin:/home/abc/.vscode-server/data/User/globalStorage/github.copilot-chat/debugCommand:/home/abc/.vscode-server/data/User/globalStorage/github.copilot-chat/copilotCli:/home/abc/.vscode-server/cli/servers/Stable-585eba7c0c34fd6b30faac7c62a42050bfbc0086/server/bin/remote-cli:/opt/loongson-gcc/bin:/opt/ros/humble/bin:/usr/local/sbin:/usr/local/bin:/usr/sbin:/usr/bin:/sbin:/bin:/usr/games:/usr/local/games:/snap/bin:/home/abc/.vscode-server/extensions/ms-python.debugpy-2025.18.0/bundled/scripts/noConfigScripts'), ('XDG_RUNTIME_DIR', '/run/user/1000'), ('SSL_CERT_DIR', '/usr/lib/ssl/certs'), ('VSCODE_DEBUGPY_ADAPTER_ENDPOINTS', '/home/abc/.vscode-server/extensions/ms-python.debugpy-2025.18.0/.noConfigDebugAdapterEndpoints/endpoint-eb3adf4cb764e782.txt'), ('LANG', 'zh_CN.UTF-8'), ('PYTHONSTARTUP', '/home/abc/.vscode-server/data/User/workspaceStorage/20b236a14418f8956cef225c8512416f/ms-python.python/pythonrc.py'), ('LS_COLORS', 'rs=0:di=01;34:ln=01;36:mh=00:pi=40;33:so=01;35:do=01;35:bd=40;33;01:cd=40;33;01:or=40;31;01:mi=00:su=37;41:sg=30;43:ca=30;41:tw=30;42:ow=34;42:st=37;44:ex=01;32:*.tar=01;31:*.tgz=01;31:*.arc=01;31:*.arj=01;31:*.taz=01;31:*.lha=01;31:*.lz4=01;31:*.lzh=01;31:*.lzma=01;31:*.tlz=01;31:*.txz=01;31:*.tzo=01;31:*.t7z=01;31:*.zip=01;31:*.z=01;31:*.dz=01;31:*.gz=01;31:*.lrz=01;31:*.lz=01;31:*.lzo=01;31:*.xz=01;31:*.zst=01;31:*.tzst=01;31:*.bz2=01;31:*.bz=01;31:*.tbz=01;31:*.tbz2=01;31:*.tz=01;31:*.deb=01;31:*.rpm=01;31:*.jar=01;31:*.war=01;31:*.ear=01;31:*.sar=01;31:*.rar=01;31:*.alz=01;31:*.ace=01;31:*.zoo=01;31:*.cpio=01;31:*.7z=01;31:*.rz=01;31:*.cab=01;31:*.wim=01;31:*.swm=01;31:*.dwm=01;31:*.esd=01;31:*.jpg=01;35:*.jpeg=01;35:*.mjpg=01;35:*.mjpeg=01;35:*.gif=01;35:*.bmp=01;35:*.pbm=01;35:*.pgm=01;35:*.ppm=01;35:*.tga=01;35:*.xbm=01;35:*.xpm=01;35:*.tif=01;35:*.tiff=01;35:*.png=01;35:*.svg=01;35:*.svgz=01;35:*.mng=01;35:*.pcx=01;35:*.mov=01;35:*.mpg=01;35:*.mpeg=01;35:*.m2v=01;35:*.mkv=01;35:*.webm=01;35:*.webp=01;35:*.ogm=01;35:*.mp4=01;35:*.m4v=01;35:*.mp4v=01;35:*.vob=01;35:*.qt=01;35:*.nuv=01;35:*.wmv=01;35:*.asf=01;35:*.rm=01;35:*.rmvb=01;35:*.flc=01;35:*.avi=01;35:*.fli=01;35:*.flv=01;35:*.gl=01;35:*.dl=01;35:*.xcf=01;35:*.xwd=01;35:*.yuv=01;35:*.cgm=01;35:*.emf=01;35:*.ogv=01;35:*.ogx=01;35:*.aac=00;36:*.au=00;36:*.flac=00;36:*.m4a=00;36:*.mid=00;36:*.midi=00;36:*.mka=00;36:*.mp3=00;36:*.mpc=00;36:*.ogg=00;36:*.ra=00;36:*.wav=00;36:*.oga=00;36:*.opus=00;36:*.spx=00;36:*.xspf=00;36:'), ('VSCODE_GIT_IPC_HANDLE', '/run/user/1000/vscode-git-91c7b8982f.sock'), ('TERM_PROGRAM', 'vscode'), ('AMENT_PREFIX_PATH', '/home/abc/ws01_plumbing/install/base_interfaces_demo:/opt/ros/humble'), ('SHELL', '/bin/bash'), ('LESSCLOSE', '/usr/bin/lesspipe %s %s'), ('VSCODE_GIT_ASKPASS_EXTRA_ARGS', ''), ('PWD', '/home/abc/ws01_plumbing/build/cpp02_service'), ('SSH_CONNECTION', '192.168.150.1 55401 192.168.150.128 22'), ('XDG_DATA_DIRS', '/usr/share/gnome:/usr/local/share:/usr/share:/var/lib/snapd/desktop'), ('PYTHONPATH', '/home/abc/ws01_plumbing/install/base_interfaces_demo/local/lib/python3.10/dist-packages:/opt/ros/humble/lib/python3.10/site-packages:/opt/ros/humble/local/lib/python3.10/dist-packages'), ('COLCON', '1'), ('CMAKE_PREFIX_PATH', '/home/abc/ws01_plumbing/install/base_interfaces_demo:/opt/ros/humble')]), 'shell': False}
[32.783115] (cpp06_time) StdoutLine: {'line': b'[ 50%] \x1b[32mBuilding CXX object CMakeFiles/demo01_time.dir/src/demo01_time.cpp.o\x1b[0m\n'}
[32.792070] (cpp02_service) StdoutLine: {'line': b'-- The C compiler identification is GNU 11.4.0\n'}
[32.797787] (-) TimerEvent: {}
[32.827706] (py06_time) StdoutLine: {'line': b'running egg_info\n'}
[32.828122] (py06_time) StdoutLine: {'line': b'creating ../../build/py06_time/py06_time.egg-info\n'}
[32.828176] (py06_time) StdoutLine: {'line': b'writing ../../build/py06_time/py06_time.egg-info/PKG-INFO\n'}
[32.828499] (py06_time) StdoutLine: {'line': b'writing dependency_links to ../../build/py06_time/py06_time.egg-info/dependency_links.txt\n'}
[32.828654] (py06_time) StdoutLine: {'line': b'writing entry points to ../../build/py06_time/py06_time.egg-info/entry_points.txt\n'}
[32.829196] (py06_time) StdoutLine: {'line': b'writing requirements to ../../build/py06_time/py06_time.egg-info/requires.txt\n'}
[32.831662] (py06_time) StdoutLine: {'line': b'writing top-level names to ../../build/py06_time/py06_time.egg-info/top_level.txt\n'}
[32.831834] (py06_time) StdoutLine: {'line': b"writing manifest file '../../build/py06_time/py06_time.egg-info/SOURCES.txt'\n"}
[32.831866] (py06_time) StdoutLine: {'line': b"reading manifest file '../../build/py06_time/py06_time.egg-info/SOURCES.txt'\n"}
[32.831894] (py06_time) StdoutLine: {'line': b"writing manifest file '../../build/py06_time/py06_time.egg-info/SOURCES.txt'\n"}
[32.831921] (py06_time) StdoutLine: {'line': b'running build\n'}
[32.831946] (py06_time) StdoutLine: {'line': b'running build_py\n'}
[32.831973] (py06_time) StdoutLine: {'line': b'creating /home/abc/ws01_plumbing/build/py06_time/build\n'}
[32.832003] (py06_time) StdoutLine: {'line': b'creating /home/abc/ws01_plumbing/build/py06_time/build/lib\n'}
[32.832031] (py06_time) StdoutLine: {'line': b'creating /home/abc/ws01_plumbing/build/py06_time/build/lib/py06_time\n'}
[32.832572] (py06_time) StdoutLine: {'line': b'copying py06_time/__init__.py -> /home/abc/ws01_plumbing/build/py06_time/build/lib/py06_time\n'}
[32.832932] (py06_time) StdoutLine: {'line': b'copying py06_time/demo01_time_py.py -> /home/abc/ws01_plumbing/build/py06_time/build/lib/py06_time\n'}
[32.833438] (py06_time) StdoutLine: {'line': b'running install\n'}
[32.834362] (py06_time) StdoutLine: {'line': b'running install_lib\n'}
[32.834553] (py06_time) StdoutLine: {'line': b'creating /home/abc/ws01_plumbing/install/py06_time/lib/python3.10/site-packages/py06_time\n'}
[32.834770] (py06_time) StdoutLine: {'line': b'copying /home/abc/ws01_plumbing/build/py06_time/build/lib/py06_time/__init__.py -> /home/abc/ws01_plumbing/install/py06_time/lib/python3.10/site-packages/py06_time\n'}
[32.835073] (py06_time) StdoutLine: {'line': b'copying /home/abc/ws01_plumbing/build/py06_time/build/lib/py06_time/demo01_time_py.py -> /home/abc/ws01_plumbing/install/py06_time/lib/python3.10/site-packages/py06_time\n'}
[32.835723] (py06_time) StdoutLine: {'line': b'byte-compiling /home/abc/ws01_plumbing/install/py06_time/lib/python3.10/site-packages/py06_time/__init__.py to __init__.cpython-310.pyc\n'}
[32.836306] (py06_time) StdoutLine: {'line': b'byte-compiling /home/abc/ws01_plumbing/install/py06_time/lib/python3.10/site-packages/py06_time/demo01_time_py.py to demo01_time_py.cpython-310.pyc\n'}
[32.837478] (py06_time) StdoutLine: {'line': b'running install_data\n'}
[32.837870] (py06_time) StdoutLine: {'line': b'creating /home/abc/ws01_plumbing/install/py06_time/share/ament_index\n'}
[32.837935] (py06_time) StdoutLine: {'line': b'creating /home/abc/ws01_plumbing/install/py06_time/share/ament_index/resource_index\n'}
[32.837962] (py06_time) StdoutLine: {'line': b'creating /home/abc/ws01_plumbing/install/py06_time/share/ament_index/resource_index/packages\n'}
[32.838150] (py06_time) StdoutLine: {'line': b'copying resource/py06_time -> /home/abc/ws01_plumbing/install/py06_time/share/ament_index/resource_index/packages\n'}
[32.838442] (py06_time) StdoutLine: {'line': b'copying package.xml -> /home/abc/ws01_plumbing/install/py06_time/share/py06_time\n'}
[32.839304] (py06_time) StdoutLine: {'line': b'running install_egg_info\n'}
[32.839564] (cpp02_service) StdoutLine: {'line': b'-- The CXX compiler identification is GNU 11.4.0\n'}
[32.840504] (py06_time) StdoutLine: {'line': b'Copying ../../build/py06_time/py06_time.egg-info to /home/abc/ws01_plumbing/install/py06_time/lib/python3.10/site-packages/py06_time-0.0.0-py3.10.egg-info\n'}
[32.841232] (py06_time) StdoutLine: {'line': b'running install_scripts\n'}
[32.857457] (py06_time) StdoutLine: {'line': b'Installing demo01_time_py script to /home/abc/ws01_plumbing/install/py06_time/lib/py06_time\n'}
[32.858137] (py06_time) StdoutLine: {'line': b"writing list of installed files to '/home/abc/ws01_plumbing/build/py06_time/install.log'\n"}
[32.861291] (cpp02_service) StdoutLine: {'line': b'-- Detecting C compiler ABI info\n'}
[32.882869] (py06_time) CommandEnded: {'returncode': 0}
[32.897008] (py06_time) JobEnded: {'identifier': 'py06_time', 'rc': 0}
[32.897924] (-) TimerEvent: {}
[32.898384] (cpp07_exercise) JobStarted: {'identifier': 'cpp07_exercise'}
[32.916815] (cpp07_exercise) JobProgress: {'identifier': 'cpp07_exercise', 'progress': 'cmake'}
[32.930099] (cpp07_exercise) JobProgress: {'identifier': 'cpp07_exercise', 'progress': 'build'}
[32.930837] (cpp07_exercise) Command: {'cmd': ['/usr/bin/cmake', '--build', '/home/abc/ws01_plumbing/build/cpp07_exercise', '--', '-j4', '-l4'], 'cwd': '/home/abc/ws01_plumbing/build/cpp07_exercise', 'env': OrderedDict([('PYTHON_BASIC_REPL', '1'), ('LESSOPEN', '| /usr/bin/lesspipe %s'), ('LANGUAGE', 'zh_CN:zh'), ('USER', 'abc'), ('SSH_CLIENT', '192.168.150.1 55401 22'), ('XDG_SESSION_TYPE', 'tty'), ('GIT_ASKPASS', '/home/abc/.vscode-server/cli/servers/Stable-585eba7c0c34fd6b30faac7c62a42050bfbc0086/server/extensions/git/dist/askpass.sh'), ('SHLVL', '1'), ('LD_LIBRARY_PATH', '/home/abc/ws01_plumbing/install/turtlesim/lib:/home/abc/ws01_plumbing/install/base_interfaces_demo/lib:/opt/ros/humble/opt/rviz_ogre_vendor/lib:/opt/ros/humble/lib/x86_64-linux-gnu:/opt/ros/humble/lib'), ('BROWSER', '/home/abc/.vscode-server/cli/servers/Stable-585eba7c0c34fd6b30faac7c62a42050bfbc0086/server/bin/helpers/browser.sh'), ('MOTD_SHOWN', 'pam'), ('HOME', '/home/abc'), ('TERM_PROGRAM_VERSION', '1.108.1'), ('VSCODE_IPC_HOOK_CLI', '/run/user/1000/vscode-ipc-f7f99b24-bc5b-43d6-947e-2a9efb26413d.sock'), ('ROS_PYTHON_VERSION', '3'), ('VSCODE_GIT_ASKPASS_MAIN', '/home/abc/.vscode-server/cli/servers/Stable-585eba7c0c34fd6b30faac7c62a42050bfbc0086/server/extensions/git/dist/askpass-main.js'), ('VSCODE_GIT_ASKPASS_NODE', '/home/abc/.vscode-server/cli/servers/Stable-585eba7c0c34fd6b30faac7c62a42050bfbc0086/server/node'), ('SSL_CERT_FILE', '/usr/lib/ssl/certs/ca-certificates.crt'), ('PYDEVD_DISABLE_FILE_VALIDATION', '1'), ('BUNDLED_DEBUGPY_PATH', '/home/abc/.vscode-server/extensions/ms-python.debugpy-2025.18.0/bundled/libs/debugpy'), ('VSCODE_PYTHON_AUTOACTIVATE_GUARD', '1'), ('DBUS_SESSION_BUS_ADDRESS', 'unix:path=/run/user/1000/bus'), ('COLORTERM', 'truecolor'), ('ROS_DISTRO', 'humble'), ('LOGNAME', 'abc'), ('_', '/usr/bin/colcon'), ('ROS_VERSION', '2'), ('XDG_SESSION_CLASS', 'user'), ('TERM', 'xterm-256color'), ('XDG_SESSION_ID', '4'), ('ROS_LOCALHOST_ONLY', '0'), ('PATH', '/opt/loongson-gcc/bin:/home/abc/.vscode-server/data/User/globalStorage/github.copilot-chat/debugCommand:/home/abc/.vscode-server/data/User/globalStorage/github.copilot-chat/copilotCli:/home/abc/.vscode-server/cli/servers/Stable-585eba7c0c34fd6b30faac7c62a42050bfbc0086/server/bin/remote-cli:/opt/loongson-gcc/bin:/opt/ros/humble/bin:/usr/local/sbin:/usr/local/bin:/usr/sbin:/usr/bin:/sbin:/bin:/usr/games:/usr/local/games:/snap/bin:/home/abc/.vscode-server/extensions/ms-python.debugpy-2025.18.0/bundled/scripts/noConfigScripts'), ('XDG_RUNTIME_DIR', '/run/user/1000'), ('SSL_CERT_DIR', '/usr/lib/ssl/certs'), ('VSCODE_DEBUGPY_ADAPTER_ENDPOINTS', '/home/abc/.vscode-server/extensions/ms-python.debugpy-2025.18.0/.noConfigDebugAdapterEndpoints/endpoint-eb3adf4cb764e782.txt'), ('LANG', 'zh_CN.UTF-8'), ('PYTHONSTARTUP', '/home/abc/.vscode-server/data/User/workspaceStorage/20b236a14418f8956cef225c8512416f/ms-python.python/pythonrc.py'), ('LS_COLORS', 'rs=0:di=01;34:ln=01;36:mh=00:pi=40;33:so=01;35:do=01;35:bd=40;33;01:cd=40;33;01:or=40;31;01:mi=00:su=37;41:sg=30;43:ca=30;41:tw=30;42:ow=34;42:st=37;44:ex=01;32:*.tar=01;31:*.tgz=01;31:*.arc=01;31:*.arj=01;31:*.taz=01;31:*.lha=01;31:*.lz4=01;31:*.lzh=01;31:*.lzma=01;31:*.tlz=01;31:*.txz=01;31:*.tzo=01;31:*.t7z=01;31:*.zip=01;31:*.z=01;31:*.dz=01;31:*.gz=01;31:*.lrz=01;31:*.lz=01;31:*.lzo=01;31:*.xz=01;31:*.zst=01;31:*.tzst=01;31:*.bz2=01;31:*.bz=01;31:*.tbz=01;31:*.tbz2=01;31:*.tz=01;31:*.deb=01;31:*.rpm=01;31:*.jar=01;31:*.war=01;31:*.ear=01;31:*.sar=01;31:*.rar=01;31:*.alz=01;31:*.ace=01;31:*.zoo=01;31:*.cpio=01;31:*.7z=01;31:*.rz=01;31:*.cab=01;31:*.wim=01;31:*.swm=01;31:*.dwm=01;31:*.esd=01;31:*.jpg=01;35:*.jpeg=01;35:*.mjpg=01;35:*.mjpeg=01;35:*.gif=01;35:*.bmp=01;35:*.pbm=01;35:*.pgm=01;35:*.ppm=01;35:*.tga=01;35:*.xbm=01;35:*.xpm=01;35:*.tif=01;35:*.tiff=01;35:*.png=01;35:*.svg=01;35:*.svgz=01;35:*.mng=01;35:*.pcx=01;35:*.mov=01;35:*.mpg=01;35:*.mpeg=01;35:*.m2v=01;35:*.mkv=01;35:*.webm=01;35:*.webp=01;35:*.ogm=01;35:*.mp4=01;35:*.m4v=01;35:*.mp4v=01;35:*.vob=01;35:*.qt=01;35:*.nuv=01;35:*.wmv=01;35:*.asf=01;35:*.rm=01;35:*.rmvb=01;35:*.flc=01;35:*.avi=01;35:*.fli=01;35:*.flv=01;35:*.gl=01;35:*.dl=01;35:*.xcf=01;35:*.xwd=01;35:*.yuv=01;35:*.cgm=01;35:*.emf=01;35:*.ogv=01;35:*.ogx=01;35:*.aac=00;36:*.au=00;36:*.flac=00;36:*.m4a=00;36:*.mid=00;36:*.midi=00;36:*.mka=00;36:*.mp3=00;36:*.mpc=00;36:*.ogg=00;36:*.ra=00;36:*.wav=00;36:*.oga=00;36:*.opus=00;36:*.spx=00;36:*.xspf=00;36:'), ('VSCODE_GIT_IPC_HANDLE', '/run/user/1000/vscode-git-91c7b8982f.sock'), ('TERM_PROGRAM', 'vscode'), ('AMENT_PREFIX_PATH', '/home/abc/ws01_plumbing/install/turtlesim:/home/abc/ws01_plumbing/install/base_interfaces_demo:/opt/ros/humble'), ('SHELL', '/bin/bash'), ('LESSCLOSE', '/usr/bin/lesspipe %s %s'), ('VSCODE_GIT_ASKPASS_EXTRA_ARGS', ''), ('PWD', '/home/abc/ws01_plumbing/build/cpp07_exercise'), ('SSH_CONNECTION', '192.168.150.1 55401 192.168.150.128 22'), ('XDG_DATA_DIRS', '/usr/share/gnome:/usr/local/share:/usr/share:/var/lib/snapd/desktop'), ('PYTHONPATH', '/home/abc/ws01_plumbing/install/turtlesim/local/lib/python3.10/dist-packages:/home/abc/ws01_plumbing/install/base_interfaces_demo/local/lib/python3.10/dist-packages:/opt/ros/humble/lib/python3.10/site-packages:/opt/ros/humble/local/lib/python3.10/dist-packages'), ('COLCON', '1'), ('CMAKE_PREFIX_PATH', '/home/abc/ws01_plumbing/install/turtlesim:/home/abc/ws01_plumbing/install/base_interfaces_demo:/opt/ros/humble')]), 'shell': False}
[33.000439] (-) TimerEvent: {}
[33.010075] (cpp02_service) StdoutLine: {'line': b'-- Detecting C compiler ABI info - done\n'}
[33.014274] (cpp02_service) StdoutLine: {'line': b'-- Check for working C compiler: /usr/bin/cc - skipped\n'}
[33.014580] (cpp02_service) StdoutLine: {'line': b'-- Detecting C compile features\n'}
[33.014935] (cpp02_service) StdoutLine: {'line': b'-- Detecting C compile features - done\n'}
[33.017963] (cpp02_service) StdoutLine: {'line': b'-- Detecting CXX compiler ABI info\n'}
[33.050045] (cpp07_exercise) StdoutLine: {'line': b'[ 16%] Built target exer01_pub_sub\n'}
[33.092074] (cpp07_exercise) StdoutLine: {'line': b'[ 33%] Built target exer04_action_server\n'}
[33.100610] (-) TimerEvent: {}
[33.165887] (cpp02_service) StdoutLine: {'line': b'-- Detecting CXX compiler ABI info - done\n'}
[33.177485] (cpp07_exercise) StdoutLine: {'line': b'[ 50%] Built target exer05_action_client\n'}
[33.189695] (cpp02_service) StdoutLine: {'line': b'-- Check for working CXX compiler: /usr/bin/c++ - skipped\n'}
[33.189990] (cpp02_service) StdoutLine: {'line': b'-- Detecting CXX compile features\n'}
[33.190583] (cpp02_service) StdoutLine: {'line': b'-- Detecting CXX compile features - done\n'}
[33.200155] (cpp02_service) StdoutLine: {'line': b'-- Found ament_cmake: 1.3.11 (/opt/ros/humble/share/ament_cmake/cmake)\n'}
[33.210927] (-) TimerEvent: {}
[33.223702] (cpp07_exercise) StdoutLine: {'line': b'\x1b[35m\x1b[1mConsolidate compiler generated dependencies of target exer06_param\x1b[0m\n'}
[33.271086] (cpp07_exercise) StdoutLine: {'line': b'[ 66%] Built target exer06_param\n'}
[33.312866] (-) TimerEvent: {}
[33.356207] (cpp07_exercise) StdoutLine: {'line': b'[ 83%] Built target exer03_client\n'}
[33.414137] (-) TimerEvent: {}
[33.416203] (cpp07_exercise) StdoutLine: {'line': b'[100%] Built target exer02_server\n'}
[33.455467] (cpp02_service) StdoutLine: {'line': b'-- Found Python3: /usr/bin/python3 (found version "3.10.12") found components: Interpreter \n'}
[33.458176] (cpp07_exercise) CommandEnded: {'returncode': 0}
[33.462690] (cpp07_exercise) JobProgress: {'identifier': 'cpp07_exercise', 'progress': 'install'}
[33.464815] (cpp07_exercise) Command: {'cmd': ['/usr/bin/cmake', '--install', '/home/abc/ws01_plumbing/build/cpp07_exercise'], 'cwd': '/home/abc/ws01_plumbing/build/cpp07_exercise', 'env': OrderedDict([('PYTHON_BASIC_REPL', '1'), ('LESSOPEN', '| /usr/bin/lesspipe %s'), ('LANGUAGE', 'zh_CN:zh'), ('USER', 'abc'), ('SSH_CLIENT', '192.168.150.1 55401 22'), ('XDG_SESSION_TYPE', 'tty'), ('GIT_ASKPASS', '/home/abc/.vscode-server/cli/servers/Stable-585eba7c0c34fd6b30faac7c62a42050bfbc0086/server/extensions/git/dist/askpass.sh'), ('SHLVL', '1'), ('LD_LIBRARY_PATH', '/home/abc/ws01_plumbing/install/turtlesim/lib:/home/abc/ws01_plumbing/install/base_interfaces_demo/lib:/opt/ros/humble/opt/rviz_ogre_vendor/lib:/opt/ros/humble/lib/x86_64-linux-gnu:/opt/ros/humble/lib'), ('BROWSER', '/home/abc/.vscode-server/cli/servers/Stable-585eba7c0c34fd6b30faac7c62a42050bfbc0086/server/bin/helpers/browser.sh'), ('MOTD_SHOWN', 'pam'), ('HOME', '/home/abc'), ('TERM_PROGRAM_VERSION', '1.108.1'), ('VSCODE_IPC_HOOK_CLI', '/run/user/1000/vscode-ipc-f7f99b24-bc5b-43d6-947e-2a9efb26413d.sock'), ('ROS_PYTHON_VERSION', '3'), ('VSCODE_GIT_ASKPASS_MAIN', '/home/abc/.vscode-server/cli/servers/Stable-585eba7c0c34fd6b30faac7c62a42050bfbc0086/server/extensions/git/dist/askpass-main.js'), ('VSCODE_GIT_ASKPASS_NODE', '/home/abc/.vscode-server/cli/servers/Stable-585eba7c0c34fd6b30faac7c62a42050bfbc0086/server/node'), ('SSL_CERT_FILE', '/usr/lib/ssl/certs/ca-certificates.crt'), ('PYDEVD_DISABLE_FILE_VALIDATION', '1'), ('BUNDLED_DEBUGPY_PATH', '/home/abc/.vscode-server/extensions/ms-python.debugpy-2025.18.0/bundled/libs/debugpy'), ('VSCODE_PYTHON_AUTOACTIVATE_GUARD', '1'), ('DBUS_SESSION_BUS_ADDRESS', 'unix:path=/run/user/1000/bus'), ('COLORTERM', 'truecolor'), ('ROS_DISTRO', 'humble'), ('LOGNAME', 'abc'), ('_', '/usr/bin/colcon'), ('ROS_VERSION', '2'), ('XDG_SESSION_CLASS', 'user'), ('TERM', 'xterm-256color'), ('XDG_SESSION_ID', '4'), ('ROS_LOCALHOST_ONLY', '0'), ('PATH', '/opt/loongson-gcc/bin:/home/abc/.vscode-server/data/User/globalStorage/github.copilot-chat/debugCommand:/home/abc/.vscode-server/data/User/globalStorage/github.copilot-chat/copilotCli:/home/abc/.vscode-server/cli/servers/Stable-585eba7c0c34fd6b30faac7c62a42050bfbc0086/server/bin/remote-cli:/opt/loongson-gcc/bin:/opt/ros/humble/bin:/usr/local/sbin:/usr/local/bin:/usr/sbin:/usr/bin:/sbin:/bin:/usr/games:/usr/local/games:/snap/bin:/home/abc/.vscode-server/extensions/ms-python.debugpy-2025.18.0/bundled/scripts/noConfigScripts'), ('XDG_RUNTIME_DIR', '/run/user/1000'), ('SSL_CERT_DIR', '/usr/lib/ssl/certs'), ('VSCODE_DEBUGPY_ADAPTER_ENDPOINTS', '/home/abc/.vscode-server/extensions/ms-python.debugpy-2025.18.0/.noConfigDebugAdapterEndpoints/endpoint-eb3adf4cb764e782.txt'), ('LANG', 'zh_CN.UTF-8'), ('PYTHONSTARTUP', '/home/abc/.vscode-server/data/User/workspaceStorage/20b236a14418f8956cef225c8512416f/ms-python.python/pythonrc.py'), ('LS_COLORS', 'rs=0:di=01;34:ln=01;36:mh=00:pi=40;33:so=01;35:do=01;35:bd=40;33;01:cd=40;33;01:or=40;31;01:mi=00:su=37;41:sg=30;43:ca=30;41:tw=30;42:ow=34;42:st=37;44:ex=01;32:*.tar=01;31:*.tgz=01;31:*.arc=01;31:*.arj=01;31:*.taz=01;31:*.lha=01;31:*.lz4=01;31:*.lzh=01;31:*.lzma=01;31:*.tlz=01;31:*.txz=01;31:*.tzo=01;31:*.t7z=01;31:*.zip=01;31:*.z=01;31:*.dz=01;31:*.gz=01;31:*.lrz=01;31:*.lz=01;31:*.lzo=01;31:*.xz=01;31:*.zst=01;31:*.tzst=01;31:*.bz2=01;31:*.bz=01;31:*.tbz=01;31:*.tbz2=01;31:*.tz=01;31:*.deb=01;31:*.rpm=01;31:*.jar=01;31:*.war=01;31:*.ear=01;31:*.sar=01;31:*.rar=01;31:*.alz=01;31:*.ace=01;31:*.zoo=01;31:*.cpio=01;31:*.7z=01;31:*.rz=01;31:*.cab=01;31:*.wim=01;31:*.swm=01;31:*.dwm=01;31:*.esd=01;31:*.jpg=01;35:*.jpeg=01;35:*.mjpg=01;35:*.mjpeg=01;35:*.gif=01;35:*.bmp=01;35:*.pbm=01;35:*.pgm=01;35:*.ppm=01;35:*.tga=01;35:*.xbm=01;35:*.xpm=01;35:*.tif=01;35:*.tiff=01;35:*.png=01;35:*.svg=01;35:*.svgz=01;35:*.mng=01;35:*.pcx=01;35:*.mov=01;35:*.mpg=01;35:*.mpeg=01;35:*.m2v=01;35:*.mkv=01;35:*.webm=01;35:*.webp=01;35:*.ogm=01;35:*.mp4=01;35:*.m4v=01;35:*.mp4v=01;35:*.vob=01;35:*.qt=01;35:*.nuv=01;35:*.wmv=01;35:*.asf=01;35:*.rm=01;35:*.rmvb=01;35:*.flc=01;35:*.avi=01;35:*.fli=01;35:*.flv=01;35:*.gl=01;35:*.dl=01;35:*.xcf=01;35:*.xwd=01;35:*.yuv=01;35:*.cgm=01;35:*.emf=01;35:*.ogv=01;35:*.ogx=01;35:*.aac=00;36:*.au=00;36:*.flac=00;36:*.m4a=00;36:*.mid=00;36:*.midi=00;36:*.mka=00;36:*.mp3=00;36:*.mpc=00;36:*.ogg=00;36:*.ra=00;36:*.wav=00;36:*.oga=00;36:*.opus=00;36:*.spx=00;36:*.xspf=00;36:'), ('VSCODE_GIT_IPC_HANDLE', '/run/user/1000/vscode-git-91c7b8982f.sock'), ('TERM_PROGRAM', 'vscode'), ('AMENT_PREFIX_PATH', '/home/abc/ws01_plumbing/install/turtlesim:/home/abc/ws01_plumbing/install/base_interfaces_demo:/opt/ros/humble'), ('SHELL', '/bin/bash'), ('LESSCLOSE', '/usr/bin/lesspipe %s %s'), ('VSCODE_GIT_ASKPASS_EXTRA_ARGS', ''), ('PWD', '/home/abc/ws01_plumbing/build/cpp07_exercise'), ('SSH_CONNECTION', '192.168.150.1 55401 192.168.150.128 22'), ('XDG_DATA_DIRS', '/usr/share/gnome:/usr/local/share:/usr/share:/var/lib/snapd/desktop'), ('PYTHONPATH', '/home/abc/ws01_plumbing/install/turtlesim/local/lib/python3.10/dist-packages:/home/abc/ws01_plumbing/install/base_interfaces_demo/local/lib/python3.10/dist-packages:/opt/ros/humble/lib/python3.10/site-packages:/opt/ros/humble/local/lib/python3.10/dist-packages'), ('COLCON', '1'), ('CMAKE_PREFIX_PATH', '/home/abc/ws01_plumbing/install/turtlesim:/home/abc/ws01_plumbing/install/base_interfaces_demo:/opt/ros/humble')]), 'shell': False}
[33.481451] (cpp07_exercise) StdoutLine: {'line': b'-- Install configuration: ""\n'}
[33.483572] (cpp07_exercise) StdoutLine: {'line': b'-- Up-to-date: /home/abc/ws01_plumbing/install/cpp07_exercise/lib/cpp07_exercise/exer01_pub_sub\n'}
[33.486080] (cpp07_exercise) StdoutLine: {'line': b'-- Up-to-date: /home/abc/ws01_plumbing/install/cpp07_exercise/lib/cpp07_exercise/exer02_server\n'}
[33.487101] (cpp07_exercise) StdoutLine: {'line': b'-- Up-to-date: /home/abc/ws01_plumbing/install/cpp07_exercise/lib/cpp07_exercise/exer03_client\n'}
[33.488830] (cpp07_exercise) StdoutLine: {'line': b'-- Up-to-date: /home/abc/ws01_plumbing/install/cpp07_exercise/lib/cpp07_exercise/exer04_action_server\n'}
[33.492550] (cpp07_exercise) StdoutLine: {'line': b'-- Up-to-date: /home/abc/ws01_plumbing/install/cpp07_exercise/lib/cpp07_exercise/exer05_action_client\n'}
[33.494800] (cpp07_exercise) StdoutLine: {'line': b'-- Up-to-date: /home/abc/ws01_plumbing/install/cpp07_exercise/lib/cpp07_exercise/exer06_param\n'}
[33.495329] (cpp07_exercise) StdoutLine: {'line': b'-- Up-to-date: /home/abc/ws01_plumbing/install/cpp07_exercise/share/cpp07_exercise/launch\n'}
[33.495663] (cpp07_exercise) StdoutLine: {'line': b'-- Up-to-date: /home/abc/ws01_plumbing/install/cpp07_exercise/share/cpp07_exercise/launch/exer04_server_launch.py\n'}
[33.495931] (cpp07_exercise) StdoutLine: {'line': b'-- Up-to-date: /home/abc/ws01_plumbing/install/cpp07_exercise/share/cpp07_exercise/launch/exer01_pub_sub_launch.py\n'}
[33.496161] (cpp07_exercise) StdoutLine: {'line': b'-- Up-to-date: /home/abc/ws01_plumbing/install/cpp07_exercise/share/cpp07_exercise/launch/exer05_client_launch.py\n'}
[33.496386] (cpp07_exercise) StdoutLine: {'line': b'-- Up-to-date: /home/abc/ws01_plumbing/install/cpp07_exercise/share/cpp07_exercise/launch/exer02_server_launch.py\n'}
[33.496621] (cpp07_exercise) StdoutLine: {'line': b'-- Up-to-date: /home/abc/ws01_plumbing/install/cpp07_exercise/share/cpp07_exercise/launch/exer06_param_launch.py\n'}
[33.496863] (cpp07_exercise) StdoutLine: {'line': b'-- Up-to-date: /home/abc/ws01_plumbing/install/cpp07_exercise/share/cpp07_exercise/launch/exer03_client_launch.py\n'}
[33.497090] (cpp07_exercise) StdoutLine: {'line': b'-- Up-to-date: /home/abc/ws01_plumbing/install/cpp07_exercise/share/ament_index/resource_index/package_run_dependencies/cpp07_exercise\n'}
[33.497306] (cpp07_exercise) StdoutLine: {'line': b'-- Up-to-date: /home/abc/ws01_plumbing/install/cpp07_exercise/share/ament_index/resource_index/parent_prefix_path/cpp07_exercise\n'}
[33.497512] (cpp07_exercise) StdoutLine: {'line': b'-- Up-to-date: /home/abc/ws01_plumbing/install/cpp07_exercise/share/cpp07_exercise/environment/ament_prefix_path.sh\n'}
[33.500023] (cpp07_exercise) StdoutLine: {'line': b'-- Up-to-date: /home/abc/ws01_plumbing/install/cpp07_exercise/share/cpp07_exercise/environment/ament_prefix_path.dsv\n'}
[33.500282] (cpp07_exercise) StdoutLine: {'line': b'-- Up-to-date: /home/abc/ws01_plumbing/install/cpp07_exercise/share/cpp07_exercise/environment/path.sh\n'}
[33.500488] (cpp07_exercise) StdoutLine: {'line': b'-- Up-to-date: /home/abc/ws01_plumbing/install/cpp07_exercise/share/cpp07_exercise/environment/path.dsv\n'}
[33.500710] (cpp07_exercise) StdoutLine: {'line': b'-- Up-to-date: /home/abc/ws01_plumbing/install/cpp07_exercise/share/cpp07_exercise/local_setup.bash\n'}
[33.500914] (cpp07_exercise) StdoutLine: {'line': b'-- Up-to-date: /home/abc/ws01_plumbing/install/cpp07_exercise/share/cpp07_exercise/local_setup.sh\n'}
[33.501112] (cpp07_exercise) StdoutLine: {'line': b'-- Up-to-date: /home/abc/ws01_plumbing/install/cpp07_exercise/share/cpp07_exercise/local_setup.zsh\n'}
[33.501304] (cpp07_exercise) StdoutLine: {'line': b'-- Up-to-date: /home/abc/ws01_plumbing/install/cpp07_exercise/share/cpp07_exercise/local_setup.dsv\n'}
[33.501503] (cpp07_exercise) StdoutLine: {'line': b'-- Installing: /home/abc/ws01_plumbing/install/cpp07_exercise/share/cpp07_exercise/package.dsv\n'}
[33.501718] (cpp07_exercise) StdoutLine: {'line': b'-- Up-to-date: /home/abc/ws01_plumbing/install/cpp07_exercise/share/ament_index/resource_index/packages/cpp07_exercise\n'}
[33.501984] (cpp07_exercise) StdoutLine: {'line': b'-- Up-to-date: /home/abc/ws01_plumbing/install/cpp07_exercise/share/cpp07_exercise/cmake/cpp07_exerciseConfig.cmake\n'}
[33.502371] (cpp07_exercise) StdoutLine: {'line': b'-- Up-to-date: /home/abc/ws01_plumbing/install/cpp07_exercise/share/cpp07_exercise/cmake/cpp07_exerciseConfig-version.cmake\n'}
[33.502771] (cpp07_exercise) StdoutLine: {'line': b'-- Up-to-date: /home/abc/ws01_plumbing/install/cpp07_exercise/share/cpp07_exercise/package.xml\n'}
[33.502865] (cpp07_exercise) CommandEnded: {'returncode': 0}
[33.514772] (-) TimerEvent: {}
[33.565762] (cpp02_service) StdoutLine: {'line': b'-- Found rclcpp: 16.0.11 (/opt/ros/humble/share/rclcpp/cmake)\n'}
[33.566997] (cpp07_exercise) JobEnded: {'identifier': 'cpp07_exercise', 'rc': 0}
[33.568041] (py02_service) JobStarted: {'identifier': 'py02_service'}
[33.597302] (cpp02_service) StdoutLine: {'line': b'-- Found rosidl_generator_c: 3.1.6 (/opt/ros/humble/share/rosidl_generator_c/cmake)\n'}
[33.604453] (cpp02_service) StdoutLine: {'line': b'-- Found rosidl_adapter: 3.1.6 (/opt/ros/humble/share/rosidl_adapter/cmake)\n'}
[33.612196] (cpp02_service) StdoutLine: {'line': b'-- Found rosidl_generator_cpp: 3.1.6 (/opt/ros/humble/share/rosidl_generator_cpp/cmake)\n'}
[33.615017] (-) TimerEvent: {}
[33.644115] (cpp02_service) StdoutLine: {'line': b'-- Using all available rosidl_typesupport_c: rosidl_typesupport_fastrtps_c;rosidl_typesupport_introspection_c\n'}
[33.663370] (cpp02_service) StdoutLine: {'line': b'-- Using all available rosidl_typesupport_cpp: rosidl_typesupport_fastrtps_cpp;rosidl_typesupport_introspection_cpp\n'}
[33.711274] (cpp02_service) StdoutLine: {'line': b'-- Found rmw_implementation_cmake: 6.1.2 (/opt/ros/humble/share/rmw_implementation_cmake/cmake)\n'}
[33.714441] (cpp02_service) StdoutLine: {'line': b'-- Found rmw_fastrtps_cpp: 6.2.7 (/opt/ros/humble/share/rmw_fastrtps_cpp/cmake)\n'}
[33.716453] (-) TimerEvent: {}
[33.816871] (-) TimerEvent: {}
[33.861564] (cpp02_service) StdoutLine: {'line': b'-- Found OpenSSL: /usr/lib/x86_64-linux-gnu/libcrypto.so (found version "3.0.2")  \n'}
[33.905363] (cpp02_service) StdoutLine: {'line': b'-- Found FastRTPS: /opt/ros/humble/include  \n'}
[33.917630] (-) TimerEvent: {}
[33.952859] (cpp02_service) StdoutLine: {'line': b"-- Using RMW implementation 'rmw_fastrtps_cpp' as default\n"}
[33.960098] (cpp02_service) StdoutLine: {'line': b'-- Looking for pthread.h\n'}
[34.017835] (-) TimerEvent: {}
[34.057855] (cpp02_service) StdoutLine: {'line': b'-- Looking for pthread.h - found\n'}
[34.058109] (cpp02_service) StdoutLine: {'line': b'-- Performing Test CMAKE_HAVE_LIBC_PTHREAD\n'}
[34.121482] (-) TimerEvent: {}
[34.222762] (-) TimerEvent: {}
[34.260225] (cpp02_service) StdoutLine: {'line': b'-- Performing Test CMAKE_HAVE_LIBC_PTHREAD - Success\n'}
[34.260459] (cpp02_service) StdoutLine: {'line': b'-- Found Threads: TRUE  \n'}
[34.323465] (-) TimerEvent: {}
[34.354567] (py02_service) Command: {'cmd': ['/usr/bin/python3', '-W', 'ignore:setup.py install is deprecated', '-W', 'ignore:easy_install command is deprecated', 'setup.py', 'egg_info', '--egg-base', '../../build/py02_service', 'build', '--build-base', '/home/abc/ws01_plumbing/build/py02_service/build', 'install', '--record', '/home/abc/ws01_plumbing/build/py02_service/install.log', '--single-version-externally-managed', 'install_data'], 'cwd': '/home/abc/ws01_plumbing/src/py02_service', 'env': {'PYTHON_BASIC_REPL': '1', 'LESSOPEN': '| /usr/bin/lesspipe %s', 'LANGUAGE': 'zh_CN:zh', 'USER': 'abc', 'SSH_CLIENT': '192.168.150.1 55401 22', 'XDG_SESSION_TYPE': 'tty', 'GIT_ASKPASS': '/home/abc/.vscode-server/cli/servers/Stable-585eba7c0c34fd6b30faac7c62a42050bfbc0086/server/extensions/git/dist/askpass.sh', 'SHLVL': '1', 'LD_LIBRARY_PATH': '/home/abc/ws01_plumbing/install/base_interfaces_demo/lib:/opt/ros/humble/opt/rviz_ogre_vendor/lib:/opt/ros/humble/lib/x86_64-linux-gnu:/opt/ros/humble/lib', 'BROWSER': '/home/abc/.vscode-server/cli/servers/Stable-585eba7c0c34fd6b30faac7c62a42050bfbc0086/server/bin/helpers/browser.sh', 'MOTD_SHOWN': 'pam', 'HOME': '/home/abc', 'TERM_PROGRAM_VERSION': '1.108.1', 'VSCODE_IPC_HOOK_CLI': '/run/user/1000/vscode-ipc-f7f99b24-bc5b-43d6-947e-2a9efb26413d.sock', 'ROS_PYTHON_VERSION': '3', 'VSCODE_GIT_ASKPASS_MAIN': '/home/abc/.vscode-server/cli/servers/Stable-585eba7c0c34fd6b30faac7c62a42050bfbc0086/server/extensions/git/dist/askpass-main.js', 'VSCODE_GIT_ASKPASS_NODE': '/home/abc/.vscode-server/cli/servers/Stable-585eba7c0c34fd6b30faac7c62a42050bfbc0086/server/node', 'SSL_CERT_FILE': '/usr/lib/ssl/certs/ca-certificates.crt', 'PYDEVD_DISABLE_FILE_VALIDATION': '1', 'BUNDLED_DEBUGPY_PATH': '/home/abc/.vscode-server/extensions/ms-python.debugpy-2025.18.0/bundled/libs/debugpy', 'VSCODE_PYTHON_AUTOACTIVATE_GUARD': '1', 'DBUS_SESSION_BUS_ADDRESS': 'unix:path=/run/user/1000/bus', 'COLORTERM': 'truecolor', 'ROS_DISTRO': 'humble', 'LOGNAME': 'abc', '_': '/usr/bin/colcon', 'ROS_VERSION': '2', 'XDG_SESSION_CLASS': 'user', 'TERM': 'xterm-256color', 'XDG_SESSION_ID': '4', 'ROS_LOCALHOST_ONLY': '0', 'PATH': '/opt/loongson-gcc/bin:/home/abc/.vscode-server/data/User/globalStorage/github.copilot-chat/debugCommand:/home/abc/.vscode-server/data/User/globalStorage/github.copilot-chat/copilotCli:/home/abc/.vscode-server/cli/servers/Stable-585eba7c0c34fd6b30faac7c62a42050bfbc0086/server/bin/remote-cli:/opt/loongson-gcc/bin:/opt/ros/humble/bin:/usr/local/sbin:/usr/local/bin:/usr/sbin:/usr/bin:/sbin:/bin:/usr/games:/usr/local/games:/snap/bin:/home/abc/.vscode-server/extensions/ms-python.debugpy-2025.18.0/bundled/scripts/noConfigScripts', 'XDG_RUNTIME_DIR': '/run/user/1000', 'SSL_CERT_DIR': '/usr/lib/ssl/certs', 'VSCODE_DEBUGPY_ADAPTER_ENDPOINTS': '/home/abc/.vscode-server/extensions/ms-python.debugpy-2025.18.0/.noConfigDebugAdapterEndpoints/endpoint-eb3adf4cb764e782.txt', 'LANG': 'zh_CN.UTF-8', 'PYTHONSTARTUP': '/home/abc/.vscode-server/data/User/workspaceStorage/20b236a14418f8956cef225c8512416f/ms-python.python/pythonrc.py', 'LS_COLORS': 'rs=0:di=01;34:ln=01;36:mh=00:pi=40;33:so=01;35:do=01;35:bd=40;33;01:cd=40;33;01:or=40;31;01:mi=00:su=37;41:sg=30;43:ca=30;41:tw=30;42:ow=34;42:st=37;44:ex=01;32:*.tar=01;31:*.tgz=01;31:*.arc=01;31:*.arj=01;31:*.taz=01;31:*.lha=01;31:*.lz4=01;31:*.lzh=01;31:*.lzma=01;31:*.tlz=01;31:*.txz=01;31:*.tzo=01;31:*.t7z=01;31:*.zip=01;31:*.z=01;31:*.dz=01;31:*.gz=01;31:*.lrz=01;31:*.lz=01;31:*.lzo=01;31:*.xz=01;31:*.zst=01;31:*.tzst=01;31:*.bz2=01;31:*.bz=01;31:*.tbz=01;31:*.tbz2=01;31:*.tz=01;31:*.deb=01;31:*.rpm=01;31:*.jar=01;31:*.war=01;31:*.ear=01;31:*.sar=01;31:*.rar=01;31:*.alz=01;31:*.ace=01;31:*.zoo=01;31:*.cpio=01;31:*.7z=01;31:*.rz=01;31:*.cab=01;31:*.wim=01;31:*.swm=01;31:*.dwm=01;31:*.esd=01;31:*.jpg=01;35:*.jpeg=01;35:*.mjpg=01;35:*.mjpeg=01;35:*.gif=01;35:*.bmp=01;35:*.pbm=01;35:*.pgm=01;35:*.ppm=01;35:*.tga=01;35:*.xbm=01;35:*.xpm=01;35:*.tif=01;35:*.tiff=01;35:*.png=01;35:*.svg=01;35:*.svgz=01;35:*.mng=01;35:*.pcx=01;35:*.mov=01;35:*.mpg=01;35:*.mpeg=01;35:*.m2v=01;35:*.mkv=01;35:*.webm=01;35:*.webp=01;35:*.ogm=01;35:*.mp4=01;35:*.m4v=01;35:*.mp4v=01;35:*.vob=01;35:*.qt=01;35:*.nuv=01;35:*.wmv=01;35:*.asf=01;35:*.rm=01;35:*.rmvb=01;35:*.flc=01;35:*.avi=01;35:*.fli=01;35:*.flv=01;35:*.gl=01;35:*.dl=01;35:*.xcf=01;35:*.xwd=01;35:*.yuv=01;35:*.cgm=01;35:*.emf=01;35:*.ogv=01;35:*.ogx=01;35:*.aac=00;36:*.au=00;36:*.flac=00;36:*.m4a=00;36:*.mid=00;36:*.midi=00;36:*.mka=00;36:*.mp3=00;36:*.mpc=00;36:*.ogg=00;36:*.ra=00;36:*.wav=00;36:*.oga=00;36:*.opus=00;36:*.spx=00;36:*.xspf=00;36:', 'VSCODE_GIT_IPC_HANDLE': '/run/user/1000/vscode-git-91c7b8982f.sock', 'TERM_PROGRAM': 'vscode', 'AMENT_PREFIX_PATH': '/home/abc/ws01_plumbing/install/base_interfaces_demo:/opt/ros/humble', 'SHELL': '/bin/bash', 'LESSCLOSE': '/usr/bin/lesspipe %s %s', 'VSCODE_GIT_ASKPASS_EXTRA_ARGS': '', 'PWD': '/home/abc/ws01_plumbing/build/py02_service', 'SSH_CONNECTION': '192.168.150.1 55401 192.168.150.128 22', 'XDG_DATA_DIRS': '/usr/share/gnome:/usr/local/share:/usr/share:/var/lib/snapd/desktop', 'PYTHONPATH': '/home/abc/ws01_plumbing/build/py02_service/prefix_override:/usr/lib/python3/dist-packages/colcon_core/task/python/colcon_distutils_commands:/home/abc/ws01_plumbing/install/py02_service/lib/python3.10/site-packages:/home/abc/ws01_plumbing/install/base_interfaces_demo/local/lib/python3.10/dist-packages:/opt/ros/humble/lib/python3.10/site-packages:/opt/ros/humble/local/lib/python3.10/dist-packages', 'COLCON': '1', 'CMAKE_PREFIX_PATH': '/home/abc/ws01_plumbing/install/base_interfaces_demo'}, 'shell': False}
[34.355868] (cpp02_service) StdoutLine: {'line': b'-- Found base_interfaces_demo: 0.0.0 (/home/abc/ws01_plumbing/install/base_interfaces_demo/share/base_interfaces_demo/cmake)\n'}
[34.426974] (-) TimerEvent: {}
[34.491252] (cpp02_service) StdoutLine: {'line': b'-- Found ament_lint_auto: 0.12.11 (/opt/ros/humble/share/ament_lint_auto/cmake)\n'}
[34.527754] (-) TimerEvent: {}
[34.631430] (-) TimerEvent: {}
[34.735092] (-) TimerEvent: {}
[34.768488] (cpp02_service) StdoutLine: {'line': b"-- Added test 'cppcheck' to perform static code analysis on C / C++ code\n"}
[34.770533] (cpp02_service) StdoutLine: {'line': b'-- Configured cppcheck include dirs: $<BUILD_INTERFACE:/home/abc/ws01_plumbing/src/cpp02_service/include>\n'}
[34.770572] (cpp02_service) StdoutLine: {'line': b'-- Configured cppcheck exclude dirs and/or files: \n'}
[34.770600] (cpp02_service) StdoutLine: {'line': b"-- Added test 'lint_cmake' to check CMake code style\n"}
[34.770628] (cpp02_service) StdoutLine: {'line': b"-- Added test 'uncrustify' to check C / C++ code style\n"}
[34.771673] (cpp02_service) StdoutLine: {'line': b'-- Configured uncrustify additional arguments: \n'}
[34.775082] (cpp02_service) StdoutLine: {'line': b"-- Added test 'xmllint' to check XML markup files\n"}
[34.775236] (cpp02_service) StdoutLine: {'line': b'-- Configuring done\n'}
[34.792110] (cpp02_service) StdoutLine: {'line': b'-- Generating done\n'}
[34.792300] (cpp02_service) StdoutLine: {'line': b'-- Build files have been written to: /home/abc/ws01_plumbing/build/cpp02_service\n'}
[34.803606] (cpp02_service) CommandEnded: {'returncode': 0}
[34.808447] (cpp02_service) JobProgress: {'identifier': 'cpp02_service', 'progress': 'build'}
[34.808660] (cpp02_service) Command: {'cmd': ['/usr/bin/cmake', '--build', '/home/abc/ws01_plumbing/build/cpp02_service', '--', '-j4', '-l4'], 'cwd': '/home/abc/ws01_plumbing/build/cpp02_service', 'env': OrderedDict([('PYTHON_BASIC_REPL', '1'), ('LESSOPEN', '| /usr/bin/lesspipe %s'), ('LANGUAGE', 'zh_CN:zh'), ('USER', 'abc'), ('SSH_CLIENT', '192.168.150.1 55401 22'), ('XDG_SESSION_TYPE', 'tty'), ('GIT_ASKPASS', '/home/abc/.vscode-server/cli/servers/Stable-585eba7c0c34fd6b30faac7c62a42050bfbc0086/server/extensions/git/dist/askpass.sh'), ('SHLVL', '1'), ('LD_LIBRARY_PATH', '/home/abc/ws01_plumbing/install/base_interfaces_demo/lib:/opt/ros/humble/opt/rviz_ogre_vendor/lib:/opt/ros/humble/lib/x86_64-linux-gnu:/opt/ros/humble/lib'), ('BROWSER', '/home/abc/.vscode-server/cli/servers/Stable-585eba7c0c34fd6b30faac7c62a42050bfbc0086/server/bin/helpers/browser.sh'), ('MOTD_SHOWN', 'pam'), ('HOME', '/home/abc'), ('TERM_PROGRAM_VERSION', '1.108.1'), ('VSCODE_IPC_HOOK_CLI', '/run/user/1000/vscode-ipc-f7f99b24-bc5b-43d6-947e-2a9efb26413d.sock'), ('ROS_PYTHON_VERSION', '3'), ('VSCODE_GIT_ASKPASS_MAIN', '/home/abc/.vscode-server/cli/servers/Stable-585eba7c0c34fd6b30faac7c62a42050bfbc0086/server/extensions/git/dist/askpass-main.js'), ('VSCODE_GIT_ASKPASS_NODE', '/home/abc/.vscode-server/cli/servers/Stable-585eba7c0c34fd6b30faac7c62a42050bfbc0086/server/node'), ('SSL_CERT_FILE', '/usr/lib/ssl/certs/ca-certificates.crt'), ('PYDEVD_DISABLE_FILE_VALIDATION', '1'), ('BUNDLED_DEBUGPY_PATH', '/home/abc/.vscode-server/extensions/ms-python.debugpy-2025.18.0/bundled/libs/debugpy'), ('VSCODE_PYTHON_AUTOACTIVATE_GUARD', '1'), ('DBUS_SESSION_BUS_ADDRESS', 'unix:path=/run/user/1000/bus'), ('COLORTERM', 'truecolor'), ('ROS_DISTRO', 'humble'), ('LOGNAME', 'abc'), ('_', '/usr/bin/colcon'), ('ROS_VERSION', '2'), ('XDG_SESSION_CLASS', 'user'), ('TERM', 'xterm-256color'), ('XDG_SESSION_ID', '4'), ('ROS_LOCALHOST_ONLY', '0'), ('PATH', '/opt/loongson-gcc/bin:/home/abc/.vscode-server/data/User/globalStorage/github.copilot-chat/debugCommand:/home/abc/.vscode-server/data/User/globalStorage/github.copilot-chat/copilotCli:/home/abc/.vscode-server/cli/servers/Stable-585eba7c0c34fd6b30faac7c62a42050bfbc0086/server/bin/remote-cli:/opt/loongson-gcc/bin:/opt/ros/humble/bin:/usr/local/sbin:/usr/local/bin:/usr/sbin:/usr/bin:/sbin:/bin:/usr/games:/usr/local/games:/snap/bin:/home/abc/.vscode-server/extensions/ms-python.debugpy-2025.18.0/bundled/scripts/noConfigScripts'), ('XDG_RUNTIME_DIR', '/run/user/1000'), ('SSL_CERT_DIR', '/usr/lib/ssl/certs'), ('VSCODE_DEBUGPY_ADAPTER_ENDPOINTS', '/home/abc/.vscode-server/extensions/ms-python.debugpy-2025.18.0/.noConfigDebugAdapterEndpoints/endpoint-eb3adf4cb764e782.txt'), ('LANG', 'zh_CN.UTF-8'), ('PYTHONSTARTUP', '/home/abc/.vscode-server/data/User/workspaceStorage/20b236a14418f8956cef225c8512416f/ms-python.python/pythonrc.py'), ('LS_COLORS', 'rs=0:di=01;34:ln=01;36:mh=00:pi=40;33:so=01;35:do=01;35:bd=40;33;01:cd=40;33;01:or=40;31;01:mi=00:su=37;41:sg=30;43:ca=30;41:tw=30;42:ow=34;42:st=37;44:ex=01;32:*.tar=01;31:*.tgz=01;31:*.arc=01;31:*.arj=01;31:*.taz=01;31:*.lha=01;31:*.lz4=01;31:*.lzh=01;31:*.lzma=01;31:*.tlz=01;31:*.txz=01;31:*.tzo=01;31:*.t7z=01;31:*.zip=01;31:*.z=01;31:*.dz=01;31:*.gz=01;31:*.lrz=01;31:*.lz=01;31:*.lzo=01;31:*.xz=01;31:*.zst=01;31:*.tzst=01;31:*.bz2=01;31:*.bz=01;31:*.tbz=01;31:*.tbz2=01;31:*.tz=01;31:*.deb=01;31:*.rpm=01;31:*.jar=01;31:*.war=01;31:*.ear=01;31:*.sar=01;31:*.rar=01;31:*.alz=01;31:*.ace=01;31:*.zoo=01;31:*.cpio=01;31:*.7z=01;31:*.rz=01;31:*.cab=01;31:*.wim=01;31:*.swm=01;31:*.dwm=01;31:*.esd=01;31:*.jpg=01;35:*.jpeg=01;35:*.mjpg=01;35:*.mjpeg=01;35:*.gif=01;35:*.bmp=01;35:*.pbm=01;35:*.pgm=01;35:*.ppm=01;35:*.tga=01;35:*.xbm=01;35:*.xpm=01;35:*.tif=01;35:*.tiff=01;35:*.png=01;35:*.svg=01;35:*.svgz=01;35:*.mng=01;35:*.pcx=01;35:*.mov=01;35:*.mpg=01;35:*.mpeg=01;35:*.m2v=01;35:*.mkv=01;35:*.webm=01;35:*.webp=01;35:*.ogm=01;35:*.mp4=01;35:*.m4v=01;35:*.mp4v=01;35:*.vob=01;35:*.qt=01;35:*.nuv=01;35:*.wmv=01;35:*.asf=01;35:*.rm=01;35:*.rmvb=01;35:*.flc=01;35:*.avi=01;35:*.fli=01;35:*.flv=01;35:*.gl=01;35:*.dl=01;35:*.xcf=01;35:*.xwd=01;35:*.yuv=01;35:*.cgm=01;35:*.emf=01;35:*.ogv=01;35:*.ogx=01;35:*.aac=00;36:*.au=00;36:*.flac=00;36:*.m4a=00;36:*.mid=00;36:*.midi=00;36:*.mka=00;36:*.mp3=00;36:*.mpc=00;36:*.ogg=00;36:*.ra=00;36:*.wav=00;36:*.oga=00;36:*.opus=00;36:*.spx=00;36:*.xspf=00;36:'), ('VSCODE_GIT_IPC_HANDLE', '/run/user/1000/vscode-git-91c7b8982f.sock'), ('TERM_PROGRAM', 'vscode'), ('AMENT_PREFIX_PATH', '/home/abc/ws01_plumbing/install/base_interfaces_demo:/opt/ros/humble'), ('SHELL', '/bin/bash'), ('LESSCLOSE', '/usr/bin/lesspipe %s %s'), ('VSCODE_GIT_ASKPASS_EXTRA_ARGS', ''), ('PWD', '/home/abc/ws01_plumbing/build/cpp02_service'), ('SSH_CONNECTION', '192.168.150.1 55401 192.168.150.128 22'), ('XDG_DATA_DIRS', '/usr/share/gnome:/usr/local/share:/usr/share:/var/lib/snapd/desktop'), ('PYTHONPATH', '/home/abc/ws01_plumbing/install/base_interfaces_demo/local/lib/python3.10/dist-packages:/opt/ros/humble/lib/python3.10/site-packages:/opt/ros/humble/local/lib/python3.10/dist-packages'), ('COLCON', '1'), ('CMAKE_PREFIX_PATH', '/home/abc/ws01_plumbing/install/base_interfaces_demo:/opt/ros/humble')]), 'shell': False}
[34.835644] (-) TimerEvent: {}
[34.913314] (py02_service) StdoutLine: {'line': b'running egg_info\n'}
[34.914862] (cpp02_service) StdoutLine: {'line': b'[ 25%] \x1b[32mBuilding CXX object CMakeFiles/demo01_server.dir/src/demo01_server.cpp.o\x1b[0m\n'}
[34.917582] (py02_service) StdoutLine: {'line': b'creating ../../build/py02_service/py02_service.egg-info\n'}
[34.918529] (py02_service) StdoutLine: {'line': b'writing ../../build/py02_service/py02_service.egg-info/PKG-INFO\n'}
[34.920652] (py02_service) StdoutLine: {'line': b'writing dependency_links to ../../build/py02_service/py02_service.egg-info/dependency_links.txt\n'}
[34.923480] (py02_service) StdoutLine: {'line': b'writing entry points to ../../build/py02_service/py02_service.egg-info/entry_points.txt\n'}
[34.923616] (py02_service) StdoutLine: {'line': b'writing requirements to ../../build/py02_service/py02_service.egg-info/requires.txt\n'}
[34.923653] (py02_service) StdoutLine: {'line': b'writing top-level names to ../../build/py02_service/py02_service.egg-info/top_level.txt\n'}
[34.923710] (py02_service) StdoutLine: {'line': b"writing manifest file '../../build/py02_service/py02_service.egg-info/SOURCES.txt'\n"}
[34.926434] (py02_service) StdoutLine: {'line': b"reading manifest file '../../build/py02_service/py02_service.egg-info/SOURCES.txt'\n"}
[34.930525] (py02_service) StdoutLine: {'line': b"writing manifest file '../../build/py02_service/py02_service.egg-info/SOURCES.txt'\n"}
[34.932122] (py02_service) StdoutLine: {'line': b'running build\n'}
[34.932220] (py02_service) StdoutLine: {'line': b'running build_py\n'}
[34.934382] (py02_service) StdoutLine: {'line': b'creating /home/abc/ws01_plumbing/build/py02_service/build\n'}
[34.935612] (py02_service) StdoutLine: {'line': b'creating /home/abc/ws01_plumbing/build/py02_service/build/lib\n'}
[34.935689] (-) TimerEvent: {}
[34.936512] (py02_service) StdoutLine: {'line': b'creating /home/abc/ws01_plumbing/build/py02_service/build/lib/py02_service\n'}
[34.937281] (py02_service) StdoutLine: {'line': b'copying py02_service/demo02_client_py.py -> /home/abc/ws01_plumbing/build/py02_service/build/lib/py02_service\n'}
[34.940092] (py02_service) StdoutLine: {'line': b'copying py02_service/__init__.py -> /home/abc/ws01_plumbing/build/py02_service/build/lib/py02_service\n'}
[34.942124] (py02_service) StdoutLine: {'line': b'copying py02_service/demo01_server_py.py -> /home/abc/ws01_plumbing/build/py02_service/build/lib/py02_service\n'}
[34.943986] (py02_service) StdoutLine: {'line': b'running install\n'}
[34.945761] (py02_service) StdoutLine: {'line': b'running install_lib\n'}
[34.951448] (py02_service) StdoutLine: {'line': b'creating /home/abc/ws01_plumbing/install/py02_service/lib/python3.10/site-packages/py02_service\n'}
[34.952664] (py02_service) StdoutLine: {'line': b'copying /home/abc/ws01_plumbing/build/py02_service/build/lib/py02_service/demo02_client_py.py -> /home/abc/ws01_plumbing/install/py02_service/lib/python3.10/site-packages/py02_service\n'}
[34.960986] (py02_service) StdoutLine: {'line': b'copying /home/abc/ws01_plumbing/build/py02_service/build/lib/py02_service/__init__.py -> /home/abc/ws01_plumbing/install/py02_service/lib/python3.10/site-packages/py02_service\n'}
[34.967454] (py02_service) StdoutLine: {'line': b'copying /home/abc/ws01_plumbing/build/py02_service/build/lib/py02_service/demo01_server_py.py -> /home/abc/ws01_plumbing/install/py02_service/lib/python3.10/site-packages/py02_service\n'}
[34.970293] (py02_service) StdoutLine: {'line': b'byte-compiling /home/abc/ws01_plumbing/install/py02_service/lib/python3.10/site-packages/py02_service/demo02_client_py.py to demo02_client_py.cpython-310.pyc\n'}
[34.977485] (py02_service) StdoutLine: {'line': b'byte-compiling /home/abc/ws01_plumbing/install/py02_service/lib/python3.10/site-packages/py02_service/__init__.py to __init__.cpython-310.pyc\n'}
[34.979886] (py02_service) StdoutLine: {'line': b'byte-compiling /home/abc/ws01_plumbing/install/py02_service/lib/python3.10/site-packages/py02_service/demo01_server_py.py to demo01_server_py.cpython-310.pyc\n'}
[34.983522] (py02_service) StdoutLine: {'line': b'running install_data\n'}
[34.984868] (py02_service) StdoutLine: {'line': b'creating /home/abc/ws01_plumbing/install/py02_service/share/ament_index\n'}
[34.985023] (py02_service) StdoutLine: {'line': b'creating /home/abc/ws01_plumbing/install/py02_service/share/ament_index/resource_index\n'}
[34.985063] (py02_service) StdoutLine: {'line': b'creating /home/abc/ws01_plumbing/install/py02_service/share/ament_index/resource_index/packages\n'}
[34.985486] (py02_service) StdoutLine: {'line': b'copying resource/py02_service -> /home/abc/ws01_plumbing/install/py02_service/share/ament_index/resource_index/packages\n'}
[34.986482] (py02_service) StdoutLine: {'line': b'copying package.xml -> /home/abc/ws01_plumbing/install/py02_service/share/py02_service\n'}
[34.989445] (py02_service) StdoutLine: {'line': b'running install_egg_info\n'}
[34.997432] (py02_service) StdoutLine: {'line': b'Copying ../../build/py02_service/py02_service.egg-info to /home/abc/ws01_plumbing/install/py02_service/lib/python3.10/site-packages/py02_service-0.0.0-py3.10.egg-info\n'}
[35.004857] (py02_service) StdoutLine: {'line': b'running install_scripts\n'}
[35.036463] (py02_service) StdoutLine: {'line': b'Installing demo01_server_py script to /home/abc/ws01_plumbing/install/py02_service/lib/py02_service\n'}
[35.042911] (-) TimerEvent: {}
[35.043061] (py02_service) StdoutLine: {'line': b'Installing demo02_client_py script to /home/abc/ws01_plumbing/install/py02_service/lib/py02_service\n'}
[35.043132] (py02_service) StdoutLine: {'line': b"writing list of installed files to '/home/abc/ws01_plumbing/build/py02_service/install.log'\n"}
[35.094756] (py02_service) CommandEnded: {'returncode': 0}
[35.106351] (py02_service) JobEnded: {'identifier': 'py02_service', 'rc': 0}
[35.144325] (-) TimerEvent: {}
[35.245291] (-) TimerEvent: {}
[35.347598] (-) TimerEvent: {}
[35.448563] (-) TimerEvent: {}
[35.550140] (-) TimerEvent: {}
[35.652451] (-) TimerEvent: {}
[35.754427] (-) TimerEvent: {}
[35.856787] (-) TimerEvent: {}
[35.959121] (-) TimerEvent: {}
[36.060500] (-) TimerEvent: {}
[36.161499] (-) TimerEvent: {}
[36.267902] (-) TimerEvent: {}
[36.368563] (-) TimerEvent: {}
[36.452251] (cpp06_time) StdoutLine: {'line': b'[100%] \x1b[32m\x1b[1mLinking CXX executable demo01_time\x1b[0m\n'}
[36.470292] (-) TimerEvent: {}
[36.542995] (cpp06_time) StdoutLine: {'line': b'[100%] Built target demo01_time\n'}
[36.554572] (cpp06_time) CommandEnded: {'returncode': 0}
[36.555211] (cpp06_time) JobProgress: {'identifier': 'cpp06_time', 'progress': 'install'}
[36.555411] (cpp06_time) Command: {'cmd': ['/usr/bin/cmake', '--install', '/home/abc/ws01_plumbing/build/cpp06_time'], 'cwd': '/home/abc/ws01_plumbing/build/cpp06_time', 'env': OrderedDict([('PYTHON_BASIC_REPL', '1'), ('LESSOPEN', '| /usr/bin/lesspipe %s'), ('LANGUAGE', 'zh_CN:zh'), ('USER', 'abc'), ('SSH_CLIENT', '192.168.150.1 55401 22'), ('XDG_SESSION_TYPE', 'tty'), ('GIT_ASKPASS', '/home/abc/.vscode-server/cli/servers/Stable-585eba7c0c34fd6b30faac7c62a42050bfbc0086/server/extensions/git/dist/askpass.sh'), ('SHLVL', '1'), ('LD_LIBRARY_PATH', '/opt/ros/humble/opt/rviz_ogre_vendor/lib:/opt/ros/humble/lib/x86_64-linux-gnu:/opt/ros/humble/lib'), ('BROWSER', '/home/abc/.vscode-server/cli/servers/Stable-585eba7c0c34fd6b30faac7c62a42050bfbc0086/server/bin/helpers/browser.sh'), ('MOTD_SHOWN', 'pam'), ('HOME', '/home/abc'), ('TERM_PROGRAM_VERSION', '1.108.1'), ('VSCODE_IPC_HOOK_CLI', '/run/user/1000/vscode-ipc-f7f99b24-bc5b-43d6-947e-2a9efb26413d.sock'), ('ROS_PYTHON_VERSION', '3'), ('VSCODE_GIT_ASKPASS_MAIN', '/home/abc/.vscode-server/cli/servers/Stable-585eba7c0c34fd6b30faac7c62a42050bfbc0086/server/extensions/git/dist/askpass-main.js'), ('VSCODE_GIT_ASKPASS_NODE', '/home/abc/.vscode-server/cli/servers/Stable-585eba7c0c34fd6b30faac7c62a42050bfbc0086/server/node'), ('SSL_CERT_FILE', '/usr/lib/ssl/certs/ca-certificates.crt'), ('PYDEVD_DISABLE_FILE_VALIDATION', '1'), ('BUNDLED_DEBUGPY_PATH', '/home/abc/.vscode-server/extensions/ms-python.debugpy-2025.18.0/bundled/libs/debugpy'), ('VSCODE_PYTHON_AUTOACTIVATE_GUARD', '1'), ('DBUS_SESSION_BUS_ADDRESS', 'unix:path=/run/user/1000/bus'), ('COLORTERM', 'truecolor'), ('ROS_DISTRO', 'humble'), ('LOGNAME', 'abc'), ('_', '/usr/bin/colcon'), ('ROS_VERSION', '2'), ('XDG_SESSION_CLASS', 'user'), ('TERM', 'xterm-256color'), ('XDG_SESSION_ID', '4'), ('ROS_LOCALHOST_ONLY', '0'), ('PATH', '/opt/loongson-gcc/bin:/home/abc/.vscode-server/data/User/globalStorage/github.copilot-chat/debugCommand:/home/abc/.vscode-server/data/User/globalStorage/github.copilot-chat/copilotCli:/home/abc/.vscode-server/cli/servers/Stable-585eba7c0c34fd6b30faac7c62a42050bfbc0086/server/bin/remote-cli:/opt/loongson-gcc/bin:/opt/ros/humble/bin:/usr/local/sbin:/usr/local/bin:/usr/sbin:/usr/bin:/sbin:/bin:/usr/games:/usr/local/games:/snap/bin:/home/abc/.vscode-server/extensions/ms-python.debugpy-2025.18.0/bundled/scripts/noConfigScripts'), ('XDG_RUNTIME_DIR', '/run/user/1000'), ('SSL_CERT_DIR', '/usr/lib/ssl/certs'), ('VSCODE_DEBUGPY_ADAPTER_ENDPOINTS', '/home/abc/.vscode-server/extensions/ms-python.debugpy-2025.18.0/.noConfigDebugAdapterEndpoints/endpoint-eb3adf4cb764e782.txt'), ('LANG', 'zh_CN.UTF-8'), ('PYTHONSTARTUP', '/home/abc/.vscode-server/data/User/workspaceStorage/20b236a14418f8956cef225c8512416f/ms-python.python/pythonrc.py'), ('LS_COLORS', 'rs=0:di=01;34:ln=01;36:mh=00:pi=40;33:so=01;35:do=01;35:bd=40;33;01:cd=40;33;01:or=40;31;01:mi=00:su=37;41:sg=30;43:ca=30;41:tw=30;42:ow=34;42:st=37;44:ex=01;32:*.tar=01;31:*.tgz=01;31:*.arc=01;31:*.arj=01;31:*.taz=01;31:*.lha=01;31:*.lz4=01;31:*.lzh=01;31:*.lzma=01;31:*.tlz=01;31:*.txz=01;31:*.tzo=01;31:*.t7z=01;31:*.zip=01;31:*.z=01;31:*.dz=01;31:*.gz=01;31:*.lrz=01;31:*.lz=01;31:*.lzo=01;31:*.xz=01;31:*.zst=01;31:*.tzst=01;31:*.bz2=01;31:*.bz=01;31:*.tbz=01;31:*.tbz2=01;31:*.tz=01;31:*.deb=01;31:*.rpm=01;31:*.jar=01;31:*.war=01;31:*.ear=01;31:*.sar=01;31:*.rar=01;31:*.alz=01;31:*.ace=01;31:*.zoo=01;31:*.cpio=01;31:*.7z=01;31:*.rz=01;31:*.cab=01;31:*.wim=01;31:*.swm=01;31:*.dwm=01;31:*.esd=01;31:*.jpg=01;35:*.jpeg=01;35:*.mjpg=01;35:*.mjpeg=01;35:*.gif=01;35:*.bmp=01;35:*.pbm=01;35:*.pgm=01;35:*.ppm=01;35:*.tga=01;35:*.xbm=01;35:*.xpm=01;35:*.tif=01;35:*.tiff=01;35:*.png=01;35:*.svg=01;35:*.svgz=01;35:*.mng=01;35:*.pcx=01;35:*.mov=01;35:*.mpg=01;35:*.mpeg=01;35:*.m2v=01;35:*.mkv=01;35:*.webm=01;35:*.webp=01;35:*.ogm=01;35:*.mp4=01;35:*.m4v=01;35:*.mp4v=01;35:*.vob=01;35:*.qt=01;35:*.nuv=01;35:*.wmv=01;35:*.asf=01;35:*.rm=01;35:*.rmvb=01;35:*.flc=01;35:*.avi=01;35:*.fli=01;35:*.flv=01;35:*.gl=01;35:*.dl=01;35:*.xcf=01;35:*.xwd=01;35:*.yuv=01;35:*.cgm=01;35:*.emf=01;35:*.ogv=01;35:*.ogx=01;35:*.aac=00;36:*.au=00;36:*.flac=00;36:*.m4a=00;36:*.mid=00;36:*.midi=00;36:*.mka=00;36:*.mp3=00;36:*.mpc=00;36:*.ogg=00;36:*.ra=00;36:*.wav=00;36:*.oga=00;36:*.opus=00;36:*.spx=00;36:*.xspf=00;36:'), ('VSCODE_GIT_IPC_HANDLE', '/run/user/1000/vscode-git-91c7b8982f.sock'), ('TERM_PROGRAM', 'vscode'), ('AMENT_PREFIX_PATH', '/opt/ros/humble'), ('SHELL', '/bin/bash'), ('LESSCLOSE', '/usr/bin/lesspipe %s %s'), ('VSCODE_GIT_ASKPASS_EXTRA_ARGS', ''), ('PWD', '/home/abc/ws01_plumbing/build/cpp06_time'), ('SSH_CONNECTION', '192.168.150.1 55401 192.168.150.128 22'), ('XDG_DATA_DIRS', '/usr/share/gnome:/usr/local/share:/usr/share:/var/lib/snapd/desktop'), ('PYTHONPATH', '/opt/ros/humble/lib/python3.10/site-packages:/opt/ros/humble/local/lib/python3.10/dist-packages'), ('COLCON', '1'), ('CMAKE_PREFIX_PATH', '/opt/ros/humble')]), 'shell': False}
[36.562665] (cpp06_time) StdoutLine: {'line': b'-- Install configuration: ""\n'}
[36.563206] (cpp06_time) StdoutLine: {'line': b'-- Installing: /home/abc/ws01_plumbing/install/cpp06_time/lib/cpp06_time/demo01_time\n'}
[36.564467] (cpp06_time) StdoutLine: {'line': b'-- Set runtime path of "/home/abc/ws01_plumbing/install/cpp06_time/lib/cpp06_time/demo01_time" to ""\n'}
[36.564968] (cpp06_time) StdoutLine: {'line': b'-- Installing: /home/abc/ws01_plumbing/install/cpp06_time/share/ament_index/resource_index/package_run_dependencies/cpp06_time\n'}
[36.565647] (cpp06_time) StdoutLine: {'line': b'-- Installing: /home/abc/ws01_plumbing/install/cpp06_time/share/ament_index/resource_index/parent_prefix_path/cpp06_time\n'}
[36.566496] (cpp06_time) StdoutLine: {'line': b'-- Installing: /home/abc/ws01_plumbing/install/cpp06_time/share/cpp06_time/environment/ament_prefix_path.sh\n'}
[36.567106] (cpp06_time) StdoutLine: {'line': b'-- Installing: /home/abc/ws01_plumbing/install/cpp06_time/share/cpp06_time/environment/ament_prefix_path.dsv\n'}
[36.567416] (cpp06_time) StdoutLine: {'line': b'-- Installing: /home/abc/ws01_plumbing/install/cpp06_time/share/cpp06_time/environment/path.sh\n'}
[36.567918] (cpp06_time) StdoutLine: {'line': b'-- Installing: /home/abc/ws01_plumbing/install/cpp06_time/share/cpp06_time/environment/path.dsv\n'}
[36.568256] (cpp06_time) StdoutLine: {'line': b'-- Installing: /home/abc/ws01_plumbing/install/cpp06_time/share/cpp06_time/local_setup.bash\n'}
[36.568766] (cpp06_time) StdoutLine: {'line': b'-- Installing: /home/abc/ws01_plumbing/install/cpp06_time/share/cpp06_time/local_setup.sh\n'}
[36.569160] (cpp06_time) StdoutLine: {'line': b'-- Installing: /home/abc/ws01_plumbing/install/cpp06_time/share/cpp06_time/local_setup.zsh\n'}
[36.569561] (cpp06_time) StdoutLine: {'line': b'-- Installing: /home/abc/ws01_plumbing/install/cpp06_time/share/cpp06_time/local_setup.dsv\n'}
[36.570076] (cpp06_time) StdoutLine: {'line': b'-- Installing: /home/abc/ws01_plumbing/install/cpp06_time/share/cpp06_time/package.dsv\n'}
[36.570384] (-) TimerEvent: {}
[36.570766] (cpp06_time) StdoutLine: {'line': b'-- Installing: /home/abc/ws01_plumbing/install/cpp06_time/share/ament_index/resource_index/packages/cpp06_time\n'}
[36.571061] (cpp06_time) StdoutLine: {'line': b'-- Installing: /home/abc/ws01_plumbing/install/cpp06_time/share/cpp06_time/cmake/cpp06_timeConfig.cmake\n'}
[36.571585] (cpp06_time) StdoutLine: {'line': b'-- Installing: /home/abc/ws01_plumbing/install/cpp06_time/share/cpp06_time/cmake/cpp06_timeConfig-version.cmake\n'}
[36.571877] (cpp06_time) StdoutLine: {'line': b'-- Installing: /home/abc/ws01_plumbing/install/cpp06_time/share/cpp06_time/package.xml\n'}
[36.574054] (cpp06_time) CommandEnded: {'returncode': 0}
[36.589132] (cpp06_time) JobEnded: {'identifier': 'cpp06_time', 'rc': 0}
[36.670661] (-) TimerEvent: {}
[36.771353] (-) TimerEvent: {}
[36.872586] (-) TimerEvent: {}
[36.974811] (-) TimerEvent: {}
[37.076028] (-) TimerEvent: {}
[37.177070] (-) TimerEvent: {}
[37.278128] (-) TimerEvent: {}
[37.378692] (-) TimerEvent: {}
[37.465120] (cpp01_topic) StdoutLine: {'line': b'[ 75%] \x1b[32m\x1b[1mLinking CXX executable demo02_listener_str\x1b[0m\n'}
[37.474793] (cpp01_topic) StdoutLine: {'line': b'[ 87%] \x1b[32m\x1b[1mLinking CXX executable demo04_listener_stu\x1b[0m\n'}
[37.479069] (-) TimerEvent: {}
[37.579977] (-) TimerEvent: {}
[37.680896] (-) TimerEvent: {}
[37.783747] (-) TimerEvent: {}
[37.821438] (cpp01_topic) StdoutLine: {'line': b'[ 87%] Built target demo04_listener_stu\n'}
[37.826378] (cpp01_topic) StdoutLine: {'line': b'[ 87%] Built target demo02_listener_str\n'}
[37.831835] (cpp01_topic) StderrLine: {'line': b'gmake: *** [Makefile:146\xef\xbc\x9aall] \xe9\x94\x99\xe8\xaf\xaf 2\n'}
[37.841165] (cpp01_topic) CommandEnded: {'returncode': 2}
[37.846380] (cpp01_topic) JobEnded: {'identifier': 'cpp01_topic', 'rc': 2}
[37.884180] (-) TimerEvent: {}
[37.984790] (-) TimerEvent: {}
[38.085975] (-) TimerEvent: {}
[38.107003] (cpp02_service) StdoutLine: {'line': b'[ 50%] \x1b[32m\x1b[1mLinking CXX executable demo01_server\x1b[0m\n'}
[38.186186] (-) TimerEvent: {}
[38.208356] (cpp02_service) StdoutLine: {'line': b'[ 50%] Built target demo01_server\n'}
[38.223098] (cpp02_service) StdoutLine: {'line': b'[ 75%] \x1b[32mBuilding CXX object CMakeFiles/demo02_client.dir/src/demo02_client.cpp.o\x1b[0m\n'}
[38.286718] (-) TimerEvent: {}
[38.387696] (-) TimerEvent: {}
[38.488410] (-) TimerEvent: {}
[38.589480] (-) TimerEvent: {}
[38.690352] (-) TimerEvent: {}
[38.791193] (-) TimerEvent: {}
[38.891742] (-) TimerEvent: {}
[38.992192] (-) TimerEvent: {}
[39.092928] (-) TimerEvent: {}
[39.193453] (-) TimerEvent: {}
[39.293836] (-) TimerEvent: {}
[39.394515] (-) TimerEvent: {}
[39.495443] (-) TimerEvent: {}
[39.595806] (-) TimerEvent: {}
[39.696499] (-) TimerEvent: {}
[39.797209] (-) TimerEvent: {}
[39.898002] (-) TimerEvent: {}
[39.998562] (-) TimerEvent: {}
[40.099081] (-) TimerEvent: {}
[40.200127] (-) TimerEvent: {}
[40.300906] (-) TimerEvent: {}
[40.401281] (-) TimerEvent: {}
[40.502076] (-) TimerEvent: {}
[40.602972] (-) TimerEvent: {}
[40.632435] (cpp02_service) StdoutLine: {'line': b'[100%] \x1b[32m\x1b[1mLinking CXX executable demo02_client\x1b[0m\n'}
[40.703134] (-) TimerEvent: {}
[40.742666] (cpp02_service) StdoutLine: {'line': b'[100%] Built target demo02_client\n'}
[40.750690] (cpp02_service) JobEnded: {'identifier': 'cpp02_service', 'rc': 'SIGINT'}
[40.767333] (tutorails_plumbing) JobSkipped: {'identifier': 'tutorails_plumbing'}
[40.767655] (-) EventReactorShutdown: {}
