[0.209s] DEBUG:colcon:Command line arguments: ['/usr/bin/colcon', 'build', '--packages-select', 'deom_stage_sim']
[0.210s] DEBUG:colcon:Parsed command line arguments: Namespace(log_base=None, log_level=None, verb_name='build', build_base='build', install_base='install', merge_install=False, symlink_install=False, test_result_base=None, continue_on_error=False, executor='parallel', parallel_workers=4, event_handlers=None, ignore_user_meta=False, metas=['./colcon.meta'], base_paths=['.'], packages_ignore=None, packages_ignore_regex=None, paths=None, packages_up_to=None, packages_up_to_regex=None, packages_above=None, packages_above_and_dependencies=None, packages_above_depth=None, packages_select_by_dep=None, packages_skip_by_dep=None, packages_skip_up_to=None, packages_select_build_failed=False, packages_skip_build_finished=False, packages_select_test_failures=False, packages_skip_test_passed=False, packages_select=['deom_stage_sim'], packages_skip=None, packages_select_regex=None, packages_skip_regex=None, packages_start=None, packages_end=None, allow_overriding=[], cmake_args=None, cmake_target=None, cmake_target_skip_unavailable=False, cmake_clean_cache=False, cmake_clean_first=False, cmake_force_configure=False, ament_cmake_args=None, catkin_cmake_args=None, catkin_skip_building_tests=False, verb_parser=<colcon_defaults.argument_parser.defaults.DefaultArgumentsDecorator object at 0x76a1b1b9ee90>, verb_extension=<colcon_core.verb.build.BuildVerb object at 0x76a1b1d6c400>, main=<bound method BuildVerb.main of <colcon_core.verb.build.BuildVerb object at 0x76a1b1d6c400>>)
[0.391s] Level 1:colcon.colcon_core.package_discovery:discover_packages(colcon_meta) check parameters
[0.391s] Level 1:colcon.colcon_core.package_discovery:discover_packages(recursive) check parameters
[0.391s] Level 1:colcon.colcon_core.package_discovery:discover_packages(ignore) check parameters
[0.391s] Level 1:colcon.colcon_core.package_discovery:discover_packages(path) check parameters
[0.391s] Level 1:colcon.colcon_core.package_discovery:discover_packages(colcon_meta) discover
[0.391s] Level 1:colcon.colcon_core.package_discovery:discover_packages(recursive) discover
[0.392s] INFO:colcon.colcon_core.package_discovery:Crawling recursively for packages in '/home/abc/ROS2_SIM_WS'
[0.392s] Level 1:colcon.colcon_core.package_identification:_identify(.) by extensions ['ignore', 'ignore_ament_install']
[0.392s] Level 1:colcon.colcon_core.package_identification:_identify(.) by extension 'ignore'
[0.392s] Level 1:colcon.colcon_core.package_identification:_identify(.) by extension 'ignore_ament_install'
[0.392s] Level 1:colcon.colcon_core.package_identification:_identify(.) by extensions ['colcon_pkg']
[0.392s] Level 1:colcon.colcon_core.package_identification:_identify(.) by extension 'colcon_pkg'
[0.392s] Level 1:colcon.colcon_core.package_identification:_identify(.) by extensions ['colcon_meta']
[0.392s] Level 1:colcon.colcon_core.package_identification:_identify(.) by extension 'colcon_meta'
[0.392s] Level 1:colcon.colcon_core.package_identification:_identify(.) by extensions ['ros']
[0.392s] Level 1:colcon.colcon_core.package_identification:_identify(.) by extension 'ros'
[0.405s] Level 1:colcon.colcon_core.package_identification:_identify(.) by extensions ['cmake', 'python']
[0.405s] Level 1:colcon.colcon_core.package_identification:_identify(.) by extension 'cmake'
[0.405s] Level 1:colcon.colcon_core.package_identification:_identify(.) by extension 'python'
[0.405s] Level 1:colcon.colcon_core.package_identification:_identify(.) by extensions ['python_setup_py']
[0.405s] Level 1:colcon.colcon_core.package_identification:_identify(.) by extension 'python_setup_py'
[0.405s] Level 1:colcon.colcon_core.package_identification:_identify(build) by extensions ['ignore', 'ignore_ament_install']
[0.405s] Level 1:colcon.colcon_core.package_identification:_identify(build) by extension 'ignore'
[0.405s] Level 1:colcon.colcon_core.package_identification:_identify(build) ignored
[0.405s] Level 1:colcon.colcon_core.package_identification:_identify(ign_models) by extensions ['ignore', 'ignore_ament_install']
[0.406s] Level 1:colcon.colcon_core.package_identification:_identify(ign_models) by extension 'ignore'
[0.406s] Level 1:colcon.colcon_core.package_identification:_identify(ign_models) by extension 'ignore_ament_install'
[0.406s] Level 1:colcon.colcon_core.package_identification:_identify(ign_models) by extensions ['colcon_pkg']
[0.406s] Level 1:colcon.colcon_core.package_identification:_identify(ign_models) by extension 'colcon_pkg'
[0.406s] Level 1:colcon.colcon_core.package_identification:_identify(ign_models) by extensions ['colcon_meta']
[0.406s] Level 1:colcon.colcon_core.package_identification:_identify(ign_models) by extension 'colcon_meta'
[0.406s] Level 1:colcon.colcon_core.package_identification:_identify(ign_models) by extensions ['ros']
[0.406s] Level 1:colcon.colcon_core.package_identification:_identify(ign_models) by extension 'ros'
[0.407s] Level 1:colcon.colcon_core.package_identification:_identify(ign_models) by extensions ['cmake', 'python']
[0.407s] Level 1:colcon.colcon_core.package_identification:_identify(ign_models) by extension 'cmake'
[0.407s] Level 1:colcon.colcon_core.package_identification:_identify(ign_models) by extension 'python'
[0.407s] Level 1:colcon.colcon_core.package_identification:_identify(ign_models) by extensions ['python_setup_py']
[0.407s] Level 1:colcon.colcon_core.package_identification:_identify(ign_models) by extension 'python_setup_py'
[0.407s] Level 1:colcon.colcon_core.package_identification:_identify(ign_models/Bathtub) by extensions ['ignore', 'ignore_ament_install']
[0.407s] Level 1:colcon.colcon_core.package_identification:_identify(ign_models/Bathtub) by extension 'ignore'
[0.407s] Level 1:colcon.colcon_core.package_identification:_identify(ign_models/Bathtub) by extension 'ignore_ament_install'
[0.407s] Level 1:colcon.colcon_core.package_identification:_identify(ign_models/Bathtub) by extensions ['colcon_pkg']
[0.408s] Level 1:colcon.colcon_core.package_identification:_identify(ign_models/Bathtub) by extension 'colcon_pkg'
[0.408s] Level 1:colcon.colcon_core.package_identification:_identify(ign_models/Bathtub) by extensions ['colcon_meta']
[0.408s] Level 1:colcon.colcon_core.package_identification:_identify(ign_models/Bathtub) by extension 'colcon_meta'
[0.408s] Level 1:colcon.colcon_core.package_identification:_identify(ign_models/Bathtub) by extensions ['ros']
[0.408s] Level 1:colcon.colcon_core.package_identification:_identify(ign_models/Bathtub) by extension 'ros'
[0.408s] Level 1:colcon.colcon_core.package_identification:_identify(ign_models/Bathtub) by extensions ['cmake', 'python']
[0.408s] Level 1:colcon.colcon_core.package_identification:_identify(ign_models/Bathtub) by extension 'cmake'
[0.408s] Level 1:colcon.colcon_core.package_identification:_identify(ign_models/Bathtub) by extension 'python'
[0.408s] Level 1:colcon.colcon_core.package_identification:_identify(ign_models/Bathtub) by extensions ['python_setup_py']
[0.408s] Level 1:colcon.colcon_core.package_identification:_identify(ign_models/Bathtub) by extension 'python_setup_py'
[0.409s] Level 1:colcon.colcon_core.package_identification:_identify(ign_models/Bathtub/materials) by extensions ['ignore', 'ignore_ament_install']
[0.409s] Level 1:colcon.colcon_core.package_identification:_identify(ign_models/Bathtub/materials) by extension 'ignore'
[0.409s] Level 1:colcon.colcon_core.package_identification:_identify(ign_models/Bathtub/materials) by extension 'ignore_ament_install'
[0.409s] Level 1:colcon.colcon_core.package_identification:_identify(ign_models/Bathtub/materials) by extensions ['colcon_pkg']
[0.409s] Level 1:colcon.colcon_core.package_identification:_identify(ign_models/Bathtub/materials) by extension 'colcon_pkg'
[0.409s] Level 1:colcon.colcon_core.package_identification:_identify(ign_models/Bathtub/materials) by extensions ['colcon_meta']
[0.409s] Level 1:colcon.colcon_core.package_identification:_identify(ign_models/Bathtub/materials) by extension 'colcon_meta'
[0.409s] Level 1:colcon.colcon_core.package_identification:_identify(ign_models/Bathtub/materials) by extensions ['ros']
[0.409s] Level 1:colcon.colcon_core.package_identification:_identify(ign_models/Bathtub/materials) by extension 'ros'
[0.410s] Level 1:colcon.colcon_core.package_identification:_identify(ign_models/Bathtub/materials) by extensions ['cmake', 'python']
[0.410s] Level 1:colcon.colcon_core.package_identification:_identify(ign_models/Bathtub/materials) by extension 'cmake'
[0.410s] Level 1:colcon.colcon_core.package_identification:_identify(ign_models/Bathtub/materials) by extension 'python'
[0.410s] Level 1:colcon.colcon_core.package_identification:_identify(ign_models/Bathtub/materials) by extensions ['python_setup_py']
[0.410s] Level 1:colcon.colcon_core.package_identification:_identify(ign_models/Bathtub/materials) by extension 'python_setup_py'
[0.410s] Level 1:colcon.colcon_core.package_identification:_identify(ign_models/Bathtub/materials/textures) by extensions ['ignore', 'ignore_ament_install']
[0.410s] Level 1:colcon.colcon_core.package_identification:_identify(ign_models/Bathtub/materials/textures) by extension 'ignore'
[0.410s] Level 1:colcon.colcon_core.package_identification:_identify(ign_models/Bathtub/materials/textures) by extension 'ignore_ament_install'
[0.411s] Level 1:colcon.colcon_core.package_identification:_identify(ign_models/Bathtub/materials/textures) by extensions ['colcon_pkg']
[0.411s] Level 1:colcon.colcon_core.package_identification:_identify(ign_models/Bathtub/materials/textures) by extension 'colcon_pkg'
[0.411s] Level 1:colcon.colcon_core.package_identification:_identify(ign_models/Bathtub/materials/textures) by extensions ['colcon_meta']
[0.411s] Level 1:colcon.colcon_core.package_identification:_identify(ign_models/Bathtub/materials/textures) by extension 'colcon_meta'
[0.411s] Level 1:colcon.colcon_core.package_identification:_identify(ign_models/Bathtub/materials/textures) by extensions ['ros']
[0.411s] Level 1:colcon.colcon_core.package_identification:_identify(ign_models/Bathtub/materials/textures) by extension 'ros'
[0.412s] Level 1:colcon.colcon_core.package_identification:_identify(ign_models/Bathtub/materials/textures) by extensions ['cmake', 'python']
[0.412s] Level 1:colcon.colcon_core.package_identification:_identify(ign_models/Bathtub/materials/textures) by extension 'cmake'
[0.412s] Level 1:colcon.colcon_core.package_identification:_identify(ign_models/Bathtub/materials/textures) by extension 'python'
[0.412s] Level 1:colcon.colcon_core.package_identification:_identify(ign_models/Bathtub/materials/textures) by extensions ['python_setup_py']
[0.412s] Level 1:colcon.colcon_core.package_identification:_identify(ign_models/Bathtub/materials/textures) by extension 'python_setup_py'
[0.412s] Level 1:colcon.colcon_core.package_identification:_identify(ign_models/Bathtub/meshes) by extensions ['ignore', 'ignore_ament_install']
[0.413s] Level 1:colcon.colcon_core.package_identification:_identify(ign_models/Bathtub/meshes) by extension 'ignore'
[0.413s] Level 1:colcon.colcon_core.package_identification:_identify(ign_models/Bathtub/meshes) by extension 'ignore_ament_install'
[0.413s] Level 1:colcon.colcon_core.package_identification:_identify(ign_models/Bathtub/meshes) by extensions ['colcon_pkg']
[0.413s] Level 1:colcon.colcon_core.package_identification:_identify(ign_models/Bathtub/meshes) by extension 'colcon_pkg'
[0.413s] Level 1:colcon.colcon_core.package_identification:_identify(ign_models/Bathtub/meshes) by extensions ['colcon_meta']
[0.413s] Level 1:colcon.colcon_core.package_identification:_identify(ign_models/Bathtub/meshes) by extension 'colcon_meta'
[0.414s] Level 1:colcon.colcon_core.package_identification:_identify(ign_models/Bathtub/meshes) by extensions ['ros']
[0.414s] Level 1:colcon.colcon_core.package_identification:_identify(ign_models/Bathtub/meshes) by extension 'ros'
[0.414s] Level 1:colcon.colcon_core.package_identification:_identify(ign_models/Bathtub/meshes) by extensions ['cmake', 'python']
[0.415s] Level 1:colcon.colcon_core.package_identification:_identify(ign_models/Bathtub/meshes) by extension 'cmake'
[0.415s] Level 1:colcon.colcon_core.package_identification:_identify(ign_models/Bathtub/meshes) by extension 'python'
[0.415s] Level 1:colcon.colcon_core.package_identification:_identify(ign_models/Bathtub/meshes) by extensions ['python_setup_py']
[0.415s] Level 1:colcon.colcon_core.package_identification:_identify(ign_models/Bathtub/meshes) by extension 'python_setup_py'
[0.416s] Level 1:colcon.colcon_core.package_identification:_identify(ign_models/Bathtub/thumbnails) by extensions ['ignore', 'ignore_ament_install']
[0.416s] Level 1:colcon.colcon_core.package_identification:_identify(ign_models/Bathtub/thumbnails) by extension 'ignore'
[0.416s] Level 1:colcon.colcon_core.package_identification:_identify(ign_models/Bathtub/thumbnails) by extension 'ignore_ament_install'
[0.416s] Level 1:colcon.colcon_core.package_identification:_identify(ign_models/Bathtub/thumbnails) by extensions ['colcon_pkg']
[0.416s] Level 1:colcon.colcon_core.package_identification:_identify(ign_models/Bathtub/thumbnails) by extension 'colcon_pkg'
[0.416s] Level 1:colcon.colcon_core.package_identification:_identify(ign_models/Bathtub/thumbnails) by extensions ['colcon_meta']
[0.416s] Level 1:colcon.colcon_core.package_identification:_identify(ign_models/Bathtub/thumbnails) by extension 'colcon_meta'
[0.417s] Level 1:colcon.colcon_core.package_identification:_identify(ign_models/Bathtub/thumbnails) by extensions ['ros']
[0.417s] Level 1:colcon.colcon_core.package_identification:_identify(ign_models/Bathtub/thumbnails) by extension 'ros'
[0.417s] Level 1:colcon.colcon_core.package_identification:_identify(ign_models/Bathtub/thumbnails) by extensions ['cmake', 'python']
[0.417s] Level 1:colcon.colcon_core.package_identification:_identify(ign_models/Bathtub/thumbnails) by extension 'cmake'
[0.417s] Level 1:colcon.colcon_core.package_identification:_identify(ign_models/Bathtub/thumbnails) by extension 'python'
[0.417s] Level 1:colcon.colcon_core.package_identification:_identify(ign_models/Bathtub/thumbnails) by extensions ['python_setup_py']
[0.417s] Level 1:colcon.colcon_core.package_identification:_identify(ign_models/Bathtub/thumbnails) by extension 'python_setup_py'
[0.417s] Level 1:colcon.colcon_core.package_identification:_identify(ign_models/Bed) by extensions ['ignore', 'ignore_ament_install']
[0.418s] Level 1:colcon.colcon_core.package_identification:_identify(ign_models/Bed) by extension 'ignore'
[0.418s] Level 1:colcon.colcon_core.package_identification:_identify(ign_models/Bed) by extension 'ignore_ament_install'
[0.418s] Level 1:colcon.colcon_core.package_identification:_identify(ign_models/Bed) by extensions ['colcon_pkg']
[0.418s] Level 1:colcon.colcon_core.package_identification:_identify(ign_models/Bed) by extension 'colcon_pkg'
[0.418s] Level 1:colcon.colcon_core.package_identification:_identify(ign_models/Bed) by extensions ['colcon_meta']
[0.418s] Level 1:colcon.colcon_core.package_identification:_identify(ign_models/Bed) by extension 'colcon_meta'
[0.418s] Level 1:colcon.colcon_core.package_identification:_identify(ign_models/Bed) by extensions ['ros']
[0.418s] Level 1:colcon.colcon_core.package_identification:_identify(ign_models/Bed) by extension 'ros'
[0.418s] Level 1:colcon.colcon_core.package_identification:_identify(ign_models/Bed) by extensions ['cmake', 'python']
[0.418s] Level 1:colcon.colcon_core.package_identification:_identify(ign_models/Bed) by extension 'cmake'
[0.418s] Level 1:colcon.colcon_core.package_identification:_identify(ign_models/Bed) by extension 'python'
[0.418s] Level 1:colcon.colcon_core.package_identification:_identify(ign_models/Bed) by extensions ['python_setup_py']
[0.418s] Level 1:colcon.colcon_core.package_identification:_identify(ign_models/Bed) by extension 'python_setup_py'
[0.418s] Level 1:colcon.colcon_core.package_identification:_identify(ign_models/Bed/materials) by extensions ['ignore', 'ignore_ament_install']
[0.418s] Level 1:colcon.colcon_core.package_identification:_identify(ign_models/Bed/materials) by extension 'ignore'
[0.418s] Level 1:colcon.colcon_core.package_identification:_identify(ign_models/Bed/materials) by extension 'ignore_ament_install'
[0.418s] Level 1:colcon.colcon_core.package_identification:_identify(ign_models/Bed/materials) by extensions ['colcon_pkg']
[0.418s] Level 1:colcon.colcon_core.package_identification:_identify(ign_models/Bed/materials) by extension 'colcon_pkg'
[0.418s] Level 1:colcon.colcon_core.package_identification:_identify(ign_models/Bed/materials) by extensions ['colcon_meta']
[0.418s] Level 1:colcon.colcon_core.package_identification:_identify(ign_models/Bed/materials) by extension 'colcon_meta'
[0.418s] Level 1:colcon.colcon_core.package_identification:_identify(ign_models/Bed/materials) by extensions ['ros']
[0.418s] Level 1:colcon.colcon_core.package_identification:_identify(ign_models/Bed/materials) by extension 'ros'
[0.418s] Level 1:colcon.colcon_core.package_identification:_identify(ign_models/Bed/materials) by extensions ['cmake', 'python']
[0.418s] Level 1:colcon.colcon_core.package_identification:_identify(ign_models/Bed/materials) by extension 'cmake'
[0.418s] Level 1:colcon.colcon_core.package_identification:_identify(ign_models/Bed/materials) by extension 'python'
[0.418s] Level 1:colcon.colcon_core.package_identification:_identify(ign_models/Bed/materials) by extensions ['python_setup_py']
[0.418s] Level 1:colcon.colcon_core.package_identification:_identify(ign_models/Bed/materials) by extension 'python_setup_py'
[0.418s] Level 1:colcon.colcon_core.package_identification:_identify(ign_models/Bed/materials/textures) by extensions ['ignore', 'ignore_ament_install']
[0.418s] Level 1:colcon.colcon_core.package_identification:_identify(ign_models/Bed/materials/textures) by extension 'ignore'
[0.419s] Level 1:colcon.colcon_core.package_identification:_identify(ign_models/Bed/materials/textures) by extension 'ignore_ament_install'
[0.419s] Level 1:colcon.colcon_core.package_identification:_identify(ign_models/Bed/materials/textures) by extensions ['colcon_pkg']
[0.419s] Level 1:colcon.colcon_core.package_identification:_identify(ign_models/Bed/materials/textures) by extension 'colcon_pkg'
[0.419s] Level 1:colcon.colcon_core.package_identification:_identify(ign_models/Bed/materials/textures) by extensions ['colcon_meta']
[0.419s] Level 1:colcon.colcon_core.package_identification:_identify(ign_models/Bed/materials/textures) by extension 'colcon_meta'
[0.419s] Level 1:colcon.colcon_core.package_identification:_identify(ign_models/Bed/materials/textures) by extensions ['ros']
[0.419s] Level 1:colcon.colcon_core.package_identification:_identify(ign_models/Bed/materials/textures) by extension 'ros'
[0.419s] Level 1:colcon.colcon_core.package_identification:_identify(ign_models/Bed/materials/textures) by extensions ['cmake', 'python']
[0.419s] Level 1:colcon.colcon_core.package_identification:_identify(ign_models/Bed/materials/textures) by extension 'cmake'
[0.419s] Level 1:colcon.colcon_core.package_identification:_identify(ign_models/Bed/materials/textures) by extension 'python'
[0.419s] Level 1:colcon.colcon_core.package_identification:_identify(ign_models/Bed/materials/textures) by extensions ['python_setup_py']
[0.419s] Level 1:colcon.colcon_core.package_identification:_identify(ign_models/Bed/materials/textures) by extension 'python_setup_py'
[0.419s] Level 1:colcon.colcon_core.package_identification:_identify(ign_models/Bed/meshes) by extensions ['ignore', 'ignore_ament_install']
[0.419s] Level 1:colcon.colcon_core.package_identification:_identify(ign_models/Bed/meshes) by extension 'ignore'
[0.419s] Level 1:colcon.colcon_core.package_identification:_identify(ign_models/Bed/meshes) by extension 'ignore_ament_install'
[0.420s] Level 1:colcon.colcon_core.package_identification:_identify(ign_models/Bed/meshes) by extensions ['colcon_pkg']
[0.420s] Level 1:colcon.colcon_core.package_identification:_identify(ign_models/Bed/meshes) by extension 'colcon_pkg'
[0.420s] Level 1:colcon.colcon_core.package_identification:_identify(ign_models/Bed/meshes) by extensions ['colcon_meta']
[0.420s] Level 1:colcon.colcon_core.package_identification:_identify(ign_models/Bed/meshes) by extension 'colcon_meta'
[0.420s] Level 1:colcon.colcon_core.package_identification:_identify(ign_models/Bed/meshes) by extensions ['ros']
[0.420s] Level 1:colcon.colcon_core.package_identification:_identify(ign_models/Bed/meshes) by extension 'ros'
[0.420s] Level 1:colcon.colcon_core.package_identification:_identify(ign_models/Bed/meshes) by extensions ['cmake', 'python']
[0.420s] Level 1:colcon.colcon_core.package_identification:_identify(ign_models/Bed/meshes) by extension 'cmake'
[0.421s] Level 1:colcon.colcon_core.package_identification:_identify(ign_models/Bed/meshes) by extension 'python'
[0.421s] Level 1:colcon.colcon_core.package_identification:_identify(ign_models/Bed/meshes) by extensions ['python_setup_py']
[0.421s] Level 1:colcon.colcon_core.package_identification:_identify(ign_models/Bed/meshes) by extension 'python_setup_py'
[0.421s] Level 1:colcon.colcon_core.package_identification:_identify(ign_models/Bed/thumbnails) by extensions ['ignore', 'ignore_ament_install']
[0.421s] Level 1:colcon.colcon_core.package_identification:_identify(ign_models/Bed/thumbnails) by extension 'ignore'
[0.421s] Level 1:colcon.colcon_core.package_identification:_identify(ign_models/Bed/thumbnails) by extension 'ignore_ament_install'
[0.421s] Level 1:colcon.colcon_core.package_identification:_identify(ign_models/Bed/thumbnails) by extensions ['colcon_pkg']
[0.421s] Level 1:colcon.colcon_core.package_identification:_identify(ign_models/Bed/thumbnails) by extension 'colcon_pkg'
[0.421s] Level 1:colcon.colcon_core.package_identification:_identify(ign_models/Bed/thumbnails) by extensions ['colcon_meta']
[0.421s] Level 1:colcon.colcon_core.package_identification:_identify(ign_models/Bed/thumbnails) by extension 'colcon_meta'
[0.421s] Level 1:colcon.colcon_core.package_identification:_identify(ign_models/Bed/thumbnails) by extensions ['ros']
[0.421s] Level 1:colcon.colcon_core.package_identification:_identify(ign_models/Bed/thumbnails) by extension 'ros'
[0.422s] Level 1:colcon.colcon_core.package_identification:_identify(ign_models/Bed/thumbnails) by extensions ['cmake', 'python']
[0.422s] Level 1:colcon.colcon_core.package_identification:_identify(ign_models/Bed/thumbnails) by extension 'cmake'
[0.422s] Level 1:colcon.colcon_core.package_identification:_identify(ign_models/Bed/thumbnails) by extension 'python'
[0.422s] Level 1:colcon.colcon_core.package_identification:_identify(ign_models/Bed/thumbnails) by extensions ['python_setup_py']
[0.422s] Level 1:colcon.colcon_core.package_identification:_identify(ign_models/Bed/thumbnails) by extension 'python_setup_py'
[0.422s] Level 1:colcon.colcon_core.package_identification:_identify(ign_models/Dining Table) by extensions ['ignore', 'ignore_ament_install']
[0.422s] Level 1:colcon.colcon_core.package_identification:_identify(ign_models/Dining Table) by extension 'ignore'
[0.422s] Level 1:colcon.colcon_core.package_identification:_identify(ign_models/Dining Table) by extension 'ignore_ament_install'
[0.422s] Level 1:colcon.colcon_core.package_identification:_identify(ign_models/Dining Table) by extensions ['colcon_pkg']
[0.422s] Level 1:colcon.colcon_core.package_identification:_identify(ign_models/Dining Table) by extension 'colcon_pkg'
[0.422s] Level 1:colcon.colcon_core.package_identification:_identify(ign_models/Dining Table) by extensions ['colcon_meta']
[0.422s] Level 1:colcon.colcon_core.package_identification:_identify(ign_models/Dining Table) by extension 'colcon_meta'
[0.422s] Level 1:colcon.colcon_core.package_identification:_identify(ign_models/Dining Table) by extensions ['ros']
[0.422s] Level 1:colcon.colcon_core.package_identification:_identify(ign_models/Dining Table) by extension 'ros'
[0.422s] Level 1:colcon.colcon_core.package_identification:_identify(ign_models/Dining Table) by extensions ['cmake', 'python']
[0.422s] Level 1:colcon.colcon_core.package_identification:_identify(ign_models/Dining Table) by extension 'cmake'
[0.422s] Level 1:colcon.colcon_core.package_identification:_identify(ign_models/Dining Table) by extension 'python'
[0.422s] Level 1:colcon.colcon_core.package_identification:_identify(ign_models/Dining Table) by extensions ['python_setup_py']
[0.422s] Level 1:colcon.colcon_core.package_identification:_identify(ign_models/Dining Table) by extension 'python_setup_py'
[0.423s] Level 1:colcon.colcon_core.package_identification:_identify(ign_models/Dining Table/materials) by extensions ['ignore', 'ignore_ament_install']
[0.423s] Level 1:colcon.colcon_core.package_identification:_identify(ign_models/Dining Table/materials) by extension 'ignore'
[0.423s] Level 1:colcon.colcon_core.package_identification:_identify(ign_models/Dining Table/materials) by extension 'ignore_ament_install'
[0.423s] Level 1:colcon.colcon_core.package_identification:_identify(ign_models/Dining Table/materials) by extensions ['colcon_pkg']
[0.423s] Level 1:colcon.colcon_core.package_identification:_identify(ign_models/Dining Table/materials) by extension 'colcon_pkg'
[0.423s] Level 1:colcon.colcon_core.package_identification:_identify(ign_models/Dining Table/materials) by extensions ['colcon_meta']
[0.423s] Level 1:colcon.colcon_core.package_identification:_identify(ign_models/Dining Table/materials) by extension 'colcon_meta'
[0.423s] Level 1:colcon.colcon_core.package_identification:_identify(ign_models/Dining Table/materials) by extensions ['ros']
[0.423s] Level 1:colcon.colcon_core.package_identification:_identify(ign_models/Dining Table/materials) by extension 'ros'
[0.423s] Level 1:colcon.colcon_core.package_identification:_identify(ign_models/Dining Table/materials) by extensions ['cmake', 'python']
[0.423s] Level 1:colcon.colcon_core.package_identification:_identify(ign_models/Dining Table/materials) by extension 'cmake'
[0.423s] Level 1:colcon.colcon_core.package_identification:_identify(ign_models/Dining Table/materials) by extension 'python'
[0.423s] Level 1:colcon.colcon_core.package_identification:_identify(ign_models/Dining Table/materials) by extensions ['python_setup_py']
[0.423s] Level 1:colcon.colcon_core.package_identification:_identify(ign_models/Dining Table/materials) by extension 'python_setup_py'
[0.423s] Level 1:colcon.colcon_core.package_identification:_identify(ign_models/Dining Table/materials/textures) by extensions ['ignore', 'ignore_ament_install']
[0.423s] Level 1:colcon.colcon_core.package_identification:_identify(ign_models/Dining Table/materials/textures) by extension 'ignore'
[0.423s] Level 1:colcon.colcon_core.package_identification:_identify(ign_models/Dining Table/materials/textures) by extension 'ignore_ament_install'
[0.423s] Level 1:colcon.colcon_core.package_identification:_identify(ign_models/Dining Table/materials/textures) by extensions ['colcon_pkg']
[0.423s] Level 1:colcon.colcon_core.package_identification:_identify(ign_models/Dining Table/materials/textures) by extension 'colcon_pkg'
[0.423s] Level 1:colcon.colcon_core.package_identification:_identify(ign_models/Dining Table/materials/textures) by extensions ['colcon_meta']
[0.423s] Level 1:colcon.colcon_core.package_identification:_identify(ign_models/Dining Table/materials/textures) by extension 'colcon_meta'
[0.423s] Level 1:colcon.colcon_core.package_identification:_identify(ign_models/Dining Table/materials/textures) by extensions ['ros']
[0.423s] Level 1:colcon.colcon_core.package_identification:_identify(ign_models/Dining Table/materials/textures) by extension 'ros'
[0.424s] Level 1:colcon.colcon_core.package_identification:_identify(ign_models/Dining Table/materials/textures) by extensions ['cmake', 'python']
[0.424s] Level 1:colcon.colcon_core.package_identification:_identify(ign_models/Dining Table/materials/textures) by extension 'cmake'
[0.424s] Level 1:colcon.colcon_core.package_identification:_identify(ign_models/Dining Table/materials/textures) by extension 'python'
[0.424s] Level 1:colcon.colcon_core.package_identification:_identify(ign_models/Dining Table/materials/textures) by extensions ['python_setup_py']
[0.424s] Level 1:colcon.colcon_core.package_identification:_identify(ign_models/Dining Table/materials/textures) by extension 'python_setup_py'
[0.424s] Level 1:colcon.colcon_core.package_identification:_identify(ign_models/Dining Table/meshes) by extensions ['ignore', 'ignore_ament_install']
[0.424s] Level 1:colcon.colcon_core.package_identification:_identify(ign_models/Dining Table/meshes) by extension 'ignore'
[0.424s] Level 1:colcon.colcon_core.package_identification:_identify(ign_models/Dining Table/meshes) by extension 'ignore_ament_install'
[0.424s] Level 1:colcon.colcon_core.package_identification:_identify(ign_models/Dining Table/meshes) by extensions ['colcon_pkg']
[0.424s] Level 1:colcon.colcon_core.package_identification:_identify(ign_models/Dining Table/meshes) by extension 'colcon_pkg'
[0.424s] Level 1:colcon.colcon_core.package_identification:_identify(ign_models/Dining Table/meshes) by extensions ['colcon_meta']
[0.424s] Level 1:colcon.colcon_core.package_identification:_identify(ign_models/Dining Table/meshes) by extension 'colcon_meta'
[0.424s] Level 1:colcon.colcon_core.package_identification:_identify(ign_models/Dining Table/meshes) by extensions ['ros']
[0.424s] Level 1:colcon.colcon_core.package_identification:_identify(ign_models/Dining Table/meshes) by extension 'ros'
[0.424s] Level 1:colcon.colcon_core.package_identification:_identify(ign_models/Dining Table/meshes) by extensions ['cmake', 'python']
[0.424s] Level 1:colcon.colcon_core.package_identification:_identify(ign_models/Dining Table/meshes) by extension 'cmake'
[0.424s] Level 1:colcon.colcon_core.package_identification:_identify(ign_models/Dining Table/meshes) by extension 'python'
[0.424s] Level 1:colcon.colcon_core.package_identification:_identify(ign_models/Dining Table/meshes) by extensions ['python_setup_py']
[0.424s] Level 1:colcon.colcon_core.package_identification:_identify(ign_models/Dining Table/meshes) by extension 'python_setup_py'
[0.424s] Level 1:colcon.colcon_core.package_identification:_identify(ign_models/Dining Table/thumbnails) by extensions ['ignore', 'ignore_ament_install']
[0.424s] Level 1:colcon.colcon_core.package_identification:_identify(ign_models/Dining Table/thumbnails) by extension 'ignore'
[0.424s] Level 1:colcon.colcon_core.package_identification:_identify(ign_models/Dining Table/thumbnails) by extension 'ignore_ament_install'
[0.424s] Level 1:colcon.colcon_core.package_identification:_identify(ign_models/Dining Table/thumbnails) by extensions ['colcon_pkg']
[0.425s] Level 1:colcon.colcon_core.package_identification:_identify(ign_models/Dining Table/thumbnails) by extension 'colcon_pkg'
[0.425s] Level 1:colcon.colcon_core.package_identification:_identify(ign_models/Dining Table/thumbnails) by extensions ['colcon_meta']
[0.425s] Level 1:colcon.colcon_core.package_identification:_identify(ign_models/Dining Table/thumbnails) by extension 'colcon_meta'
[0.425s] Level 1:colcon.colcon_core.package_identification:_identify(ign_models/Dining Table/thumbnails) by extensions ['ros']
[0.425s] Level 1:colcon.colcon_core.package_identification:_identify(ign_models/Dining Table/thumbnails) by extension 'ros'
[0.425s] Level 1:colcon.colcon_core.package_identification:_identify(ign_models/Dining Table/thumbnails) by extensions ['cmake', 'python']
[0.425s] Level 1:colcon.colcon_core.package_identification:_identify(ign_models/Dining Table/thumbnails) by extension 'cmake'
[0.425s] Level 1:colcon.colcon_core.package_identification:_identify(ign_models/Dining Table/thumbnails) by extension 'python'
[0.425s] Level 1:colcon.colcon_core.package_identification:_identify(ign_models/Dining Table/thumbnails) by extensions ['python_setup_py']
[0.425s] Level 1:colcon.colcon_core.package_identification:_identify(ign_models/Dining Table/thumbnails) by extension 'python_setup_py'
[0.425s] Level 1:colcon.colcon_core.package_identification:_identify(ign_models/Office Desk) by extensions ['ignore', 'ignore_ament_install']
[0.425s] Level 1:colcon.colcon_core.package_identification:_identify(ign_models/Office Desk) by extension 'ignore'
[0.425s] Level 1:colcon.colcon_core.package_identification:_identify(ign_models/Office Desk) by extension 'ignore_ament_install'
[0.425s] Level 1:colcon.colcon_core.package_identification:_identify(ign_models/Office Desk) by extensions ['colcon_pkg']
[0.425s] Level 1:colcon.colcon_core.package_identification:_identify(ign_models/Office Desk) by extension 'colcon_pkg'
[0.425s] Level 1:colcon.colcon_core.package_identification:_identify(ign_models/Office Desk) by extensions ['colcon_meta']
[0.425s] Level 1:colcon.colcon_core.package_identification:_identify(ign_models/Office Desk) by extension 'colcon_meta'
[0.425s] Level 1:colcon.colcon_core.package_identification:_identify(ign_models/Office Desk) by extensions ['ros']
[0.425s] Level 1:colcon.colcon_core.package_identification:_identify(ign_models/Office Desk) by extension 'ros'
[0.425s] Level 1:colcon.colcon_core.package_identification:_identify(ign_models/Office Desk) by extensions ['cmake', 'python']
[0.425s] Level 1:colcon.colcon_core.package_identification:_identify(ign_models/Office Desk) by extension 'cmake'
[0.425s] Level 1:colcon.colcon_core.package_identification:_identify(ign_models/Office Desk) by extension 'python'
[0.425s] Level 1:colcon.colcon_core.package_identification:_identify(ign_models/Office Desk) by extensions ['python_setup_py']
[0.425s] Level 1:colcon.colcon_core.package_identification:_identify(ign_models/Office Desk) by extension 'python_setup_py'
[0.425s] Level 1:colcon.colcon_core.package_identification:_identify(ign_models/Office Desk/materials) by extensions ['ignore', 'ignore_ament_install']
[0.425s] Level 1:colcon.colcon_core.package_identification:_identify(ign_models/Office Desk/materials) by extension 'ignore'
[0.425s] Level 1:colcon.colcon_core.package_identification:_identify(ign_models/Office Desk/materials) by extension 'ignore_ament_install'
[0.425s] Level 1:colcon.colcon_core.package_identification:_identify(ign_models/Office Desk/materials) by extensions ['colcon_pkg']
[0.426s] Level 1:colcon.colcon_core.package_identification:_identify(ign_models/Office Desk/materials) by extension 'colcon_pkg'
[0.426s] Level 1:colcon.colcon_core.package_identification:_identify(ign_models/Office Desk/materials) by extensions ['colcon_meta']
[0.426s] Level 1:colcon.colcon_core.package_identification:_identify(ign_models/Office Desk/materials) by extension 'colcon_meta'
[0.426s] Level 1:colcon.colcon_core.package_identification:_identify(ign_models/Office Desk/materials) by extensions ['ros']
[0.426s] Level 1:colcon.colcon_core.package_identification:_identify(ign_models/Office Desk/materials) by extension 'ros'
[0.426s] Level 1:colcon.colcon_core.package_identification:_identify(ign_models/Office Desk/materials) by extensions ['cmake', 'python']
[0.426s] Level 1:colcon.colcon_core.package_identification:_identify(ign_models/Office Desk/materials) by extension 'cmake'
[0.426s] Level 1:colcon.colcon_core.package_identification:_identify(ign_models/Office Desk/materials) by extension 'python'
[0.426s] Level 1:colcon.colcon_core.package_identification:_identify(ign_models/Office Desk/materials) by extensions ['python_setup_py']
[0.426s] Level 1:colcon.colcon_core.package_identification:_identify(ign_models/Office Desk/materials) by extension 'python_setup_py'
[0.426s] Level 1:colcon.colcon_core.package_identification:_identify(ign_models/Office Desk/materials/textures) by extensions ['ignore', 'ignore_ament_install']
[0.426s] Level 1:colcon.colcon_core.package_identification:_identify(ign_models/Office Desk/materials/textures) by extension 'ignore'
[0.426s] Level 1:colcon.colcon_core.package_identification:_identify(ign_models/Office Desk/materials/textures) by extension 'ignore_ament_install'
[0.426s] Level 1:colcon.colcon_core.package_identification:_identify(ign_models/Office Desk/materials/textures) by extensions ['colcon_pkg']
[0.426s] Level 1:colcon.colcon_core.package_identification:_identify(ign_models/Office Desk/materials/textures) by extension 'colcon_pkg'
[0.426s] Level 1:colcon.colcon_core.package_identification:_identify(ign_models/Office Desk/materials/textures) by extensions ['colcon_meta']
[0.426s] Level 1:colcon.colcon_core.package_identification:_identify(ign_models/Office Desk/materials/textures) by extension 'colcon_meta'
[0.426s] Level 1:colcon.colcon_core.package_identification:_identify(ign_models/Office Desk/materials/textures) by extensions ['ros']
[0.426s] Level 1:colcon.colcon_core.package_identification:_identify(ign_models/Office Desk/materials/textures) by extension 'ros'
[0.426s] Level 1:colcon.colcon_core.package_identification:_identify(ign_models/Office Desk/materials/textures) by extensions ['cmake', 'python']
[0.426s] Level 1:colcon.colcon_core.package_identification:_identify(ign_models/Office Desk/materials/textures) by extension 'cmake'
[0.426s] Level 1:colcon.colcon_core.package_identification:_identify(ign_models/Office Desk/materials/textures) by extension 'python'
[0.427s] Level 1:colcon.colcon_core.package_identification:_identify(ign_models/Office Desk/materials/textures) by extensions ['python_setup_py']
[0.427s] Level 1:colcon.colcon_core.package_identification:_identify(ign_models/Office Desk/materials/textures) by extension 'python_setup_py'
[0.427s] Level 1:colcon.colcon_core.package_identification:_identify(ign_models/Office Desk/meshes) by extensions ['ignore', 'ignore_ament_install']
[0.427s] Level 1:colcon.colcon_core.package_identification:_identify(ign_models/Office Desk/meshes) by extension 'ignore'
[0.427s] Level 1:colcon.colcon_core.package_identification:_identify(ign_models/Office Desk/meshes) by extension 'ignore_ament_install'
[0.427s] Level 1:colcon.colcon_core.package_identification:_identify(ign_models/Office Desk/meshes) by extensions ['colcon_pkg']
[0.427s] Level 1:colcon.colcon_core.package_identification:_identify(ign_models/Office Desk/meshes) by extension 'colcon_pkg'
[0.427s] Level 1:colcon.colcon_core.package_identification:_identify(ign_models/Office Desk/meshes) by extensions ['colcon_meta']
[0.427s] Level 1:colcon.colcon_core.package_identification:_identify(ign_models/Office Desk/meshes) by extension 'colcon_meta'
[0.427s] Level 1:colcon.colcon_core.package_identification:_identify(ign_models/Office Desk/meshes) by extensions ['ros']
[0.427s] Level 1:colcon.colcon_core.package_identification:_identify(ign_models/Office Desk/meshes) by extension 'ros'
[0.427s] Level 1:colcon.colcon_core.package_identification:_identify(ign_models/Office Desk/meshes) by extensions ['cmake', 'python']
[0.427s] Level 1:colcon.colcon_core.package_identification:_identify(ign_models/Office Desk/meshes) by extension 'cmake'
[0.427s] Level 1:colcon.colcon_core.package_identification:_identify(ign_models/Office Desk/meshes) by extension 'python'
[0.427s] Level 1:colcon.colcon_core.package_identification:_identify(ign_models/Office Desk/meshes) by extensions ['python_setup_py']
[0.427s] Level 1:colcon.colcon_core.package_identification:_identify(ign_models/Office Desk/meshes) by extension 'python_setup_py'
[0.427s] Level 1:colcon.colcon_core.package_identification:_identify(ign_models/Office Desk/thumbnails) by extensions ['ignore', 'ignore_ament_install']
[0.427s] Level 1:colcon.colcon_core.package_identification:_identify(ign_models/Office Desk/thumbnails) by extension 'ignore'
[0.427s] Level 1:colcon.colcon_core.package_identification:_identify(ign_models/Office Desk/thumbnails) by extension 'ignore_ament_install'
[0.428s] Level 1:colcon.colcon_core.package_identification:_identify(ign_models/Office Desk/thumbnails) by extensions ['colcon_pkg']
[0.428s] Level 1:colcon.colcon_core.package_identification:_identify(ign_models/Office Desk/thumbnails) by extension 'colcon_pkg'
[0.428s] Level 1:colcon.colcon_core.package_identification:_identify(ign_models/Office Desk/thumbnails) by extensions ['colcon_meta']
[0.428s] Level 1:colcon.colcon_core.package_identification:_identify(ign_models/Office Desk/thumbnails) by extension 'colcon_meta'
[0.428s] Level 1:colcon.colcon_core.package_identification:_identify(ign_models/Office Desk/thumbnails) by extensions ['ros']
[0.428s] Level 1:colcon.colcon_core.package_identification:_identify(ign_models/Office Desk/thumbnails) by extension 'ros'
[0.428s] Level 1:colcon.colcon_core.package_identification:_identify(ign_models/Office Desk/thumbnails) by extensions ['cmake', 'python']
[0.428s] Level 1:colcon.colcon_core.package_identification:_identify(ign_models/Office Desk/thumbnails) by extension 'cmake'
[0.428s] Level 1:colcon.colcon_core.package_identification:_identify(ign_models/Office Desk/thumbnails) by extension 'python'
[0.428s] Level 1:colcon.colcon_core.package_identification:_identify(ign_models/Office Desk/thumbnails) by extensions ['python_setup_py']
[0.428s] Level 1:colcon.colcon_core.package_identification:_identify(ign_models/Office Desk/thumbnails) by extension 'python_setup_py'
[0.428s] Level 1:colcon.colcon_core.package_identification:_identify(ign_models/Pickup) by extensions ['ignore', 'ignore_ament_install']
[0.428s] Level 1:colcon.colcon_core.package_identification:_identify(ign_models/Pickup) by extension 'ignore'
[0.428s] Level 1:colcon.colcon_core.package_identification:_identify(ign_models/Pickup) by extension 'ignore_ament_install'
[0.428s] Level 1:colcon.colcon_core.package_identification:_identify(ign_models/Pickup) by extensions ['colcon_pkg']
[0.428s] Level 1:colcon.colcon_core.package_identification:_identify(ign_models/Pickup) by extension 'colcon_pkg'
[0.428s] Level 1:colcon.colcon_core.package_identification:_identify(ign_models/Pickup) by extensions ['colcon_meta']
[0.428s] Level 1:colcon.colcon_core.package_identification:_identify(ign_models/Pickup) by extension 'colcon_meta'
[0.428s] Level 1:colcon.colcon_core.package_identification:_identify(ign_models/Pickup) by extensions ['ros']
[0.428s] Level 1:colcon.colcon_core.package_identification:_identify(ign_models/Pickup) by extension 'ros'
[0.428s] Level 1:colcon.colcon_core.package_identification:_identify(ign_models/Pickup) by extensions ['cmake', 'python']
[0.428s] Level 1:colcon.colcon_core.package_identification:_identify(ign_models/Pickup) by extension 'cmake'
[0.428s] Level 1:colcon.colcon_core.package_identification:_identify(ign_models/Pickup) by extension 'python'
[0.428s] Level 1:colcon.colcon_core.package_identification:_identify(ign_models/Pickup) by extensions ['python_setup_py']
[0.428s] Level 1:colcon.colcon_core.package_identification:_identify(ign_models/Pickup) by extension 'python_setup_py'
[0.428s] Level 1:colcon.colcon_core.package_identification:_identify(ign_models/Pickup/materials) by extensions ['ignore', 'ignore_ament_install']
[0.428s] Level 1:colcon.colcon_core.package_identification:_identify(ign_models/Pickup/materials) by extension 'ignore'
[0.428s] Level 1:colcon.colcon_core.package_identification:_identify(ign_models/Pickup/materials) by extension 'ignore_ament_install'
[0.428s] Level 1:colcon.colcon_core.package_identification:_identify(ign_models/Pickup/materials) by extensions ['colcon_pkg']
[0.428s] Level 1:colcon.colcon_core.package_identification:_identify(ign_models/Pickup/materials) by extension 'colcon_pkg'
[0.429s] Level 1:colcon.colcon_core.package_identification:_identify(ign_models/Pickup/materials) by extensions ['colcon_meta']
[0.429s] Level 1:colcon.colcon_core.package_identification:_identify(ign_models/Pickup/materials) by extension 'colcon_meta'
[0.429s] Level 1:colcon.colcon_core.package_identification:_identify(ign_models/Pickup/materials) by extensions ['ros']
[0.429s] Level 1:colcon.colcon_core.package_identification:_identify(ign_models/Pickup/materials) by extension 'ros'
[0.429s] Level 1:colcon.colcon_core.package_identification:_identify(ign_models/Pickup/materials) by extensions ['cmake', 'python']
[0.429s] Level 1:colcon.colcon_core.package_identification:_identify(ign_models/Pickup/materials) by extension 'cmake'
[0.429s] Level 1:colcon.colcon_core.package_identification:_identify(ign_models/Pickup/materials) by extension 'python'
[0.429s] Level 1:colcon.colcon_core.package_identification:_identify(ign_models/Pickup/materials) by extensions ['python_setup_py']
[0.429s] Level 1:colcon.colcon_core.package_identification:_identify(ign_models/Pickup/materials) by extension 'python_setup_py'
[0.429s] Level 1:colcon.colcon_core.package_identification:_identify(ign_models/Pickup/materials/textures) by extensions ['ignore', 'ignore_ament_install']
[0.429s] Level 1:colcon.colcon_core.package_identification:_identify(ign_models/Pickup/materials/textures) by extension 'ignore'
[0.429s] Level 1:colcon.colcon_core.package_identification:_identify(ign_models/Pickup/materials/textures) by extension 'ignore_ament_install'
[0.429s] Level 1:colcon.colcon_core.package_identification:_identify(ign_models/Pickup/materials/textures) by extensions ['colcon_pkg']
[0.429s] Level 1:colcon.colcon_core.package_identification:_identify(ign_models/Pickup/materials/textures) by extension 'colcon_pkg'
[0.429s] Level 1:colcon.colcon_core.package_identification:_identify(ign_models/Pickup/materials/textures) by extensions ['colcon_meta']
[0.429s] Level 1:colcon.colcon_core.package_identification:_identify(ign_models/Pickup/materials/textures) by extension 'colcon_meta'
[0.429s] Level 1:colcon.colcon_core.package_identification:_identify(ign_models/Pickup/materials/textures) by extensions ['ros']
[0.429s] Level 1:colcon.colcon_core.package_identification:_identify(ign_models/Pickup/materials/textures) by extension 'ros'
[0.429s] Level 1:colcon.colcon_core.package_identification:_identify(ign_models/Pickup/materials/textures) by extensions ['cmake', 'python']
[0.429s] Level 1:colcon.colcon_core.package_identification:_identify(ign_models/Pickup/materials/textures) by extension 'cmake'
[0.429s] Level 1:colcon.colcon_core.package_identification:_identify(ign_models/Pickup/materials/textures) by extension 'python'
[0.429s] Level 1:colcon.colcon_core.package_identification:_identify(ign_models/Pickup/materials/textures) by extensions ['python_setup_py']
[0.429s] Level 1:colcon.colcon_core.package_identification:_identify(ign_models/Pickup/materials/textures) by extension 'python_setup_py'
[0.429s] Level 1:colcon.colcon_core.package_identification:_identify(ign_models/Pickup/meshes) by extensions ['ignore', 'ignore_ament_install']
[0.429s] Level 1:colcon.colcon_core.package_identification:_identify(ign_models/Pickup/meshes) by extension 'ignore'
[0.429s] Level 1:colcon.colcon_core.package_identification:_identify(ign_models/Pickup/meshes) by extension 'ignore_ament_install'
[0.429s] Level 1:colcon.colcon_core.package_identification:_identify(ign_models/Pickup/meshes) by extensions ['colcon_pkg']
[0.429s] Level 1:colcon.colcon_core.package_identification:_identify(ign_models/Pickup/meshes) by extension 'colcon_pkg'
[0.429s] Level 1:colcon.colcon_core.package_identification:_identify(ign_models/Pickup/meshes) by extensions ['colcon_meta']
[0.429s] Level 1:colcon.colcon_core.package_identification:_identify(ign_models/Pickup/meshes) by extension 'colcon_meta'
[0.429s] Level 1:colcon.colcon_core.package_identification:_identify(ign_models/Pickup/meshes) by extensions ['ros']
[0.429s] Level 1:colcon.colcon_core.package_identification:_identify(ign_models/Pickup/meshes) by extension 'ros'
[0.429s] Level 1:colcon.colcon_core.package_identification:_identify(ign_models/Pickup/meshes) by extensions ['cmake', 'python']
[0.429s] Level 1:colcon.colcon_core.package_identification:_identify(ign_models/Pickup/meshes) by extension 'cmake'
[0.430s] Level 1:colcon.colcon_core.package_identification:_identify(ign_models/Pickup/meshes) by extension 'python'
[0.430s] Level 1:colcon.colcon_core.package_identification:_identify(ign_models/Pickup/meshes) by extensions ['python_setup_py']
[0.430s] Level 1:colcon.colcon_core.package_identification:_identify(ign_models/Pickup/meshes) by extension 'python_setup_py'
[0.430s] Level 1:colcon.colcon_core.package_identification:_identify(ign_models/Pickup/thumbnails) by extensions ['ignore', 'ignore_ament_install']
[0.430s] Level 1:colcon.colcon_core.package_identification:_identify(ign_models/Pickup/thumbnails) by extension 'ignore'
[0.430s] Level 1:colcon.colcon_core.package_identification:_identify(ign_models/Pickup/thumbnails) by extension 'ignore_ament_install'
[0.430s] Level 1:colcon.colcon_core.package_identification:_identify(ign_models/Pickup/thumbnails) by extensions ['colcon_pkg']
[0.430s] Level 1:colcon.colcon_core.package_identification:_identify(ign_models/Pickup/thumbnails) by extension 'colcon_pkg'
[0.430s] Level 1:colcon.colcon_core.package_identification:_identify(ign_models/Pickup/thumbnails) by extensions ['colcon_meta']
[0.430s] Level 1:colcon.colcon_core.package_identification:_identify(ign_models/Pickup/thumbnails) by extension 'colcon_meta'
[0.430s] Level 1:colcon.colcon_core.package_identification:_identify(ign_models/Pickup/thumbnails) by extensions ['ros']
[0.430s] Level 1:colcon.colcon_core.package_identification:_identify(ign_models/Pickup/thumbnails) by extension 'ros'
[0.430s] Level 1:colcon.colcon_core.package_identification:_identify(ign_models/Pickup/thumbnails) by extensions ['cmake', 'python']
[0.430s] Level 1:colcon.colcon_core.package_identification:_identify(ign_models/Pickup/thumbnails) by extension 'cmake'
[0.430s] Level 1:colcon.colcon_core.package_identification:_identify(ign_models/Pickup/thumbnails) by extension 'python'
[0.430s] Level 1:colcon.colcon_core.package_identification:_identify(ign_models/Pickup/thumbnails) by extensions ['python_setup_py']
[0.430s] Level 1:colcon.colcon_core.package_identification:_identify(ign_models/Pickup/thumbnails) by extension 'python_setup_py'
[0.430s] Level 1:colcon.colcon_core.package_identification:_identify(ign_models/Sofa) by extensions ['ignore', 'ignore_ament_install']
[0.430s] Level 1:colcon.colcon_core.package_identification:_identify(ign_models/Sofa) by extension 'ignore'
[0.430s] Level 1:colcon.colcon_core.package_identification:_identify(ign_models/Sofa) by extension 'ignore_ament_install'
[0.430s] Level 1:colcon.colcon_core.package_identification:_identify(ign_models/Sofa) by extensions ['colcon_pkg']
[0.430s] Level 1:colcon.colcon_core.package_identification:_identify(ign_models/Sofa) by extension 'colcon_pkg'
[0.430s] Level 1:colcon.colcon_core.package_identification:_identify(ign_models/Sofa) by extensions ['colcon_meta']
[0.430s] Level 1:colcon.colcon_core.package_identification:_identify(ign_models/Sofa) by extension 'colcon_meta'
[0.430s] Level 1:colcon.colcon_core.package_identification:_identify(ign_models/Sofa) by extensions ['ros']
[0.430s] Level 1:colcon.colcon_core.package_identification:_identify(ign_models/Sofa) by extension 'ros'
[0.431s] Level 1:colcon.colcon_core.package_identification:_identify(ign_models/Sofa) by extensions ['cmake', 'python']
[0.431s] Level 1:colcon.colcon_core.package_identification:_identify(ign_models/Sofa) by extension 'cmake'
[0.431s] Level 1:colcon.colcon_core.package_identification:_identify(ign_models/Sofa) by extension 'python'
[0.431s] Level 1:colcon.colcon_core.package_identification:_identify(ign_models/Sofa) by extensions ['python_setup_py']
[0.431s] Level 1:colcon.colcon_core.package_identification:_identify(ign_models/Sofa) by extension 'python_setup_py'
[0.431s] Level 1:colcon.colcon_core.package_identification:_identify(ign_models/Sofa/meshes) by extensions ['ignore', 'ignore_ament_install']
[0.431s] Level 1:colcon.colcon_core.package_identification:_identify(ign_models/Sofa/meshes) by extension 'ignore'
[0.431s] Level 1:colcon.colcon_core.package_identification:_identify(ign_models/Sofa/meshes) by extension 'ignore_ament_install'
[0.431s] Level 1:colcon.colcon_core.package_identification:_identify(ign_models/Sofa/meshes) by extensions ['colcon_pkg']
[0.431s] Level 1:colcon.colcon_core.package_identification:_identify(ign_models/Sofa/meshes) by extension 'colcon_pkg'
[0.431s] Level 1:colcon.colcon_core.package_identification:_identify(ign_models/Sofa/meshes) by extensions ['colcon_meta']
[0.431s] Level 1:colcon.colcon_core.package_identification:_identify(ign_models/Sofa/meshes) by extension 'colcon_meta'
[0.431s] Level 1:colcon.colcon_core.package_identification:_identify(ign_models/Sofa/meshes) by extensions ['ros']
[0.431s] Level 1:colcon.colcon_core.package_identification:_identify(ign_models/Sofa/meshes) by extension 'ros'
[0.431s] Level 1:colcon.colcon_core.package_identification:_identify(ign_models/Sofa/meshes) by extensions ['cmake', 'python']
[0.431s] Level 1:colcon.colcon_core.package_identification:_identify(ign_models/Sofa/meshes) by extension 'cmake'
[0.431s] Level 1:colcon.colcon_core.package_identification:_identify(ign_models/Sofa/meshes) by extension 'python'
[0.431s] Level 1:colcon.colcon_core.package_identification:_identify(ign_models/Sofa/meshes) by extensions ['python_setup_py']
[0.431s] Level 1:colcon.colcon_core.package_identification:_identify(ign_models/Sofa/meshes) by extension 'python_setup_py'
[0.431s] Level 1:colcon.colcon_core.package_identification:_identify(ign_models/Sofa/thumbnails) by extensions ['ignore', 'ignore_ament_install']
[0.431s] Level 1:colcon.colcon_core.package_identification:_identify(ign_models/Sofa/thumbnails) by extension 'ignore'
[0.431s] Level 1:colcon.colcon_core.package_identification:_identify(ign_models/Sofa/thumbnails) by extension 'ignore_ament_install'
[0.431s] Level 1:colcon.colcon_core.package_identification:_identify(ign_models/Sofa/thumbnails) by extensions ['colcon_pkg']
[0.431s] Level 1:colcon.colcon_core.package_identification:_identify(ign_models/Sofa/thumbnails) by extension 'colcon_pkg'
[0.431s] Level 1:colcon.colcon_core.package_identification:_identify(ign_models/Sofa/thumbnails) by extensions ['colcon_meta']
[0.431s] Level 1:colcon.colcon_core.package_identification:_identify(ign_models/Sofa/thumbnails) by extension 'colcon_meta'
[0.431s] Level 1:colcon.colcon_core.package_identification:_identify(ign_models/Sofa/thumbnails) by extensions ['ros']
[0.431s] Level 1:colcon.colcon_core.package_identification:_identify(ign_models/Sofa/thumbnails) by extension 'ros'
[0.431s] Level 1:colcon.colcon_core.package_identification:_identify(ign_models/Sofa/thumbnails) by extensions ['cmake', 'python']
[0.431s] Level 1:colcon.colcon_core.package_identification:_identify(ign_models/Sofa/thumbnails) by extension 'cmake'
[0.431s] Level 1:colcon.colcon_core.package_identification:_identify(ign_models/Sofa/thumbnails) by extension 'python'
[0.431s] Level 1:colcon.colcon_core.package_identification:_identify(ign_models/Sofa/thumbnails) by extensions ['python_setup_py']
[0.432s] Level 1:colcon.colcon_core.package_identification:_identify(ign_models/Sofa/thumbnails) by extension 'python_setup_py'
[0.432s] Level 1:colcon.colcon_core.package_identification:_identify(ign_models/Vanity) by extensions ['ignore', 'ignore_ament_install']
[0.432s] Level 1:colcon.colcon_core.package_identification:_identify(ign_models/Vanity) by extension 'ignore'
[0.432s] Level 1:colcon.colcon_core.package_identification:_identify(ign_models/Vanity) by extension 'ignore_ament_install'
[0.432s] Level 1:colcon.colcon_core.package_identification:_identify(ign_models/Vanity) by extensions ['colcon_pkg']
[0.432s] Level 1:colcon.colcon_core.package_identification:_identify(ign_models/Vanity) by extension 'colcon_pkg'
[0.432s] Level 1:colcon.colcon_core.package_identification:_identify(ign_models/Vanity) by extensions ['colcon_meta']
[0.432s] Level 1:colcon.colcon_core.package_identification:_identify(ign_models/Vanity) by extension 'colcon_meta'
[0.432s] Level 1:colcon.colcon_core.package_identification:_identify(ign_models/Vanity) by extensions ['ros']
[0.432s] Level 1:colcon.colcon_core.package_identification:_identify(ign_models/Vanity) by extension 'ros'
[0.432s] Level 1:colcon.colcon_core.package_identification:_identify(ign_models/Vanity) by extensions ['cmake', 'python']
[0.432s] Level 1:colcon.colcon_core.package_identification:_identify(ign_models/Vanity) by extension 'cmake'
[0.432s] Level 1:colcon.colcon_core.package_identification:_identify(ign_models/Vanity) by extension 'python'
[0.432s] Level 1:colcon.colcon_core.package_identification:_identify(ign_models/Vanity) by extensions ['python_setup_py']
[0.432s] Level 1:colcon.colcon_core.package_identification:_identify(ign_models/Vanity) by extension 'python_setup_py'
[0.432s] Level 1:colcon.colcon_core.package_identification:_identify(ign_models/Vanity/materials) by extensions ['ignore', 'ignore_ament_install']
[0.432s] Level 1:colcon.colcon_core.package_identification:_identify(ign_models/Vanity/materials) by extension 'ignore'
[0.432s] Level 1:colcon.colcon_core.package_identification:_identify(ign_models/Vanity/materials) by extension 'ignore_ament_install'
[0.432s] Level 1:colcon.colcon_core.package_identification:_identify(ign_models/Vanity/materials) by extensions ['colcon_pkg']
[0.432s] Level 1:colcon.colcon_core.package_identification:_identify(ign_models/Vanity/materials) by extension 'colcon_pkg'
[0.432s] Level 1:colcon.colcon_core.package_identification:_identify(ign_models/Vanity/materials) by extensions ['colcon_meta']
[0.432s] Level 1:colcon.colcon_core.package_identification:_identify(ign_models/Vanity/materials) by extension 'colcon_meta'
[0.432s] Level 1:colcon.colcon_core.package_identification:_identify(ign_models/Vanity/materials) by extensions ['ros']
[0.432s] Level 1:colcon.colcon_core.package_identification:_identify(ign_models/Vanity/materials) by extension 'ros'
[0.432s] Level 1:colcon.colcon_core.package_identification:_identify(ign_models/Vanity/materials) by extensions ['cmake', 'python']
[0.432s] Level 1:colcon.colcon_core.package_identification:_identify(ign_models/Vanity/materials) by extension 'cmake'
[0.432s] Level 1:colcon.colcon_core.package_identification:_identify(ign_models/Vanity/materials) by extension 'python'
[0.432s] Level 1:colcon.colcon_core.package_identification:_identify(ign_models/Vanity/materials) by extensions ['python_setup_py']
[0.432s] Level 1:colcon.colcon_core.package_identification:_identify(ign_models/Vanity/materials) by extension 'python_setup_py'
[0.432s] Level 1:colcon.colcon_core.package_identification:_identify(ign_models/Vanity/materials/textures) by extensions ['ignore', 'ignore_ament_install']
[0.432s] Level 1:colcon.colcon_core.package_identification:_identify(ign_models/Vanity/materials/textures) by extension 'ignore'
[0.432s] Level 1:colcon.colcon_core.package_identification:_identify(ign_models/Vanity/materials/textures) by extension 'ignore_ament_install'
[0.432s] Level 1:colcon.colcon_core.package_identification:_identify(ign_models/Vanity/materials/textures) by extensions ['colcon_pkg']
[0.432s] Level 1:colcon.colcon_core.package_identification:_identify(ign_models/Vanity/materials/textures) by extension 'colcon_pkg'
[0.433s] Level 1:colcon.colcon_core.package_identification:_identify(ign_models/Vanity/materials/textures) by extensions ['colcon_meta']
[0.433s] Level 1:colcon.colcon_core.package_identification:_identify(ign_models/Vanity/materials/textures) by extension 'colcon_meta'
[0.433s] Level 1:colcon.colcon_core.package_identification:_identify(ign_models/Vanity/materials/textures) by extensions ['ros']
[0.433s] Level 1:colcon.colcon_core.package_identification:_identify(ign_models/Vanity/materials/textures) by extension 'ros'
[0.433s] Level 1:colcon.colcon_core.package_identification:_identify(ign_models/Vanity/materials/textures) by extensions ['cmake', 'python']
[0.433s] Level 1:colcon.colcon_core.package_identification:_identify(ign_models/Vanity/materials/textures) by extension 'cmake'
[0.433s] Level 1:colcon.colcon_core.package_identification:_identify(ign_models/Vanity/materials/textures) by extension 'python'
[0.433s] Level 1:colcon.colcon_core.package_identification:_identify(ign_models/Vanity/materials/textures) by extensions ['python_setup_py']
[0.433s] Level 1:colcon.colcon_core.package_identification:_identify(ign_models/Vanity/materials/textures) by extension 'python_setup_py'
[0.433s] Level 1:colcon.colcon_core.package_identification:_identify(ign_models/Vanity/meshes) by extensions ['ignore', 'ignore_ament_install']
[0.433s] Level 1:colcon.colcon_core.package_identification:_identify(ign_models/Vanity/meshes) by extension 'ignore'
[0.433s] Level 1:colcon.colcon_core.package_identification:_identify(ign_models/Vanity/meshes) by extension 'ignore_ament_install'
[0.433s] Level 1:colcon.colcon_core.package_identification:_identify(ign_models/Vanity/meshes) by extensions ['colcon_pkg']
[0.433s] Level 1:colcon.colcon_core.package_identification:_identify(ign_models/Vanity/meshes) by extension 'colcon_pkg'
[0.433s] Level 1:colcon.colcon_core.package_identification:_identify(ign_models/Vanity/meshes) by extensions ['colcon_meta']
[0.433s] Level 1:colcon.colcon_core.package_identification:_identify(ign_models/Vanity/meshes) by extension 'colcon_meta'
[0.433s] Level 1:colcon.colcon_core.package_identification:_identify(ign_models/Vanity/meshes) by extensions ['ros']
[0.433s] Level 1:colcon.colcon_core.package_identification:_identify(ign_models/Vanity/meshes) by extension 'ros'
[0.433s] Level 1:colcon.colcon_core.package_identification:_identify(ign_models/Vanity/meshes) by extensions ['cmake', 'python']
[0.433s] Level 1:colcon.colcon_core.package_identification:_identify(ign_models/Vanity/meshes) by extension 'cmake'
[0.433s] Level 1:colcon.colcon_core.package_identification:_identify(ign_models/Vanity/meshes) by extension 'python'
[0.433s] Level 1:colcon.colcon_core.package_identification:_identify(ign_models/Vanity/meshes) by extensions ['python_setup_py']
[0.433s] Level 1:colcon.colcon_core.package_identification:_identify(ign_models/Vanity/meshes) by extension 'python_setup_py'
[0.433s] Level 1:colcon.colcon_core.package_identification:_identify(ign_models/Vanity/thumbnails) by extensions ['ignore', 'ignore_ament_install']
[0.433s] Level 1:colcon.colcon_core.package_identification:_identify(ign_models/Vanity/thumbnails) by extension 'ignore'
[0.433s] Level 1:colcon.colcon_core.package_identification:_identify(ign_models/Vanity/thumbnails) by extension 'ignore_ament_install'
[0.433s] Level 1:colcon.colcon_core.package_identification:_identify(ign_models/Vanity/thumbnails) by extensions ['colcon_pkg']
[0.433s] Level 1:colcon.colcon_core.package_identification:_identify(ign_models/Vanity/thumbnails) by extension 'colcon_pkg'
[0.433s] Level 1:colcon.colcon_core.package_identification:_identify(ign_models/Vanity/thumbnails) by extensions ['colcon_meta']
[0.433s] Level 1:colcon.colcon_core.package_identification:_identify(ign_models/Vanity/thumbnails) by extension 'colcon_meta'
[0.433s] Level 1:colcon.colcon_core.package_identification:_identify(ign_models/Vanity/thumbnails) by extensions ['ros']
[0.433s] Level 1:colcon.colcon_core.package_identification:_identify(ign_models/Vanity/thumbnails) by extension 'ros'
[0.433s] Level 1:colcon.colcon_core.package_identification:_identify(ign_models/Vanity/thumbnails) by extensions ['cmake', 'python']
[0.433s] Level 1:colcon.colcon_core.package_identification:_identify(ign_models/Vanity/thumbnails) by extension 'cmake'
[0.433s] Level 1:colcon.colcon_core.package_identification:_identify(ign_models/Vanity/thumbnails) by extension 'python'
[0.433s] Level 1:colcon.colcon_core.package_identification:_identify(ign_models/Vanity/thumbnails) by extensions ['python_setup_py']
[0.433s] Level 1:colcon.colcon_core.package_identification:_identify(ign_models/Vanity/thumbnails) by extension 'python_setup_py'
[0.434s] Level 1:colcon.colcon_core.package_identification:_identify(ign_models/mycar_description) by extensions ['ignore', 'ignore_ament_install']
[0.434s] Level 1:colcon.colcon_core.package_identification:_identify(ign_models/mycar_description) by extension 'ignore'
[0.434s] Level 1:colcon.colcon_core.package_identification:_identify(ign_models/mycar_description) by extension 'ignore_ament_install'
[0.434s] Level 1:colcon.colcon_core.package_identification:_identify(ign_models/mycar_description) by extensions ['colcon_pkg']
[0.434s] Level 1:colcon.colcon_core.package_identification:_identify(ign_models/mycar_description) by extension 'colcon_pkg'
[0.434s] Level 1:colcon.colcon_core.package_identification:_identify(ign_models/mycar_description) by extensions ['colcon_meta']
[0.434s] Level 1:colcon.colcon_core.package_identification:_identify(ign_models/mycar_description) by extension 'colcon_meta'
[0.434s] Level 1:colcon.colcon_core.package_identification:_identify(ign_models/mycar_description) by extensions ['ros']
[0.434s] Level 1:colcon.colcon_core.package_identification:_identify(ign_models/mycar_description) by extension 'ros'
[0.434s] Level 1:colcon.colcon_core.package_identification:_identify(ign_models/mycar_description) by extensions ['cmake', 'python']
[0.434s] Level 1:colcon.colcon_core.package_identification:_identify(ign_models/mycar_description) by extension 'cmake'
[0.434s] Level 1:colcon.colcon_core.package_identification:_identify(ign_models/mycar_description) by extension 'python'
[0.434s] Level 1:colcon.colcon_core.package_identification:_identify(ign_models/mycar_description) by extensions ['python_setup_py']
[0.434s] Level 1:colcon.colcon_core.package_identification:_identify(ign_models/mycar_description) by extension 'python_setup_py'
[0.434s] Level 1:colcon.colcon_core.package_identification:_identify(ign_models/mycar_description/mesh) by extensions ['ignore', 'ignore_ament_install']
[0.434s] Level 1:colcon.colcon_core.package_identification:_identify(ign_models/mycar_description/mesh) by extension 'ignore'
[0.434s] Level 1:colcon.colcon_core.package_identification:_identify(ign_models/mycar_description/mesh) by extension 'ignore_ament_install'
[0.434s] Level 1:colcon.colcon_core.package_identification:_identify(ign_models/mycar_description/mesh) by extensions ['colcon_pkg']
[0.434s] Level 1:colcon.colcon_core.package_identification:_identify(ign_models/mycar_description/mesh) by extension 'colcon_pkg'
[0.434s] Level 1:colcon.colcon_core.package_identification:_identify(ign_models/mycar_description/mesh) by extensions ['colcon_meta']
[0.434s] Level 1:colcon.colcon_core.package_identification:_identify(ign_models/mycar_description/mesh) by extension 'colcon_meta'
[0.434s] Level 1:colcon.colcon_core.package_identification:_identify(ign_models/mycar_description/mesh) by extensions ['ros']
[0.434s] Level 1:colcon.colcon_core.package_identification:_identify(ign_models/mycar_description/mesh) by extension 'ros'
[0.434s] Level 1:colcon.colcon_core.package_identification:_identify(ign_models/mycar_description/mesh) by extensions ['cmake', 'python']
[0.434s] Level 1:colcon.colcon_core.package_identification:_identify(ign_models/mycar_description/mesh) by extension 'cmake'
[0.434s] Level 1:colcon.colcon_core.package_identification:_identify(ign_models/mycar_description/mesh) by extension 'python'
[0.434s] Level 1:colcon.colcon_core.package_identification:_identify(ign_models/mycar_description/mesh) by extensions ['python_setup_py']
[0.434s] Level 1:colcon.colcon_core.package_identification:_identify(ign_models/mycar_description/mesh) by extension 'python_setup_py'
[0.434s] Level 1:colcon.colcon_core.package_identification:_identify(ign_models/mycar_description_detailed) by extensions ['ignore', 'ignore_ament_install']
[0.434s] Level 1:colcon.colcon_core.package_identification:_identify(ign_models/mycar_description_detailed) by extension 'ignore'
[0.434s] Level 1:colcon.colcon_core.package_identification:_identify(ign_models/mycar_description_detailed) by extension 'ignore_ament_install'
[0.434s] Level 1:colcon.colcon_core.package_identification:_identify(ign_models/mycar_description_detailed) by extensions ['colcon_pkg']
[0.434s] Level 1:colcon.colcon_core.package_identification:_identify(ign_models/mycar_description_detailed) by extension 'colcon_pkg'
[0.435s] Level 1:colcon.colcon_core.package_identification:_identify(ign_models/mycar_description_detailed) by extensions ['colcon_meta']
[0.435s] Level 1:colcon.colcon_core.package_identification:_identify(ign_models/mycar_description_detailed) by extension 'colcon_meta'
[0.435s] Level 1:colcon.colcon_core.package_identification:_identify(ign_models/mycar_description_detailed) by extensions ['ros']
[0.435s] Level 1:colcon.colcon_core.package_identification:_identify(ign_models/mycar_description_detailed) by extension 'ros'
[0.435s] Level 1:colcon.colcon_core.package_identification:_identify(ign_models/mycar_description_detailed) by extensions ['cmake', 'python']
[0.435s] Level 1:colcon.colcon_core.package_identification:_identify(ign_models/mycar_description_detailed) by extension 'cmake'
[0.435s] Level 1:colcon.colcon_core.package_identification:_identify(ign_models/mycar_description_detailed) by extension 'python'
[0.435s] Level 1:colcon.colcon_core.package_identification:_identify(ign_models/mycar_description_detailed) by extensions ['python_setup_py']
[0.435s] Level 1:colcon.colcon_core.package_identification:_identify(ign_models/mycar_description_detailed) by extension 'python_setup_py'
[0.435s] Level 1:colcon.colcon_core.package_identification:_identify(ign_models/mycar_description_detailed/mesh) by extensions ['ignore', 'ignore_ament_install']
[0.435s] Level 1:colcon.colcon_core.package_identification:_identify(ign_models/mycar_description_detailed/mesh) by extension 'ignore'
[0.435s] Level 1:colcon.colcon_core.package_identification:_identify(ign_models/mycar_description_detailed/mesh) by extension 'ignore_ament_install'
[0.435s] Level 1:colcon.colcon_core.package_identification:_identify(ign_models/mycar_description_detailed/mesh) by extensions ['colcon_pkg']
[0.435s] Level 1:colcon.colcon_core.package_identification:_identify(ign_models/mycar_description_detailed/mesh) by extension 'colcon_pkg'
[0.435s] Level 1:colcon.colcon_core.package_identification:_identify(ign_models/mycar_description_detailed/mesh) by extensions ['colcon_meta']
[0.435s] Level 1:colcon.colcon_core.package_identification:_identify(ign_models/mycar_description_detailed/mesh) by extension 'colcon_meta'
[0.435s] Level 1:colcon.colcon_core.package_identification:_identify(ign_models/mycar_description_detailed/mesh) by extensions ['ros']
[0.435s] Level 1:colcon.colcon_core.package_identification:_identify(ign_models/mycar_description_detailed/mesh) by extension 'ros'
[0.435s] Level 1:colcon.colcon_core.package_identification:_identify(ign_models/mycar_description_detailed/mesh) by extensions ['cmake', 'python']
[0.435s] Level 1:colcon.colcon_core.package_identification:_identify(ign_models/mycar_description_detailed/mesh) by extension 'cmake'
[0.435s] Level 1:colcon.colcon_core.package_identification:_identify(ign_models/mycar_description_detailed/mesh) by extension 'python'
[0.435s] Level 1:colcon.colcon_core.package_identification:_identify(ign_models/mycar_description_detailed/mesh) by extensions ['python_setup_py']
[0.435s] Level 1:colcon.colcon_core.package_identification:_identify(ign_models/mycar_description_detailed/mesh) by extension 'python_setup_py'
[0.435s] Level 1:colcon.colcon_core.package_identification:_identify(ign_models/mycar_description_detailed/mesh/diff_2w) by extensions ['ignore', 'ignore_ament_install']
[0.435s] Level 1:colcon.colcon_core.package_identification:_identify(ign_models/mycar_description_detailed/mesh/diff_2w) by extension 'ignore'
[0.435s] Level 1:colcon.colcon_core.package_identification:_identify(ign_models/mycar_description_detailed/mesh/diff_2w) by extension 'ignore_ament_install'
[0.435s] Level 1:colcon.colcon_core.package_identification:_identify(ign_models/mycar_description_detailed/mesh/diff_2w) by extensions ['colcon_pkg']
[0.435s] Level 1:colcon.colcon_core.package_identification:_identify(ign_models/mycar_description_detailed/mesh/diff_2w) by extension 'colcon_pkg'
[0.435s] Level 1:colcon.colcon_core.package_identification:_identify(ign_models/mycar_description_detailed/mesh/diff_2w) by extensions ['colcon_meta']
[0.435s] Level 1:colcon.colcon_core.package_identification:_identify(ign_models/mycar_description_detailed/mesh/diff_2w) by extension 'colcon_meta'
[0.435s] Level 1:colcon.colcon_core.package_identification:_identify(ign_models/mycar_description_detailed/mesh/diff_2w) by extensions ['ros']
[0.435s] Level 1:colcon.colcon_core.package_identification:_identify(ign_models/mycar_description_detailed/mesh/diff_2w) by extension 'ros'
[0.436s] Level 1:colcon.colcon_core.package_identification:_identify(ign_models/mycar_description_detailed/mesh/diff_2w) by extensions ['cmake', 'python']
[0.436s] Level 1:colcon.colcon_core.package_identification:_identify(ign_models/mycar_description_detailed/mesh/diff_2w) by extension 'cmake'
[0.436s] Level 1:colcon.colcon_core.package_identification:_identify(ign_models/mycar_description_detailed/mesh/diff_2w) by extension 'python'
[0.436s] Level 1:colcon.colcon_core.package_identification:_identify(ign_models/mycar_description_detailed/mesh/diff_2w) by extensions ['python_setup_py']
[0.436s] Level 1:colcon.colcon_core.package_identification:_identify(ign_models/mycar_description_detailed/mesh/diff_2w) by extension 'python_setup_py'
[0.436s] Level 1:colcon.colcon_core.package_identification:_identify(ign_models/mycar_description_detailed/mesh/diff_4w) by extensions ['ignore', 'ignore_ament_install']
[0.436s] Level 1:colcon.colcon_core.package_identification:_identify(ign_models/mycar_description_detailed/mesh/diff_4w) by extension 'ignore'
[0.436s] Level 1:colcon.colcon_core.package_identification:_identify(ign_models/mycar_description_detailed/mesh/diff_4w) by extension 'ignore_ament_install'
[0.436s] Level 1:colcon.colcon_core.package_identification:_identify(ign_models/mycar_description_detailed/mesh/diff_4w) by extensions ['colcon_pkg']
[0.436s] Level 1:colcon.colcon_core.package_identification:_identify(ign_models/mycar_description_detailed/mesh/diff_4w) by extension 'colcon_pkg'
[0.436s] Level 1:colcon.colcon_core.package_identification:_identify(ign_models/mycar_description_detailed/mesh/diff_4w) by extensions ['colcon_meta']
[0.436s] Level 1:colcon.colcon_core.package_identification:_identify(ign_models/mycar_description_detailed/mesh/diff_4w) by extension 'colcon_meta'
[0.436s] Level 1:colcon.colcon_core.package_identification:_identify(ign_models/mycar_description_detailed/mesh/diff_4w) by extensions ['ros']
[0.436s] Level 1:colcon.colcon_core.package_identification:_identify(ign_models/mycar_description_detailed/mesh/diff_4w) by extension 'ros'
[0.436s] Level 1:colcon.colcon_core.package_identification:_identify(ign_models/mycar_description_detailed/mesh/diff_4w) by extensions ['cmake', 'python']
[0.436s] Level 1:colcon.colcon_core.package_identification:_identify(ign_models/mycar_description_detailed/mesh/diff_4w) by extension 'cmake'
[0.436s] Level 1:colcon.colcon_core.package_identification:_identify(ign_models/mycar_description_detailed/mesh/diff_4w) by extension 'python'
[0.436s] Level 1:colcon.colcon_core.package_identification:_identify(ign_models/mycar_description_detailed/mesh/diff_4w) by extensions ['python_setup_py']
[0.436s] Level 1:colcon.colcon_core.package_identification:_identify(ign_models/mycar_description_detailed/mesh/diff_4w) by extension 'python_setup_py'
[0.436s] Level 1:colcon.colcon_core.package_identification:_identify(install) by extensions ['ignore', 'ignore_ament_install']
[0.436s] Level 1:colcon.colcon_core.package_identification:_identify(install) by extension 'ignore'
[0.436s] Level 1:colcon.colcon_core.package_identification:_identify(install) ignored
[0.436s] Level 1:colcon.colcon_core.package_identification:_identify(log) by extensions ['ignore', 'ignore_ament_install']
[0.436s] Level 1:colcon.colcon_core.package_identification:_identify(log) by extension 'ignore'
[0.436s] Level 1:colcon.colcon_core.package_identification:_identify(log) ignored
[0.436s] Level 1:colcon.colcon_core.package_identification:_identify(src) by extensions ['ignore', 'ignore_ament_install']
[0.437s] Level 1:colcon.colcon_core.package_identification:_identify(src) by extension 'ignore'
[0.437s] Level 1:colcon.colcon_core.package_identification:_identify(src) by extension 'ignore_ament_install'
[0.437s] Level 1:colcon.colcon_core.package_identification:_identify(src) by extensions ['colcon_pkg']
[0.437s] Level 1:colcon.colcon_core.package_identification:_identify(src) by extension 'colcon_pkg'
[0.437s] Level 1:colcon.colcon_core.package_identification:_identify(src) by extensions ['colcon_meta']
[0.437s] Level 1:colcon.colcon_core.package_identification:_identify(src) by extension 'colcon_meta'
[0.437s] Level 1:colcon.colcon_core.package_identification:_identify(src) by extensions ['ros']
[0.437s] Level 1:colcon.colcon_core.package_identification:_identify(src) by extension 'ros'
[0.437s] Level 1:colcon.colcon_core.package_identification:_identify(src) by extensions ['cmake', 'python']
[0.437s] Level 1:colcon.colcon_core.package_identification:_identify(src) by extension 'cmake'
[0.437s] Level 1:colcon.colcon_core.package_identification:_identify(src) by extension 'python'
[0.437s] Level 1:colcon.colcon_core.package_identification:_identify(src) by extensions ['python_setup_py']
[0.437s] Level 1:colcon.colcon_core.package_identification:_identify(src) by extension 'python_setup_py'
[0.437s] Level 1:colcon.colcon_core.package_identification:_identify(src/mycar) by extensions ['ignore', 'ignore_ament_install']
[0.437s] Level 1:colcon.colcon_core.package_identification:_identify(src/mycar) by extension 'ignore'
[0.437s] Level 1:colcon.colcon_core.package_identification:_identify(src/mycar) by extension 'ignore_ament_install'
[0.437s] Level 1:colcon.colcon_core.package_identification:_identify(src/mycar) by extensions ['colcon_pkg']
[0.437s] Level 1:colcon.colcon_core.package_identification:_identify(src/mycar) by extension 'colcon_pkg'
[0.437s] Level 1:colcon.colcon_core.package_identification:_identify(src/mycar) by extensions ['colcon_meta']
[0.437s] Level 1:colcon.colcon_core.package_identification:_identify(src/mycar) by extension 'colcon_meta'
[0.437s] Level 1:colcon.colcon_core.package_identification:_identify(src/mycar) by extensions ['ros']
[0.437s] Level 1:colcon.colcon_core.package_identification:_identify(src/mycar) by extension 'ros'
[0.437s] Level 1:colcon.colcon_core.package_identification:_identify(src/mycar) by extensions ['cmake', 'python']
[0.437s] Level 1:colcon.colcon_core.package_identification:_identify(src/mycar) by extension 'cmake'
[0.437s] Level 1:colcon.colcon_core.package_identification:_identify(src/mycar) by extension 'python'
[0.437s] Level 1:colcon.colcon_core.package_identification:_identify(src/mycar) by extensions ['python_setup_py']
[0.437s] Level 1:colcon.colcon_core.package_identification:_identify(src/mycar) by extension 'python_setup_py'
[0.437s] Level 1:colcon.colcon_core.package_identification:_identify(src/mycar/mycar_description) by extensions ['ignore', 'ignore_ament_install']
[0.437s] Level 1:colcon.colcon_core.package_identification:_identify(src/mycar/mycar_description) by extension 'ignore'
[0.437s] Level 1:colcon.colcon_core.package_identification:_identify(src/mycar/mycar_description) by extension 'ignore_ament_install'
[0.437s] Level 1:colcon.colcon_core.package_identification:_identify(src/mycar/mycar_description) by extensions ['colcon_pkg']
[0.437s] Level 1:colcon.colcon_core.package_identification:_identify(src/mycar/mycar_description) by extension 'colcon_pkg'
[0.438s] Level 1:colcon.colcon_core.package_identification:_identify(src/mycar/mycar_description) by extensions ['colcon_meta']
[0.438s] Level 1:colcon.colcon_core.package_identification:_identify(src/mycar/mycar_description) by extension 'colcon_meta'
[0.438s] Level 1:colcon.colcon_core.package_identification:_identify(src/mycar/mycar_description) by extensions ['ros']
[0.438s] Level 1:colcon.colcon_core.package_identification:_identify(src/mycar/mycar_description) by extension 'ros'
[0.440s] DEBUG:colcon.colcon_core.package_identification:Package 'src/mycar/mycar_description' with type 'ros.ament_cmake' and name 'mycar_description'
[0.440s] Level 1:colcon.colcon_core.package_identification:_identify(src/mycar/mycar_description_detailed) by extensions ['ignore', 'ignore_ament_install']
[0.440s] Level 1:colcon.colcon_core.package_identification:_identify(src/mycar/mycar_description_detailed) by extension 'ignore'
[0.440s] Level 1:colcon.colcon_core.package_identification:_identify(src/mycar/mycar_description_detailed) by extension 'ignore_ament_install'
[0.440s] Level 1:colcon.colcon_core.package_identification:_identify(src/mycar/mycar_description_detailed) by extensions ['colcon_pkg']
[0.440s] Level 1:colcon.colcon_core.package_identification:_identify(src/mycar/mycar_description_detailed) by extension 'colcon_pkg'
[0.440s] Level 1:colcon.colcon_core.package_identification:_identify(src/mycar/mycar_description_detailed) by extensions ['colcon_meta']
[0.440s] Level 1:colcon.colcon_core.package_identification:_identify(src/mycar/mycar_description_detailed) by extension 'colcon_meta'
[0.440s] Level 1:colcon.colcon_core.package_identification:_identify(src/mycar/mycar_description_detailed) by extensions ['ros']
[0.440s] Level 1:colcon.colcon_core.package_identification:_identify(src/mycar/mycar_description_detailed) by extension 'ros'
[0.441s] DEBUG:colcon.colcon_core.package_identification:Package 'src/mycar/mycar_description_detailed' with type 'ros.ament_cmake' and name 'mycar_description_detailed'
[0.441s] Level 1:colcon.colcon_core.package_identification:_identify(src/sim_gazebo) by extensions ['ignore', 'ignore_ament_install']
[0.441s] Level 1:colcon.colcon_core.package_identification:_identify(src/sim_gazebo) by extension 'ignore'
[0.441s] Level 1:colcon.colcon_core.package_identification:_identify(src/sim_gazebo) by extension 'ignore_ament_install'
[0.441s] Level 1:colcon.colcon_core.package_identification:_identify(src/sim_gazebo) by extensions ['colcon_pkg']
[0.441s] Level 1:colcon.colcon_core.package_identification:_identify(src/sim_gazebo) by extension 'colcon_pkg'
[0.441s] Level 1:colcon.colcon_core.package_identification:_identify(src/sim_gazebo) by extensions ['colcon_meta']
[0.441s] Level 1:colcon.colcon_core.package_identification:_identify(src/sim_gazebo) by extension 'colcon_meta'
[0.441s] Level 1:colcon.colcon_core.package_identification:_identify(src/sim_gazebo) by extensions ['ros']
[0.441s] Level 1:colcon.colcon_core.package_identification:_identify(src/sim_gazebo) by extension 'ros'
[0.442s] Level 1:colcon.colcon_core.package_identification:_identify(src/sim_gazebo) by extensions ['cmake', 'python']
[0.442s] Level 1:colcon.colcon_core.package_identification:_identify(src/sim_gazebo) by extension 'cmake'
[0.442s] Level 1:colcon.colcon_core.package_identification:_identify(src/sim_gazebo) by extension 'python'
[0.442s] Level 1:colcon.colcon_core.package_identification:_identify(src/sim_gazebo) by extensions ['python_setup_py']
[0.442s] Level 1:colcon.colcon_core.package_identification:_identify(src/sim_gazebo) by extension 'python_setup_py'
[0.442s] Level 1:colcon.colcon_core.package_identification:_identify(src/sim_gazebo/bridge_ign) by extensions ['ignore', 'ignore_ament_install']
[0.442s] Level 1:colcon.colcon_core.package_identification:_identify(src/sim_gazebo/bridge_ign) by extension 'ignore'
[0.442s] Level 1:colcon.colcon_core.package_identification:_identify(src/sim_gazebo/bridge_ign) by extension 'ignore_ament_install'
[0.442s] Level 1:colcon.colcon_core.package_identification:_identify(src/sim_gazebo/bridge_ign) by extensions ['colcon_pkg']
[0.442s] Level 1:colcon.colcon_core.package_identification:_identify(src/sim_gazebo/bridge_ign) by extension 'colcon_pkg'
[0.442s] Level 1:colcon.colcon_core.package_identification:_identify(src/sim_gazebo/bridge_ign) by extensions ['colcon_meta']
[0.442s] Level 1:colcon.colcon_core.package_identification:_identify(src/sim_gazebo/bridge_ign) by extension 'colcon_meta'
[0.442s] Level 1:colcon.colcon_core.package_identification:_identify(src/sim_gazebo/bridge_ign) by extensions ['ros']
[0.442s] Level 1:colcon.colcon_core.package_identification:_identify(src/sim_gazebo/bridge_ign) by extension 'ros'
[0.443s] DEBUG:colcon.colcon_core.package_identification:Package 'src/sim_gazebo/bridge_ign' with type 'ros.ament_cmake' and name 'bridge_ign'
[0.443s] Level 1:colcon.colcon_core.package_identification:_identify(src/sim_gazebo/demo_gazebo_sim) by extensions ['ignore', 'ignore_ament_install']
[0.443s] Level 1:colcon.colcon_core.package_identification:_identify(src/sim_gazebo/demo_gazebo_sim) by extension 'ignore'
[0.443s] Level 1:colcon.colcon_core.package_identification:_identify(src/sim_gazebo/demo_gazebo_sim) by extension 'ignore_ament_install'
[0.443s] Level 1:colcon.colcon_core.package_identification:_identify(src/sim_gazebo/demo_gazebo_sim) by extensions ['colcon_pkg']
[0.443s] Level 1:colcon.colcon_core.package_identification:_identify(src/sim_gazebo/demo_gazebo_sim) by extension 'colcon_pkg'
[0.443s] Level 1:colcon.colcon_core.package_identification:_identify(src/sim_gazebo/demo_gazebo_sim) by extensions ['colcon_meta']
[0.443s] Level 1:colcon.colcon_core.package_identification:_identify(src/sim_gazebo/demo_gazebo_sim) by extension 'colcon_meta'
[0.443s] Level 1:colcon.colcon_core.package_identification:_identify(src/sim_gazebo/demo_gazebo_sim) by extensions ['ros']
[0.443s] Level 1:colcon.colcon_core.package_identification:_identify(src/sim_gazebo/demo_gazebo_sim) by extension 'ros'
[0.443s] DEBUG:colcon.colcon_core.package_identification:Package 'src/sim_gazebo/demo_gazebo_sim' with type 'ros.ament_cmake' and name 'demo_gazebo_sim'
[0.444s] Level 1:colcon.colcon_core.package_identification:_identify(src/sim_stage) by extensions ['ignore', 'ignore_ament_install']
[0.444s] Level 1:colcon.colcon_core.package_identification:_identify(src/sim_stage) by extension 'ignore'
[0.444s] Level 1:colcon.colcon_core.package_identification:_identify(src/sim_stage) by extension 'ignore_ament_install'
[0.444s] Level 1:colcon.colcon_core.package_identification:_identify(src/sim_stage) by extensions ['colcon_pkg']
[0.444s] Level 1:colcon.colcon_core.package_identification:_identify(src/sim_stage) by extension 'colcon_pkg'
[0.444s] Level 1:colcon.colcon_core.package_identification:_identify(src/sim_stage) by extensions ['colcon_meta']
[0.444s] Level 1:colcon.colcon_core.package_identification:_identify(src/sim_stage) by extension 'colcon_meta'
[0.444s] Level 1:colcon.colcon_core.package_identification:_identify(src/sim_stage) by extensions ['ros']
[0.444s] Level 1:colcon.colcon_core.package_identification:_identify(src/sim_stage) by extension 'ros'
[0.444s] Level 1:colcon.colcon_core.package_identification:_identify(src/sim_stage) by extensions ['cmake', 'python']
[0.444s] Level 1:colcon.colcon_core.package_identification:_identify(src/sim_stage) by extension 'cmake'
[0.444s] Level 1:colcon.colcon_core.package_identification:_identify(src/sim_stage) by extension 'python'
[0.444s] Level 1:colcon.colcon_core.package_identification:_identify(src/sim_stage) by extensions ['python_setup_py']
[0.444s] Level 1:colcon.colcon_core.package_identification:_identify(src/sim_stage) by extension 'python_setup_py'
[0.444s] Level 1:colcon.colcon_core.package_identification:_identify(src/sim_stage/Stage) by extensions ['ignore', 'ignore_ament_install']
[0.444s] Level 1:colcon.colcon_core.package_identification:_identify(src/sim_stage/Stage) by extension 'ignore'
[0.444s] Level 1:colcon.colcon_core.package_identification:_identify(src/sim_stage/Stage) by extension 'ignore_ament_install'
[0.444s] Level 1:colcon.colcon_core.package_identification:_identify(src/sim_stage/Stage) by extensions ['colcon_pkg']
[0.444s] Level 1:colcon.colcon_core.package_identification:_identify(src/sim_stage/Stage) by extension 'colcon_pkg'
[0.444s] Level 1:colcon.colcon_core.package_identification:_identify(src/sim_stage/Stage) by extensions ['colcon_meta']
[0.444s] Level 1:colcon.colcon_core.package_identification:_identify(src/sim_stage/Stage) by extension 'colcon_meta'
[0.444s] Level 1:colcon.colcon_core.package_identification:_identify(src/sim_stage/Stage) by extensions ['ros']
[0.444s] Level 1:colcon.colcon_core.package_identification:_identify(src/sim_stage/Stage) by extension 'ros'
[0.444s] Level 1:colcon.colcon_core.package_identification:_identify(src/sim_stage/Stage) by extensions ['cmake', 'python']
[0.444s] Level 1:colcon.colcon_core.package_identification:_identify(src/sim_stage/Stage) by extension 'cmake'
[0.444s] Level 1:colcon.colcon_core.package_identification:_identify(src/sim_stage/Stage) by extension 'python'
[0.444s] Level 1:colcon.colcon_core.package_identification:_identify(src/sim_stage/Stage) by extensions ['python_setup_py']
[0.444s] Level 1:colcon.colcon_core.package_identification:_identify(src/sim_stage/Stage) by extension 'python_setup_py'
[0.445s] Level 1:colcon.colcon_core.package_identification:_identify(src/sim_stage/Stage/Stage) by extensions ['ignore', 'ignore_ament_install']
[0.445s] Level 1:colcon.colcon_core.package_identification:_identify(src/sim_stage/Stage/Stage) by extension 'ignore'
[0.445s] Level 1:colcon.colcon_core.package_identification:_identify(src/sim_stage/Stage/Stage) by extension 'ignore_ament_install'
[0.445s] Level 1:colcon.colcon_core.package_identification:_identify(src/sim_stage/Stage/Stage) by extensions ['colcon_pkg']
[0.445s] Level 1:colcon.colcon_core.package_identification:_identify(src/sim_stage/Stage/Stage) by extension 'colcon_pkg'
[0.445s] Level 1:colcon.colcon_core.package_identification:_identify(src/sim_stage/Stage/Stage) by extensions ['colcon_meta']
[0.445s] Level 1:colcon.colcon_core.package_identification:_identify(src/sim_stage/Stage/Stage) by extension 'colcon_meta'
[0.445s] Level 1:colcon.colcon_core.package_identification:_identify(src/sim_stage/Stage/Stage) by extensions ['ros']
[0.445s] Level 1:colcon.colcon_core.package_identification:_identify(src/sim_stage/Stage/Stage) by extension 'ros'
[0.445s] Level 1:colcon.colcon_core.package_identification:_identify(src/sim_stage/Stage/Stage) by extensions ['cmake', 'python']
[0.445s] Level 1:colcon.colcon_core.package_identification:_identify(src/sim_stage/Stage/Stage) by extension 'cmake'
[0.449s] Level 1:colcon.colcon_core.package_identification:_identify(src/sim_stage/Stage/Stage) by extension 'python'
[0.449s] DEBUG:colcon.colcon_core.package_identification:Package 'src/sim_stage/Stage/Stage' with type 'cmake' and name 'Stage'
[0.449s] Level 1:colcon.colcon_core.package_identification:_identify(src/sim_stage/demo_stage_sim) by extensions ['ignore', 'ignore_ament_install']
[0.449s] Level 1:colcon.colcon_core.package_identification:_identify(src/sim_stage/demo_stage_sim) by extension 'ignore'
[0.449s] Level 1:colcon.colcon_core.package_identification:_identify(src/sim_stage/demo_stage_sim) by extension 'ignore_ament_install'
[0.449s] Level 1:colcon.colcon_core.package_identification:_identify(src/sim_stage/demo_stage_sim) by extensions ['colcon_pkg']
[0.449s] Level 1:colcon.colcon_core.package_identification:_identify(src/sim_stage/demo_stage_sim) by extension 'colcon_pkg'
[0.449s] Level 1:colcon.colcon_core.package_identification:_identify(src/sim_stage/demo_stage_sim) by extensions ['colcon_meta']
[0.449s] Level 1:colcon.colcon_core.package_identification:_identify(src/sim_stage/demo_stage_sim) by extension 'colcon_meta'
[0.449s] Level 1:colcon.colcon_core.package_identification:_identify(src/sim_stage/demo_stage_sim) by extensions ['ros']
[0.449s] Level 1:colcon.colcon_core.package_identification:_identify(src/sim_stage/demo_stage_sim) by extension 'ros'
[0.450s] DEBUG:colcon.colcon_core.package_identification:Package 'src/sim_stage/demo_stage_sim' with type 'ros.ament_cmake' and name 'demo_stage_sim'
[0.450s] Level 1:colcon.colcon_core.package_identification:_identify(src/sim_stage/ira_laser_tools) by extensions ['ignore', 'ignore_ament_install']
[0.450s] Level 1:colcon.colcon_core.package_identification:_identify(src/sim_stage/ira_laser_tools) by extension 'ignore'
[0.450s] Level 1:colcon.colcon_core.package_identification:_identify(src/sim_stage/ira_laser_tools) by extension 'ignore_ament_install'
[0.450s] Level 1:colcon.colcon_core.package_identification:_identify(src/sim_stage/ira_laser_tools) by extensions ['colcon_pkg']
[0.450s] Level 1:colcon.colcon_core.package_identification:_identify(src/sim_stage/ira_laser_tools) by extension 'colcon_pkg'
[0.450s] Level 1:colcon.colcon_core.package_identification:_identify(src/sim_stage/ira_laser_tools) by extensions ['colcon_meta']
[0.450s] Level 1:colcon.colcon_core.package_identification:_identify(src/sim_stage/ira_laser_tools) by extension 'colcon_meta'
[0.450s] Level 1:colcon.colcon_core.package_identification:_identify(src/sim_stage/ira_laser_tools) by extensions ['ros']
[0.450s] Level 1:colcon.colcon_core.package_identification:_identify(src/sim_stage/ira_laser_tools) by extension 'ros'
[0.451s] DEBUG:colcon.colcon_core.package_identification:Package 'src/sim_stage/ira_laser_tools' with type 'ros.ament_cmake' and name 'ira_laser_tools'
[0.451s] Level 1:colcon.colcon_core.package_identification:_identify(src/sim_stage/stage_ros2) by extensions ['ignore', 'ignore_ament_install']
[0.452s] Level 1:colcon.colcon_core.package_identification:_identify(src/sim_stage/stage_ros2) by extension 'ignore'
[0.452s] Level 1:colcon.colcon_core.package_identification:_identify(src/sim_stage/stage_ros2) by extension 'ignore_ament_install'
[0.452s] Level 1:colcon.colcon_core.package_identification:_identify(src/sim_stage/stage_ros2) by extensions ['colcon_pkg']
[0.452s] Level 1:colcon.colcon_core.package_identification:_identify(src/sim_stage/stage_ros2) by extension 'colcon_pkg'
[0.452s] Level 1:colcon.colcon_core.package_identification:_identify(src/sim_stage/stage_ros2) by extensions ['colcon_meta']
[0.452s] Level 1:colcon.colcon_core.package_identification:_identify(src/sim_stage/stage_ros2) by extension 'colcon_meta'
[0.452s] Level 1:colcon.colcon_core.package_identification:_identify(src/sim_stage/stage_ros2) by extensions ['ros']
[0.452s] Level 1:colcon.colcon_core.package_identification:_identify(src/sim_stage/stage_ros2) by extension 'ros'
[0.452s] Level 1:colcon.colcon_core.package_identification:_identify(src/sim_stage/stage_ros2) by extensions ['cmake', 'python']
[0.452s] Level 1:colcon.colcon_core.package_identification:_identify(src/sim_stage/stage_ros2) by extension 'cmake'
[0.452s] Level 1:colcon.colcon_core.package_identification:_identify(src/sim_stage/stage_ros2) by extension 'python'
[0.452s] Level 1:colcon.colcon_core.package_identification:_identify(src/sim_stage/stage_ros2) by extensions ['python_setup_py']
[0.452s] Level 1:colcon.colcon_core.package_identification:_identify(src/sim_stage/stage_ros2) by extension 'python_setup_py'
[0.452s] Level 1:colcon.colcon_core.package_identification:_identify(src/sim_stage/stage_ros2/stage_ros2) by extensions ['ignore', 'ignore_ament_install']
[0.452s] Level 1:colcon.colcon_core.package_identification:_identify(src/sim_stage/stage_ros2/stage_ros2) by extension 'ignore'
[0.452s] Level 1:colcon.colcon_core.package_identification:_identify(src/sim_stage/stage_ros2/stage_ros2) by extension 'ignore_ament_install'
[0.452s] Level 1:colcon.colcon_core.package_identification:_identify(src/sim_stage/stage_ros2/stage_ros2) by extensions ['colcon_pkg']
[0.452s] Level 1:colcon.colcon_core.package_identification:_identify(src/sim_stage/stage_ros2/stage_ros2) by extension 'colcon_pkg'
[0.452s] Level 1:colcon.colcon_core.package_identification:_identify(src/sim_stage/stage_ros2/stage_ros2) by extensions ['colcon_meta']
[0.452s] Level 1:colcon.colcon_core.package_identification:_identify(src/sim_stage/stage_ros2/stage_ros2) by extension 'colcon_meta'
[0.452s] Level 1:colcon.colcon_core.package_identification:_identify(src/sim_stage/stage_ros2/stage_ros2) by extensions ['ros']
[0.452s] Level 1:colcon.colcon_core.package_identification:_identify(src/sim_stage/stage_ros2/stage_ros2) by extension 'ros'
[0.453s] DEBUG:colcon.colcon_core.package_identification:Package 'src/sim_stage/stage_ros2/stage_ros2' with type 'ros.ament_cmake' and name 'stage_ros2'
[0.453s] Level 1:colcon.colcon_core.package_discovery:discover_packages(recursive) using defaults
[0.453s] Level 1:colcon.colcon_core.package_discovery:discover_packages(ignore) discover
[0.453s] Level 1:colcon.colcon_core.package_discovery:discover_packages(ignore) using defaults
[0.453s] Level 1:colcon.colcon_core.package_discovery:discover_packages(path) discover
[0.453s] Level 1:colcon.colcon_core.package_discovery:discover_packages(path) using defaults
[0.453s] WARNING:colcon.colcon_core.package_selection:ignoring unknown package 'deom_stage_sim' in --packages-select
[0.490s] INFO:colcon.colcon_core.package_selection:Skipping not selected package 'Stage' in 'src/sim_stage/Stage/Stage'
[0.490s] INFO:colcon.colcon_core.package_selection:Skipping not selected package 'bridge_ign' in 'src/sim_gazebo/bridge_ign'
[0.490s] INFO:colcon.colcon_core.package_selection:Skipping not selected package 'demo_gazebo_sim' in 'src/sim_gazebo/demo_gazebo_sim'
[0.490s] INFO:colcon.colcon_core.package_selection:Skipping not selected package 'ira_laser_tools' in 'src/sim_stage/ira_laser_tools'
[0.490s] INFO:colcon.colcon_core.package_selection:Skipping not selected package 'mycar_description' in 'src/mycar/mycar_description'
[0.490s] INFO:colcon.colcon_core.package_selection:Skipping not selected package 'mycar_description_detailed' in 'src/mycar/mycar_description_detailed'
[0.490s] INFO:colcon.colcon_core.package_selection:Skipping not selected package 'stage_ros2' in 'src/sim_stage/stage_ros2/stage_ros2'
[0.490s] INFO:colcon.colcon_core.package_selection:Skipping not selected package 'demo_stage_sim' in 'src/sim_stage/demo_stage_sim'
[0.491s] Level 1:colcon.colcon_core.package_discovery:discover_packages(prefix_path) check parameters
[0.491s] Level 1:colcon.colcon_core.package_discovery:discover_packages(prefix_path) discover
[0.494s] DEBUG:colcon.colcon_installed_package_information.package_discovery:Found 336 installed packages in /opt/ros/humble
[0.495s] Level 1:colcon.colcon_core.package_discovery:discover_packages(prefix_path) using defaults
[0.520s] INFO:colcon.colcon_core.executor:Executing jobs using 'parallel' executor
[0.521s] DEBUG:colcon.colcon_parallel_executor.executor.parallel:run_until_complete
[0.521s] DEBUG:colcon.colcon_parallel_executor.executor.parallel:closing loop
[0.522s] DEBUG:colcon.colcon_parallel_executor.executor.parallel:loop closed
[0.522s] DEBUG:colcon.colcon_parallel_executor.executor.parallel:run_until_complete finished with '0'
[0.522s] DEBUG:colcon.colcon_core.event_reactor:joining thread
[0.534s] INFO:colcon.colcon_core.plugin_system:Skipping extension 'colcon_notification.desktop_notification.terminal_notifier': Not used on non-Darwin systems
[0.534s] INFO:colcon.colcon_core.plugin_system:Skipping extension 'colcon_notification.desktop_notification.win32': Not used on non-Windows systems
[0.534s] INFO:colcon.colcon_notification.desktop_notification:Sending desktop notification using 'notify2'
[0.559s] DEBUG:colcon.colcon_core.event_reactor:joined thread
[0.569s] INFO:colcon.colcon_core.plugin_system:Skipping extension 'colcon_core.shell.bat': Not used on non-Windows systems
[0.570s] INFO:colcon.colcon_core.shell:Creating prefix script '/home/abc/ROS2_SIM_WS/install/local_setup.ps1'
[0.571s] INFO:colcon.colcon_core.shell:Creating prefix util module '/home/abc/ROS2_SIM_WS/install/_local_setup_util_ps1.py'
[0.572s] INFO:colcon.colcon_core.shell:Creating prefix chain script '/home/abc/ROS2_SIM_WS/install/setup.ps1'
[0.574s] INFO:colcon.colcon_core.shell:Creating prefix script '/home/abc/ROS2_SIM_WS/install/local_setup.sh'
[0.575s] INFO:colcon.colcon_core.shell:Creating prefix util module '/home/abc/ROS2_SIM_WS/install/_local_setup_util_sh.py'
[0.575s] INFO:colcon.colcon_core.shell:Creating prefix chain script '/home/abc/ROS2_SIM_WS/install/setup.sh'
[0.578s] INFO:colcon.colcon_core.shell:Creating prefix script '/home/abc/ROS2_SIM_WS/install/local_setup.bash'
[0.580s] INFO:colcon.colcon_core.shell:Creating prefix chain script '/home/abc/ROS2_SIM_WS/install/setup.bash'
[0.582s] INFO:colcon.colcon_core.shell:Creating prefix script '/home/abc/ROS2_SIM_WS/install/local_setup.zsh'
[0.583s] INFO:colcon.colcon_core.shell:Creating prefix chain script '/home/abc/ROS2_SIM_WS/install/setup.zsh'
