[0.459s] DEBUG:colcon:Command line arguments: ['/usr/bin/colcon', 'build', '--packages-select', 'demo_stage_sim']
[0.459s] DEBUG:colcon:Parsed command line arguments: Namespace(log_base=None, log_level=None, verb_name='build', build_base='build', install_base='install', merge_install=False, symlink_install=False, test_result_base=None, continue_on_error=False, executor='parallel', parallel_workers=4, event_handlers=None, ignore_user_meta=False, metas=['./colcon.meta'], base_paths=['.'], packages_ignore=None, packages_ignore_regex=None, paths=None, packages_up_to=None, packages_up_to_regex=None, packages_above=None, packages_above_and_dependencies=None, packages_above_depth=None, packages_select_by_dep=None, packages_skip_by_dep=None, packages_skip_up_to=None, packages_select_build_failed=False, packages_skip_build_finished=False, packages_select_test_failures=False, packages_skip_test_passed=False, packages_select=['demo_stage_sim'], packages_skip=None, packages_select_regex=None, packages_skip_regex=None, packages_start=None, packages_end=None, allow_overriding=[], cmake_args=None, cmake_target=None, cmake_target_skip_unavailable=False, cmake_clean_cache=False, cmake_clean_first=False, cmake_force_configure=False, ament_cmake_args=None, catkin_cmake_args=None, catkin_skip_building_tests=False, verb_parser=<colcon_defaults.argument_parser.defaults.DefaultArgumentsDecorator object at 0x7214d3fce800>, verb_extension=<colcon_core.verb.build.BuildVerb object at 0x7214d411bd30>, main=<bound method BuildVerb.main of <colcon_core.verb.build.BuildVerb object at 0x7214d411bd30>>)
[1.015s] Level 1:colcon.colcon_core.package_discovery:discover_packages(colcon_meta) check parameters
[1.016s] Level 1:colcon.colcon_core.package_discovery:discover_packages(recursive) check parameters
[1.016s] Level 1:colcon.colcon_core.package_discovery:discover_packages(ignore) check parameters
[1.016s] Level 1:colcon.colcon_core.package_discovery:discover_packages(path) check parameters
[1.016s] Level 1:colcon.colcon_core.package_discovery:discover_packages(colcon_meta) discover
[1.016s] Level 1:colcon.colcon_core.package_discovery:discover_packages(recursive) discover
[1.016s] INFO:colcon.colcon_core.package_discovery:Crawling recursively for packages in '/home/abc/ROS2_SIM_WS'
[1.018s] Level 1:colcon.colcon_core.package_identification:_identify(.) by extensions ['ignore', 'ignore_ament_install']
[1.019s] Level 1:colcon.colcon_core.package_identification:_identify(.) by extension 'ignore'
[1.020s] Level 1:colcon.colcon_core.package_identification:_identify(.) by extension 'ignore_ament_install'
[1.020s] Level 1:colcon.colcon_core.package_identification:_identify(.) by extensions ['colcon_pkg']
[1.020s] Level 1:colcon.colcon_core.package_identification:_identify(.) by extension 'colcon_pkg'
[1.020s] Level 1:colcon.colcon_core.package_identification:_identify(.) by extensions ['colcon_meta']
[1.020s] Level 1:colcon.colcon_core.package_identification:_identify(.) by extension 'colcon_meta'
[1.020s] Level 1:colcon.colcon_core.package_identification:_identify(.) by extensions ['ros']
[1.020s] Level 1:colcon.colcon_core.package_identification:_identify(.) by extension 'ros'
[1.066s] Level 1:colcon.colcon_core.package_identification:_identify(.) by extensions ['cmake', 'python']
[1.067s] Level 1:colcon.colcon_core.package_identification:_identify(.) by extension 'cmake'
[1.067s] Level 1:colcon.colcon_core.package_identification:_identify(.) by extension 'python'
[1.067s] Level 1:colcon.colcon_core.package_identification:_identify(.) by extensions ['python_setup_py']
[1.067s] Level 1:colcon.colcon_core.package_identification:_identify(.) by extension 'python_setup_py'
[1.067s] Level 1:colcon.colcon_core.package_identification:_identify(build) by extensions ['ignore', 'ignore_ament_install']
[1.067s] Level 1:colcon.colcon_core.package_identification:_identify(build) by extension 'ignore'
[1.067s] Level 1:colcon.colcon_core.package_identification:_identify(build) ignored
[1.068s] Level 1:colcon.colcon_core.package_identification:_identify(ign_models) by extensions ['ignore', 'ignore_ament_install']
[1.068s] Level 1:colcon.colcon_core.package_identification:_identify(ign_models) by extension 'ignore'
[1.068s] Level 1:colcon.colcon_core.package_identification:_identify(ign_models) by extension 'ignore_ament_install'
[1.068s] Level 1:colcon.colcon_core.package_identification:_identify(ign_models) by extensions ['colcon_pkg']
[1.068s] Level 1:colcon.colcon_core.package_identification:_identify(ign_models) by extension 'colcon_pkg'
[1.068s] Level 1:colcon.colcon_core.package_identification:_identify(ign_models) by extensions ['colcon_meta']
[1.068s] Level 1:colcon.colcon_core.package_identification:_identify(ign_models) by extension 'colcon_meta'
[1.069s] Level 1:colcon.colcon_core.package_identification:_identify(ign_models) by extensions ['ros']
[1.069s] Level 1:colcon.colcon_core.package_identification:_identify(ign_models) by extension 'ros'
[1.069s] Level 1:colcon.colcon_core.package_identification:_identify(ign_models) by extensions ['cmake', 'python']
[1.069s] Level 1:colcon.colcon_core.package_identification:_identify(ign_models) by extension 'cmake'
[1.069s] Level 1:colcon.colcon_core.package_identification:_identify(ign_models) by extension 'python'
[1.069s] Level 1:colcon.colcon_core.package_identification:_identify(ign_models) by extensions ['python_setup_py']
[1.069s] Level 1:colcon.colcon_core.package_identification:_identify(ign_models) by extension 'python_setup_py'
[1.070s] Level 1:colcon.colcon_core.package_identification:_identify(ign_models/Bathtub) by extensions ['ignore', 'ignore_ament_install']
[1.070s] Level 1:colcon.colcon_core.package_identification:_identify(ign_models/Bathtub) by extension 'ignore'
[1.072s] Level 1:colcon.colcon_core.package_identification:_identify(ign_models/Bathtub) by extension 'ignore_ament_install'
[1.072s] Level 1:colcon.colcon_core.package_identification:_identify(ign_models/Bathtub) by extensions ['colcon_pkg']
[1.072s] Level 1:colcon.colcon_core.package_identification:_identify(ign_models/Bathtub) by extension 'colcon_pkg'
[1.073s] Level 1:colcon.colcon_core.package_identification:_identify(ign_models/Bathtub) by extensions ['colcon_meta']
[1.073s] Level 1:colcon.colcon_core.package_identification:_identify(ign_models/Bathtub) by extension 'colcon_meta'
[1.073s] Level 1:colcon.colcon_core.package_identification:_identify(ign_models/Bathtub) by extensions ['ros']
[1.073s] Level 1:colcon.colcon_core.package_identification:_identify(ign_models/Bathtub) by extension 'ros'
[1.073s] Level 1:colcon.colcon_core.package_identification:_identify(ign_models/Bathtub) by extensions ['cmake', 'python']
[1.073s] Level 1:colcon.colcon_core.package_identification:_identify(ign_models/Bathtub) by extension 'cmake'
[1.073s] Level 1:colcon.colcon_core.package_identification:_identify(ign_models/Bathtub) by extension 'python'
[1.073s] Level 1:colcon.colcon_core.package_identification:_identify(ign_models/Bathtub) by extensions ['python_setup_py']
[1.073s] Level 1:colcon.colcon_core.package_identification:_identify(ign_models/Bathtub) by extension 'python_setup_py'
[1.074s] Level 1:colcon.colcon_core.package_identification:_identify(ign_models/Bathtub/materials) by extensions ['ignore', 'ignore_ament_install']
[1.074s] Level 1:colcon.colcon_core.package_identification:_identify(ign_models/Bathtub/materials) by extension 'ignore'
[1.074s] Level 1:colcon.colcon_core.package_identification:_identify(ign_models/Bathtub/materials) by extension 'ignore_ament_install'
[1.075s] Level 1:colcon.colcon_core.package_identification:_identify(ign_models/Bathtub/materials) by extensions ['colcon_pkg']
[1.075s] Level 1:colcon.colcon_core.package_identification:_identify(ign_models/Bathtub/materials) by extension 'colcon_pkg'
[1.075s] Level 1:colcon.colcon_core.package_identification:_identify(ign_models/Bathtub/materials) by extensions ['colcon_meta']
[1.075s] Level 1:colcon.colcon_core.package_identification:_identify(ign_models/Bathtub/materials) by extension 'colcon_meta'
[1.076s] Level 1:colcon.colcon_core.package_identification:_identify(ign_models/Bathtub/materials) by extensions ['ros']
[1.076s] Level 1:colcon.colcon_core.package_identification:_identify(ign_models/Bathtub/materials) by extension 'ros'
[1.076s] Level 1:colcon.colcon_core.package_identification:_identify(ign_models/Bathtub/materials) by extensions ['cmake', 'python']
[1.076s] Level 1:colcon.colcon_core.package_identification:_identify(ign_models/Bathtub/materials) by extension 'cmake'
[1.076s] Level 1:colcon.colcon_core.package_identification:_identify(ign_models/Bathtub/materials) by extension 'python'
[1.076s] Level 1:colcon.colcon_core.package_identification:_identify(ign_models/Bathtub/materials) by extensions ['python_setup_py']
[1.076s] Level 1:colcon.colcon_core.package_identification:_identify(ign_models/Bathtub/materials) by extension 'python_setup_py'
[1.077s] Level 1:colcon.colcon_core.package_identification:_identify(ign_models/Bathtub/materials/textures) by extensions ['ignore', 'ignore_ament_install']
[1.077s] Level 1:colcon.colcon_core.package_identification:_identify(ign_models/Bathtub/materials/textures) by extension 'ignore'
[1.077s] Level 1:colcon.colcon_core.package_identification:_identify(ign_models/Bathtub/materials/textures) by extension 'ignore_ament_install'
[1.077s] Level 1:colcon.colcon_core.package_identification:_identify(ign_models/Bathtub/materials/textures) by extensions ['colcon_pkg']
[1.077s] Level 1:colcon.colcon_core.package_identification:_identify(ign_models/Bathtub/materials/textures) by extension 'colcon_pkg'
[1.077s] Level 1:colcon.colcon_core.package_identification:_identify(ign_models/Bathtub/materials/textures) by extensions ['colcon_meta']
[1.077s] Level 1:colcon.colcon_core.package_identification:_identify(ign_models/Bathtub/materials/textures) by extension 'colcon_meta'
[1.077s] Level 1:colcon.colcon_core.package_identification:_identify(ign_models/Bathtub/materials/textures) by extensions ['ros']
[1.078s] Level 1:colcon.colcon_core.package_identification:_identify(ign_models/Bathtub/materials/textures) by extension 'ros'
[1.078s] Level 1:colcon.colcon_core.package_identification:_identify(ign_models/Bathtub/materials/textures) by extensions ['cmake', 'python']
[1.078s] Level 1:colcon.colcon_core.package_identification:_identify(ign_models/Bathtub/materials/textures) by extension 'cmake'
[1.079s] Level 1:colcon.colcon_core.package_identification:_identify(ign_models/Bathtub/materials/textures) by extension 'python'
[1.079s] Level 1:colcon.colcon_core.package_identification:_identify(ign_models/Bathtub/materials/textures) by extensions ['python_setup_py']
[1.079s] Level 1:colcon.colcon_core.package_identification:_identify(ign_models/Bathtub/materials/textures) by extension 'python_setup_py'
[1.080s] Level 1:colcon.colcon_core.package_identification:_identify(ign_models/Bathtub/meshes) by extensions ['ignore', 'ignore_ament_install']
[1.080s] Level 1:colcon.colcon_core.package_identification:_identify(ign_models/Bathtub/meshes) by extension 'ignore'
[1.080s] Level 1:colcon.colcon_core.package_identification:_identify(ign_models/Bathtub/meshes) by extension 'ignore_ament_install'
[1.080s] Level 1:colcon.colcon_core.package_identification:_identify(ign_models/Bathtub/meshes) by extensions ['colcon_pkg']
[1.081s] Level 1:colcon.colcon_core.package_identification:_identify(ign_models/Bathtub/meshes) by extension 'colcon_pkg'
[1.081s] Level 1:colcon.colcon_core.package_identification:_identify(ign_models/Bathtub/meshes) by extensions ['colcon_meta']
[1.081s] Level 1:colcon.colcon_core.package_identification:_identify(ign_models/Bathtub/meshes) by extension 'colcon_meta'
[1.081s] Level 1:colcon.colcon_core.package_identification:_identify(ign_models/Bathtub/meshes) by extensions ['ros']
[1.081s] Level 1:colcon.colcon_core.package_identification:_identify(ign_models/Bathtub/meshes) by extension 'ros'
[1.081s] Level 1:colcon.colcon_core.package_identification:_identify(ign_models/Bathtub/meshes) by extensions ['cmake', 'python']
[1.081s] Level 1:colcon.colcon_core.package_identification:_identify(ign_models/Bathtub/meshes) by extension 'cmake'
[1.081s] Level 1:colcon.colcon_core.package_identification:_identify(ign_models/Bathtub/meshes) by extension 'python'
[1.081s] Level 1:colcon.colcon_core.package_identification:_identify(ign_models/Bathtub/meshes) by extensions ['python_setup_py']
[1.081s] Level 1:colcon.colcon_core.package_identification:_identify(ign_models/Bathtub/meshes) by extension 'python_setup_py'
[1.081s] Level 1:colcon.colcon_core.package_identification:_identify(ign_models/Bathtub/thumbnails) by extensions ['ignore', 'ignore_ament_install']
[1.081s] Level 1:colcon.colcon_core.package_identification:_identify(ign_models/Bathtub/thumbnails) by extension 'ignore'
[1.081s] Level 1:colcon.colcon_core.package_identification:_identify(ign_models/Bathtub/thumbnails) by extension 'ignore_ament_install'
[1.081s] Level 1:colcon.colcon_core.package_identification:_identify(ign_models/Bathtub/thumbnails) by extensions ['colcon_pkg']
[1.081s] Level 1:colcon.colcon_core.package_identification:_identify(ign_models/Bathtub/thumbnails) by extension 'colcon_pkg'
[1.081s] Level 1:colcon.colcon_core.package_identification:_identify(ign_models/Bathtub/thumbnails) by extensions ['colcon_meta']
[1.081s] Level 1:colcon.colcon_core.package_identification:_identify(ign_models/Bathtub/thumbnails) by extension 'colcon_meta'
[1.081s] Level 1:colcon.colcon_core.package_identification:_identify(ign_models/Bathtub/thumbnails) by extensions ['ros']
[1.081s] Level 1:colcon.colcon_core.package_identification:_identify(ign_models/Bathtub/thumbnails) by extension 'ros'
[1.081s] Level 1:colcon.colcon_core.package_identification:_identify(ign_models/Bathtub/thumbnails) by extensions ['cmake', 'python']
[1.081s] Level 1:colcon.colcon_core.package_identification:_identify(ign_models/Bathtub/thumbnails) by extension 'cmake'
[1.081s] Level 1:colcon.colcon_core.package_identification:_identify(ign_models/Bathtub/thumbnails) by extension 'python'
[1.082s] Level 1:colcon.colcon_core.package_identification:_identify(ign_models/Bathtub/thumbnails) by extensions ['python_setup_py']
[1.082s] Level 1:colcon.colcon_core.package_identification:_identify(ign_models/Bathtub/thumbnails) by extension 'python_setup_py'
[1.082s] Level 1:colcon.colcon_core.package_identification:_identify(ign_models/Bed) by extensions ['ignore', 'ignore_ament_install']
[1.082s] Level 1:colcon.colcon_core.package_identification:_identify(ign_models/Bed) by extension 'ignore'
[1.082s] Level 1:colcon.colcon_core.package_identification:_identify(ign_models/Bed) by extension 'ignore_ament_install'
[1.082s] Level 1:colcon.colcon_core.package_identification:_identify(ign_models/Bed) by extensions ['colcon_pkg']
[1.082s] Level 1:colcon.colcon_core.package_identification:_identify(ign_models/Bed) by extension 'colcon_pkg'
[1.082s] Level 1:colcon.colcon_core.package_identification:_identify(ign_models/Bed) by extensions ['colcon_meta']
[1.082s] Level 1:colcon.colcon_core.package_identification:_identify(ign_models/Bed) by extension 'colcon_meta'
[1.082s] Level 1:colcon.colcon_core.package_identification:_identify(ign_models/Bed) by extensions ['ros']
[1.082s] Level 1:colcon.colcon_core.package_identification:_identify(ign_models/Bed) by extension 'ros'
[1.082s] Level 1:colcon.colcon_core.package_identification:_identify(ign_models/Bed) by extensions ['cmake', 'python']
[1.082s] Level 1:colcon.colcon_core.package_identification:_identify(ign_models/Bed) by extension 'cmake'
[1.082s] Level 1:colcon.colcon_core.package_identification:_identify(ign_models/Bed) by extension 'python'
[1.082s] Level 1:colcon.colcon_core.package_identification:_identify(ign_models/Bed) by extensions ['python_setup_py']
[1.082s] Level 1:colcon.colcon_core.package_identification:_identify(ign_models/Bed) by extension 'python_setup_py'
[1.082s] Level 1:colcon.colcon_core.package_identification:_identify(ign_models/Bed/materials) by extensions ['ignore', 'ignore_ament_install']
[1.083s] Level 1:colcon.colcon_core.package_identification:_identify(ign_models/Bed/materials) by extension 'ignore'
[1.083s] Level 1:colcon.colcon_core.package_identification:_identify(ign_models/Bed/materials) by extension 'ignore_ament_install'
[1.083s] Level 1:colcon.colcon_core.package_identification:_identify(ign_models/Bed/materials) by extensions ['colcon_pkg']
[1.083s] Level 1:colcon.colcon_core.package_identification:_identify(ign_models/Bed/materials) by extension 'colcon_pkg'
[1.083s] Level 1:colcon.colcon_core.package_identification:_identify(ign_models/Bed/materials) by extensions ['colcon_meta']
[1.083s] Level 1:colcon.colcon_core.package_identification:_identify(ign_models/Bed/materials) by extension 'colcon_meta'
[1.083s] Level 1:colcon.colcon_core.package_identification:_identify(ign_models/Bed/materials) by extensions ['ros']
[1.083s] Level 1:colcon.colcon_core.package_identification:_identify(ign_models/Bed/materials) by extension 'ros'
[1.083s] Level 1:colcon.colcon_core.package_identification:_identify(ign_models/Bed/materials) by extensions ['cmake', 'python']
[1.083s] Level 1:colcon.colcon_core.package_identification:_identify(ign_models/Bed/materials) by extension 'cmake'
[1.083s] Level 1:colcon.colcon_core.package_identification:_identify(ign_models/Bed/materials) by extension 'python'
[1.083s] Level 1:colcon.colcon_core.package_identification:_identify(ign_models/Bed/materials) by extensions ['python_setup_py']
[1.083s] Level 1:colcon.colcon_core.package_identification:_identify(ign_models/Bed/materials) by extension 'python_setup_py'
[1.083s] Level 1:colcon.colcon_core.package_identification:_identify(ign_models/Bed/materials/textures) by extensions ['ignore', 'ignore_ament_install']
[1.083s] Level 1:colcon.colcon_core.package_identification:_identify(ign_models/Bed/materials/textures) by extension 'ignore'
[1.084s] Level 1:colcon.colcon_core.package_identification:_identify(ign_models/Bed/materials/textures) by extension 'ignore_ament_install'
[1.085s] Level 1:colcon.colcon_core.package_identification:_identify(ign_models/Bed/materials/textures) by extensions ['colcon_pkg']
[1.085s] Level 1:colcon.colcon_core.package_identification:_identify(ign_models/Bed/materials/textures) by extension 'colcon_pkg'
[1.086s] Level 1:colcon.colcon_core.package_identification:_identify(ign_models/Bed/materials/textures) by extensions ['colcon_meta']
[1.086s] Level 1:colcon.colcon_core.package_identification:_identify(ign_models/Bed/materials/textures) by extension 'colcon_meta'
[1.086s] Level 1:colcon.colcon_core.package_identification:_identify(ign_models/Bed/materials/textures) by extensions ['ros']
[1.086s] Level 1:colcon.colcon_core.package_identification:_identify(ign_models/Bed/materials/textures) by extension 'ros'
[1.086s] Level 1:colcon.colcon_core.package_identification:_identify(ign_models/Bed/materials/textures) by extensions ['cmake', 'python']
[1.086s] Level 1:colcon.colcon_core.package_identification:_identify(ign_models/Bed/materials/textures) by extension 'cmake'
[1.087s] Level 1:colcon.colcon_core.package_identification:_identify(ign_models/Bed/materials/textures) by extension 'python'
[1.087s] Level 1:colcon.colcon_core.package_identification:_identify(ign_models/Bed/materials/textures) by extensions ['python_setup_py']
[1.087s] Level 1:colcon.colcon_core.package_identification:_identify(ign_models/Bed/materials/textures) by extension 'python_setup_py'
[1.087s] Level 1:colcon.colcon_core.package_identification:_identify(ign_models/Bed/meshes) by extensions ['ignore', 'ignore_ament_install']
[1.087s] Level 1:colcon.colcon_core.package_identification:_identify(ign_models/Bed/meshes) by extension 'ignore'
[1.087s] Level 1:colcon.colcon_core.package_identification:_identify(ign_models/Bed/meshes) by extension 'ignore_ament_install'
[1.087s] Level 1:colcon.colcon_core.package_identification:_identify(ign_models/Bed/meshes) by extensions ['colcon_pkg']
[1.087s] Level 1:colcon.colcon_core.package_identification:_identify(ign_models/Bed/meshes) by extension 'colcon_pkg'
[1.087s] Level 1:colcon.colcon_core.package_identification:_identify(ign_models/Bed/meshes) by extensions ['colcon_meta']
[1.087s] Level 1:colcon.colcon_core.package_identification:_identify(ign_models/Bed/meshes) by extension 'colcon_meta'
[1.087s] Level 1:colcon.colcon_core.package_identification:_identify(ign_models/Bed/meshes) by extensions ['ros']
[1.087s] Level 1:colcon.colcon_core.package_identification:_identify(ign_models/Bed/meshes) by extension 'ros'
[1.087s] Level 1:colcon.colcon_core.package_identification:_identify(ign_models/Bed/meshes) by extensions ['cmake', 'python']
[1.087s] Level 1:colcon.colcon_core.package_identification:_identify(ign_models/Bed/meshes) by extension 'cmake'
[1.087s] Level 1:colcon.colcon_core.package_identification:_identify(ign_models/Bed/meshes) by extension 'python'
[1.087s] Level 1:colcon.colcon_core.package_identification:_identify(ign_models/Bed/meshes) by extensions ['python_setup_py']
[1.088s] Level 1:colcon.colcon_core.package_identification:_identify(ign_models/Bed/meshes) by extension 'python_setup_py'
[1.088s] Level 1:colcon.colcon_core.package_identification:_identify(ign_models/Bed/thumbnails) by extensions ['ignore', 'ignore_ament_install']
[1.088s] Level 1:colcon.colcon_core.package_identification:_identify(ign_models/Bed/thumbnails) by extension 'ignore'
[1.088s] Level 1:colcon.colcon_core.package_identification:_identify(ign_models/Bed/thumbnails) by extension 'ignore_ament_install'
[1.088s] Level 1:colcon.colcon_core.package_identification:_identify(ign_models/Bed/thumbnails) by extensions ['colcon_pkg']
[1.088s] Level 1:colcon.colcon_core.package_identification:_identify(ign_models/Bed/thumbnails) by extension 'colcon_pkg'
[1.088s] Level 1:colcon.colcon_core.package_identification:_identify(ign_models/Bed/thumbnails) by extensions ['colcon_meta']
[1.088s] Level 1:colcon.colcon_core.package_identification:_identify(ign_models/Bed/thumbnails) by extension 'colcon_meta'
[1.088s] Level 1:colcon.colcon_core.package_identification:_identify(ign_models/Bed/thumbnails) by extensions ['ros']
[1.088s] Level 1:colcon.colcon_core.package_identification:_identify(ign_models/Bed/thumbnails) by extension 'ros'
[1.088s] Level 1:colcon.colcon_core.package_identification:_identify(ign_models/Bed/thumbnails) by extensions ['cmake', 'python']
[1.088s] Level 1:colcon.colcon_core.package_identification:_identify(ign_models/Bed/thumbnails) by extension 'cmake'
[1.088s] Level 1:colcon.colcon_core.package_identification:_identify(ign_models/Bed/thumbnails) by extension 'python'
[1.088s] Level 1:colcon.colcon_core.package_identification:_identify(ign_models/Bed/thumbnails) by extensions ['python_setup_py']
[1.088s] Level 1:colcon.colcon_core.package_identification:_identify(ign_models/Bed/thumbnails) by extension 'python_setup_py'
[1.089s] Level 1:colcon.colcon_core.package_identification:_identify(ign_models/Dining Table) by extensions ['ignore', 'ignore_ament_install']
[1.089s] Level 1:colcon.colcon_core.package_identification:_identify(ign_models/Dining Table) by extension 'ignore'
[1.089s] Level 1:colcon.colcon_core.package_identification:_identify(ign_models/Dining Table) by extension 'ignore_ament_install'
[1.089s] Level 1:colcon.colcon_core.package_identification:_identify(ign_models/Dining Table) by extensions ['colcon_pkg']
[1.089s] Level 1:colcon.colcon_core.package_identification:_identify(ign_models/Dining Table) by extension 'colcon_pkg'
[1.089s] Level 1:colcon.colcon_core.package_identification:_identify(ign_models/Dining Table) by extensions ['colcon_meta']
[1.089s] Level 1:colcon.colcon_core.package_identification:_identify(ign_models/Dining Table) by extension 'colcon_meta'
[1.089s] Level 1:colcon.colcon_core.package_identification:_identify(ign_models/Dining Table) by extensions ['ros']
[1.089s] Level 1:colcon.colcon_core.package_identification:_identify(ign_models/Dining Table) by extension 'ros'
[1.089s] Level 1:colcon.colcon_core.package_identification:_identify(ign_models/Dining Table) by extensions ['cmake', 'python']
[1.089s] Level 1:colcon.colcon_core.package_identification:_identify(ign_models/Dining Table) by extension 'cmake'
[1.089s] Level 1:colcon.colcon_core.package_identification:_identify(ign_models/Dining Table) by extension 'python'
[1.089s] Level 1:colcon.colcon_core.package_identification:_identify(ign_models/Dining Table) by extensions ['python_setup_py']
[1.089s] Level 1:colcon.colcon_core.package_identification:_identify(ign_models/Dining Table) by extension 'python_setup_py'
[1.090s] Level 1:colcon.colcon_core.package_identification:_identify(ign_models/Dining Table/materials) by extensions ['ignore', 'ignore_ament_install']
[1.090s] Level 1:colcon.colcon_core.package_identification:_identify(ign_models/Dining Table/materials) by extension 'ignore'
[1.090s] Level 1:colcon.colcon_core.package_identification:_identify(ign_models/Dining Table/materials) by extension 'ignore_ament_install'
[1.090s] Level 1:colcon.colcon_core.package_identification:_identify(ign_models/Dining Table/materials) by extensions ['colcon_pkg']
[1.090s] Level 1:colcon.colcon_core.package_identification:_identify(ign_models/Dining Table/materials) by extension 'colcon_pkg'
[1.090s] Level 1:colcon.colcon_core.package_identification:_identify(ign_models/Dining Table/materials) by extensions ['colcon_meta']
[1.090s] Level 1:colcon.colcon_core.package_identification:_identify(ign_models/Dining Table/materials) by extension 'colcon_meta'
[1.090s] Level 1:colcon.colcon_core.package_identification:_identify(ign_models/Dining Table/materials) by extensions ['ros']
[1.090s] Level 1:colcon.colcon_core.package_identification:_identify(ign_models/Dining Table/materials) by extension 'ros'
[1.090s] Level 1:colcon.colcon_core.package_identification:_identify(ign_models/Dining Table/materials) by extensions ['cmake', 'python']
[1.090s] Level 1:colcon.colcon_core.package_identification:_identify(ign_models/Dining Table/materials) by extension 'cmake'
[1.091s] Level 1:colcon.colcon_core.package_identification:_identify(ign_models/Dining Table/materials) by extension 'python'
[1.091s] Level 1:colcon.colcon_core.package_identification:_identify(ign_models/Dining Table/materials) by extensions ['python_setup_py']
[1.091s] Level 1:colcon.colcon_core.package_identification:_identify(ign_models/Dining Table/materials) by extension 'python_setup_py'
[1.091s] Level 1:colcon.colcon_core.package_identification:_identify(ign_models/Dining Table/materials/textures) by extensions ['ignore', 'ignore_ament_install']
[1.091s] Level 1:colcon.colcon_core.package_identification:_identify(ign_models/Dining Table/materials/textures) by extension 'ignore'
[1.091s] Level 1:colcon.colcon_core.package_identification:_identify(ign_models/Dining Table/materials/textures) by extension 'ignore_ament_install'
[1.091s] Level 1:colcon.colcon_core.package_identification:_identify(ign_models/Dining Table/materials/textures) by extensions ['colcon_pkg']
[1.091s] Level 1:colcon.colcon_core.package_identification:_identify(ign_models/Dining Table/materials/textures) by extension 'colcon_pkg'
[1.091s] Level 1:colcon.colcon_core.package_identification:_identify(ign_models/Dining Table/materials/textures) by extensions ['colcon_meta']
[1.091s] Level 1:colcon.colcon_core.package_identification:_identify(ign_models/Dining Table/materials/textures) by extension 'colcon_meta'
[1.091s] Level 1:colcon.colcon_core.package_identification:_identify(ign_models/Dining Table/materials/textures) by extensions ['ros']
[1.091s] Level 1:colcon.colcon_core.package_identification:_identify(ign_models/Dining Table/materials/textures) by extension 'ros'
[1.091s] Level 1:colcon.colcon_core.package_identification:_identify(ign_models/Dining Table/materials/textures) by extensions ['cmake', 'python']
[1.091s] Level 1:colcon.colcon_core.package_identification:_identify(ign_models/Dining Table/materials/textures) by extension 'cmake'
[1.092s] Level 1:colcon.colcon_core.package_identification:_identify(ign_models/Dining Table/materials/textures) by extension 'python'
[1.092s] Level 1:colcon.colcon_core.package_identification:_identify(ign_models/Dining Table/materials/textures) by extensions ['python_setup_py']
[1.092s] Level 1:colcon.colcon_core.package_identification:_identify(ign_models/Dining Table/materials/textures) by extension 'python_setup_py'
[1.093s] Level 1:colcon.colcon_core.package_identification:_identify(ign_models/Dining Table/meshes) by extensions ['ignore', 'ignore_ament_install']
[1.093s] Level 1:colcon.colcon_core.package_identification:_identify(ign_models/Dining Table/meshes) by extension 'ignore'
[1.093s] Level 1:colcon.colcon_core.package_identification:_identify(ign_models/Dining Table/meshes) by extension 'ignore_ament_install'
[1.093s] Level 1:colcon.colcon_core.package_identification:_identify(ign_models/Dining Table/meshes) by extensions ['colcon_pkg']
[1.093s] Level 1:colcon.colcon_core.package_identification:_identify(ign_models/Dining Table/meshes) by extension 'colcon_pkg'
[1.095s] Level 1:colcon.colcon_core.package_identification:_identify(ign_models/Dining Table/meshes) by extensions ['colcon_meta']
[1.095s] Level 1:colcon.colcon_core.package_identification:_identify(ign_models/Dining Table/meshes) by extension 'colcon_meta'
[1.095s] Level 1:colcon.colcon_core.package_identification:_identify(ign_models/Dining Table/meshes) by extensions ['ros']
[1.095s] Level 1:colcon.colcon_core.package_identification:_identify(ign_models/Dining Table/meshes) by extension 'ros'
[1.095s] Level 1:colcon.colcon_core.package_identification:_identify(ign_models/Dining Table/meshes) by extensions ['cmake', 'python']
[1.095s] Level 1:colcon.colcon_core.package_identification:_identify(ign_models/Dining Table/meshes) by extension 'cmake'
[1.095s] Level 1:colcon.colcon_core.package_identification:_identify(ign_models/Dining Table/meshes) by extension 'python'
[1.095s] Level 1:colcon.colcon_core.package_identification:_identify(ign_models/Dining Table/meshes) by extensions ['python_setup_py']
[1.095s] Level 1:colcon.colcon_core.package_identification:_identify(ign_models/Dining Table/meshes) by extension 'python_setup_py'
[1.095s] Level 1:colcon.colcon_core.package_identification:_identify(ign_models/Dining Table/thumbnails) by extensions ['ignore', 'ignore_ament_install']
[1.095s] Level 1:colcon.colcon_core.package_identification:_identify(ign_models/Dining Table/thumbnails) by extension 'ignore'
[1.096s] Level 1:colcon.colcon_core.package_identification:_identify(ign_models/Dining Table/thumbnails) by extension 'ignore_ament_install'
[1.096s] Level 1:colcon.colcon_core.package_identification:_identify(ign_models/Dining Table/thumbnails) by extensions ['colcon_pkg']
[1.096s] Level 1:colcon.colcon_core.package_identification:_identify(ign_models/Dining Table/thumbnails) by extension 'colcon_pkg'
[1.096s] Level 1:colcon.colcon_core.package_identification:_identify(ign_models/Dining Table/thumbnails) by extensions ['colcon_meta']
[1.096s] Level 1:colcon.colcon_core.package_identification:_identify(ign_models/Dining Table/thumbnails) by extension 'colcon_meta'
[1.096s] Level 1:colcon.colcon_core.package_identification:_identify(ign_models/Dining Table/thumbnails) by extensions ['ros']
[1.096s] Level 1:colcon.colcon_core.package_identification:_identify(ign_models/Dining Table/thumbnails) by extension 'ros'
[1.096s] Level 1:colcon.colcon_core.package_identification:_identify(ign_models/Dining Table/thumbnails) by extensions ['cmake', 'python']
[1.096s] Level 1:colcon.colcon_core.package_identification:_identify(ign_models/Dining Table/thumbnails) by extension 'cmake'
[1.096s] Level 1:colcon.colcon_core.package_identification:_identify(ign_models/Dining Table/thumbnails) by extension 'python'
[1.096s] Level 1:colcon.colcon_core.package_identification:_identify(ign_models/Dining Table/thumbnails) by extensions ['python_setup_py']
[1.096s] Level 1:colcon.colcon_core.package_identification:_identify(ign_models/Dining Table/thumbnails) by extension 'python_setup_py'
[1.097s] Level 1:colcon.colcon_core.package_identification:_identify(ign_models/Office Desk) by extensions ['ignore', 'ignore_ament_install']
[1.097s] Level 1:colcon.colcon_core.package_identification:_identify(ign_models/Office Desk) by extension 'ignore'
[1.097s] Level 1:colcon.colcon_core.package_identification:_identify(ign_models/Office Desk) by extension 'ignore_ament_install'
[1.097s] Level 1:colcon.colcon_core.package_identification:_identify(ign_models/Office Desk) by extensions ['colcon_pkg']
[1.097s] Level 1:colcon.colcon_core.package_identification:_identify(ign_models/Office Desk) by extension 'colcon_pkg'
[1.098s] Level 1:colcon.colcon_core.package_identification:_identify(ign_models/Office Desk) by extensions ['colcon_meta']
[1.098s] Level 1:colcon.colcon_core.package_identification:_identify(ign_models/Office Desk) by extension 'colcon_meta'
[1.098s] Level 1:colcon.colcon_core.package_identification:_identify(ign_models/Office Desk) by extensions ['ros']
[1.098s] Level 1:colcon.colcon_core.package_identification:_identify(ign_models/Office Desk) by extension 'ros'
[1.098s] Level 1:colcon.colcon_core.package_identification:_identify(ign_models/Office Desk) by extensions ['cmake', 'python']
[1.098s] Level 1:colcon.colcon_core.package_identification:_identify(ign_models/Office Desk) by extension 'cmake'
[1.098s] Level 1:colcon.colcon_core.package_identification:_identify(ign_models/Office Desk) by extension 'python'
[1.098s] Level 1:colcon.colcon_core.package_identification:_identify(ign_models/Office Desk) by extensions ['python_setup_py']
[1.098s] Level 1:colcon.colcon_core.package_identification:_identify(ign_models/Office Desk) by extension 'python_setup_py'
[1.099s] Level 1:colcon.colcon_core.package_identification:_identify(ign_models/Office Desk/materials) by extensions ['ignore', 'ignore_ament_install']
[1.099s] Level 1:colcon.colcon_core.package_identification:_identify(ign_models/Office Desk/materials) by extension 'ignore'
[1.099s] Level 1:colcon.colcon_core.package_identification:_identify(ign_models/Office Desk/materials) by extension 'ignore_ament_install'
[1.099s] Level 1:colcon.colcon_core.package_identification:_identify(ign_models/Office Desk/materials) by extensions ['colcon_pkg']
[1.099s] Level 1:colcon.colcon_core.package_identification:_identify(ign_models/Office Desk/materials) by extension 'colcon_pkg'
[1.099s] Level 1:colcon.colcon_core.package_identification:_identify(ign_models/Office Desk/materials) by extensions ['colcon_meta']
[1.099s] Level 1:colcon.colcon_core.package_identification:_identify(ign_models/Office Desk/materials) by extension 'colcon_meta'
[1.099s] Level 1:colcon.colcon_core.package_identification:_identify(ign_models/Office Desk/materials) by extensions ['ros']
[1.099s] Level 1:colcon.colcon_core.package_identification:_identify(ign_models/Office Desk/materials) by extension 'ros'
[1.099s] Level 1:colcon.colcon_core.package_identification:_identify(ign_models/Office Desk/materials) by extensions ['cmake', 'python']
[1.100s] Level 1:colcon.colcon_core.package_identification:_identify(ign_models/Office Desk/materials) by extension 'cmake'
[1.100s] Level 1:colcon.colcon_core.package_identification:_identify(ign_models/Office Desk/materials) by extension 'python'
[1.100s] Level 1:colcon.colcon_core.package_identification:_identify(ign_models/Office Desk/materials) by extensions ['python_setup_py']
[1.100s] Level 1:colcon.colcon_core.package_identification:_identify(ign_models/Office Desk/materials) by extension 'python_setup_py'
[1.101s] Level 1:colcon.colcon_core.package_identification:_identify(ign_models/Office Desk/materials/textures) by extensions ['ignore', 'ignore_ament_install']
[1.101s] Level 1:colcon.colcon_core.package_identification:_identify(ign_models/Office Desk/materials/textures) by extension 'ignore'
[1.101s] Level 1:colcon.colcon_core.package_identification:_identify(ign_models/Office Desk/materials/textures) by extension 'ignore_ament_install'
[1.102s] Level 1:colcon.colcon_core.package_identification:_identify(ign_models/Office Desk/materials/textures) by extensions ['colcon_pkg']
[1.102s] Level 1:colcon.colcon_core.package_identification:_identify(ign_models/Office Desk/materials/textures) by extension 'colcon_pkg'
[1.102s] Level 1:colcon.colcon_core.package_identification:_identify(ign_models/Office Desk/materials/textures) by extensions ['colcon_meta']
[1.103s] Level 1:colcon.colcon_core.package_identification:_identify(ign_models/Office Desk/materials/textures) by extension 'colcon_meta'
[1.103s] Level 1:colcon.colcon_core.package_identification:_identify(ign_models/Office Desk/materials/textures) by extensions ['ros']
[1.103s] Level 1:colcon.colcon_core.package_identification:_identify(ign_models/Office Desk/materials/textures) by extension 'ros'
[1.103s] Level 1:colcon.colcon_core.package_identification:_identify(ign_models/Office Desk/materials/textures) by extensions ['cmake', 'python']
[1.103s] Level 1:colcon.colcon_core.package_identification:_identify(ign_models/Office Desk/materials/textures) by extension 'cmake'
[1.103s] Level 1:colcon.colcon_core.package_identification:_identify(ign_models/Office Desk/materials/textures) by extension 'python'
[1.103s] Level 1:colcon.colcon_core.package_identification:_identify(ign_models/Office Desk/materials/textures) by extensions ['python_setup_py']
[1.103s] Level 1:colcon.colcon_core.package_identification:_identify(ign_models/Office Desk/materials/textures) by extension 'python_setup_py'
[1.104s] Level 1:colcon.colcon_core.package_identification:_identify(ign_models/Office Desk/meshes) by extensions ['ignore', 'ignore_ament_install']
[1.105s] Level 1:colcon.colcon_core.package_identification:_identify(ign_models/Office Desk/meshes) by extension 'ignore'
[1.105s] Level 1:colcon.colcon_core.package_identification:_identify(ign_models/Office Desk/meshes) by extension 'ignore_ament_install'
[1.105s] Level 1:colcon.colcon_core.package_identification:_identify(ign_models/Office Desk/meshes) by extensions ['colcon_pkg']
[1.105s] Level 1:colcon.colcon_core.package_identification:_identify(ign_models/Office Desk/meshes) by extension 'colcon_pkg'
[1.105s] Level 1:colcon.colcon_core.package_identification:_identify(ign_models/Office Desk/meshes) by extensions ['colcon_meta']
[1.105s] Level 1:colcon.colcon_core.package_identification:_identify(ign_models/Office Desk/meshes) by extension 'colcon_meta'
[1.105s] Level 1:colcon.colcon_core.package_identification:_identify(ign_models/Office Desk/meshes) by extensions ['ros']
[1.105s] Level 1:colcon.colcon_core.package_identification:_identify(ign_models/Office Desk/meshes) by extension 'ros'
[1.106s] Level 1:colcon.colcon_core.package_identification:_identify(ign_models/Office Desk/meshes) by extensions ['cmake', 'python']
[1.106s] Level 1:colcon.colcon_core.package_identification:_identify(ign_models/Office Desk/meshes) by extension 'cmake'
[1.106s] Level 1:colcon.colcon_core.package_identification:_identify(ign_models/Office Desk/meshes) by extension 'python'
[1.106s] Level 1:colcon.colcon_core.package_identification:_identify(ign_models/Office Desk/meshes) by extensions ['python_setup_py']
[1.106s] Level 1:colcon.colcon_core.package_identification:_identify(ign_models/Office Desk/meshes) by extension 'python_setup_py'
[1.106s] Level 1:colcon.colcon_core.package_identification:_identify(ign_models/Office Desk/thumbnails) by extensions ['ignore', 'ignore_ament_install']
[1.107s] Level 1:colcon.colcon_core.package_identification:_identify(ign_models/Office Desk/thumbnails) by extension 'ignore'
[1.107s] Level 1:colcon.colcon_core.package_identification:_identify(ign_models/Office Desk/thumbnails) by extension 'ignore_ament_install'
[1.107s] Level 1:colcon.colcon_core.package_identification:_identify(ign_models/Office Desk/thumbnails) by extensions ['colcon_pkg']
[1.107s] Level 1:colcon.colcon_core.package_identification:_identify(ign_models/Office Desk/thumbnails) by extension 'colcon_pkg'
[1.107s] Level 1:colcon.colcon_core.package_identification:_identify(ign_models/Office Desk/thumbnails) by extensions ['colcon_meta']
[1.107s] Level 1:colcon.colcon_core.package_identification:_identify(ign_models/Office Desk/thumbnails) by extension 'colcon_meta'
[1.107s] Level 1:colcon.colcon_core.package_identification:_identify(ign_models/Office Desk/thumbnails) by extensions ['ros']
[1.107s] Level 1:colcon.colcon_core.package_identification:_identify(ign_models/Office Desk/thumbnails) by extension 'ros'
[1.107s] Level 1:colcon.colcon_core.package_identification:_identify(ign_models/Office Desk/thumbnails) by extensions ['cmake', 'python']
[1.107s] Level 1:colcon.colcon_core.package_identification:_identify(ign_models/Office Desk/thumbnails) by extension 'cmake'
[1.107s] Level 1:colcon.colcon_core.package_identification:_identify(ign_models/Office Desk/thumbnails) by extension 'python'
[1.107s] Level 1:colcon.colcon_core.package_identification:_identify(ign_models/Office Desk/thumbnails) by extensions ['python_setup_py']
[1.107s] Level 1:colcon.colcon_core.package_identification:_identify(ign_models/Office Desk/thumbnails) by extension 'python_setup_py'
[1.108s] Level 1:colcon.colcon_core.package_identification:_identify(ign_models/Pickup) by extensions ['ignore', 'ignore_ament_install']
[1.108s] Level 1:colcon.colcon_core.package_identification:_identify(ign_models/Pickup) by extension 'ignore'
[1.108s] Level 1:colcon.colcon_core.package_identification:_identify(ign_models/Pickup) by extension 'ignore_ament_install'
[1.108s] Level 1:colcon.colcon_core.package_identification:_identify(ign_models/Pickup) by extensions ['colcon_pkg']
[1.108s] Level 1:colcon.colcon_core.package_identification:_identify(ign_models/Pickup) by extension 'colcon_pkg'
[1.108s] Level 1:colcon.colcon_core.package_identification:_identify(ign_models/Pickup) by extensions ['colcon_meta']
[1.108s] Level 1:colcon.colcon_core.package_identification:_identify(ign_models/Pickup) by extension 'colcon_meta'
[1.108s] Level 1:colcon.colcon_core.package_identification:_identify(ign_models/Pickup) by extensions ['ros']
[1.108s] Level 1:colcon.colcon_core.package_identification:_identify(ign_models/Pickup) by extension 'ros'
[1.109s] Level 1:colcon.colcon_core.package_identification:_identify(ign_models/Pickup) by extensions ['cmake', 'python']
[1.109s] Level 1:colcon.colcon_core.package_identification:_identify(ign_models/Pickup) by extension 'cmake'
[1.109s] Level 1:colcon.colcon_core.package_identification:_identify(ign_models/Pickup) by extension 'python'
[1.109s] Level 1:colcon.colcon_core.package_identification:_identify(ign_models/Pickup) by extensions ['python_setup_py']
[1.109s] Level 1:colcon.colcon_core.package_identification:_identify(ign_models/Pickup) by extension 'python_setup_py'
[1.109s] Level 1:colcon.colcon_core.package_identification:_identify(ign_models/Pickup/materials) by extensions ['ignore', 'ignore_ament_install']
[1.109s] Level 1:colcon.colcon_core.package_identification:_identify(ign_models/Pickup/materials) by extension 'ignore'
[1.110s] Level 1:colcon.colcon_core.package_identification:_identify(ign_models/Pickup/materials) by extension 'ignore_ament_install'
[1.110s] Level 1:colcon.colcon_core.package_identification:_identify(ign_models/Pickup/materials) by extensions ['colcon_pkg']
[1.110s] Level 1:colcon.colcon_core.package_identification:_identify(ign_models/Pickup/materials) by extension 'colcon_pkg'
[1.110s] Level 1:colcon.colcon_core.package_identification:_identify(ign_models/Pickup/materials) by extensions ['colcon_meta']
[1.110s] Level 1:colcon.colcon_core.package_identification:_identify(ign_models/Pickup/materials) by extension 'colcon_meta'
[1.110s] Level 1:colcon.colcon_core.package_identification:_identify(ign_models/Pickup/materials) by extensions ['ros']
[1.110s] Level 1:colcon.colcon_core.package_identification:_identify(ign_models/Pickup/materials) by extension 'ros'
[1.111s] Level 1:colcon.colcon_core.package_identification:_identify(ign_models/Pickup/materials) by extensions ['cmake', 'python']
[1.111s] Level 1:colcon.colcon_core.package_identification:_identify(ign_models/Pickup/materials) by extension 'cmake'
[1.111s] Level 1:colcon.colcon_core.package_identification:_identify(ign_models/Pickup/materials) by extension 'python'
[1.111s] Level 1:colcon.colcon_core.package_identification:_identify(ign_models/Pickup/materials) by extensions ['python_setup_py']
[1.111s] Level 1:colcon.colcon_core.package_identification:_identify(ign_models/Pickup/materials) by extension 'python_setup_py'
[1.112s] Level 1:colcon.colcon_core.package_identification:_identify(ign_models/Pickup/materials/textures) by extensions ['ignore', 'ignore_ament_install']
[1.112s] Level 1:colcon.colcon_core.package_identification:_identify(ign_models/Pickup/materials/textures) by extension 'ignore'
[1.112s] Level 1:colcon.colcon_core.package_identification:_identify(ign_models/Pickup/materials/textures) by extension 'ignore_ament_install'
[1.112s] Level 1:colcon.colcon_core.package_identification:_identify(ign_models/Pickup/materials/textures) by extensions ['colcon_pkg']
[1.112s] Level 1:colcon.colcon_core.package_identification:_identify(ign_models/Pickup/materials/textures) by extension 'colcon_pkg'
[1.112s] Level 1:colcon.colcon_core.package_identification:_identify(ign_models/Pickup/materials/textures) by extensions ['colcon_meta']
[1.112s] Level 1:colcon.colcon_core.package_identification:_identify(ign_models/Pickup/materials/textures) by extension 'colcon_meta'
[1.112s] Level 1:colcon.colcon_core.package_identification:_identify(ign_models/Pickup/materials/textures) by extensions ['ros']
[1.113s] Level 1:colcon.colcon_core.package_identification:_identify(ign_models/Pickup/materials/textures) by extension 'ros'
[1.113s] Level 1:colcon.colcon_core.package_identification:_identify(ign_models/Pickup/materials/textures) by extensions ['cmake', 'python']
[1.113s] Level 1:colcon.colcon_core.package_identification:_identify(ign_models/Pickup/materials/textures) by extension 'cmake'
[1.113s] Level 1:colcon.colcon_core.package_identification:_identify(ign_models/Pickup/materials/textures) by extension 'python'
[1.113s] Level 1:colcon.colcon_core.package_identification:_identify(ign_models/Pickup/materials/textures) by extensions ['python_setup_py']
[1.113s] Level 1:colcon.colcon_core.package_identification:_identify(ign_models/Pickup/materials/textures) by extension 'python_setup_py'
[1.114s] Level 1:colcon.colcon_core.package_identification:_identify(ign_models/Pickup/meshes) by extensions ['ignore', 'ignore_ament_install']
[1.114s] Level 1:colcon.colcon_core.package_identification:_identify(ign_models/Pickup/meshes) by extension 'ignore'
[1.114s] Level 1:colcon.colcon_core.package_identification:_identify(ign_models/Pickup/meshes) by extension 'ignore_ament_install'
[1.114s] Level 1:colcon.colcon_core.package_identification:_identify(ign_models/Pickup/meshes) by extensions ['colcon_pkg']
[1.114s] Level 1:colcon.colcon_core.package_identification:_identify(ign_models/Pickup/meshes) by extension 'colcon_pkg'
[1.115s] Level 1:colcon.colcon_core.package_identification:_identify(ign_models/Pickup/meshes) by extensions ['colcon_meta']
[1.115s] Level 1:colcon.colcon_core.package_identification:_identify(ign_models/Pickup/meshes) by extension 'colcon_meta'
[1.115s] Level 1:colcon.colcon_core.package_identification:_identify(ign_models/Pickup/meshes) by extensions ['ros']
[1.115s] Level 1:colcon.colcon_core.package_identification:_identify(ign_models/Pickup/meshes) by extension 'ros'
[1.115s] Level 1:colcon.colcon_core.package_identification:_identify(ign_models/Pickup/meshes) by extensions ['cmake', 'python']
[1.115s] Level 1:colcon.colcon_core.package_identification:_identify(ign_models/Pickup/meshes) by extension 'cmake'
[1.115s] Level 1:colcon.colcon_core.package_identification:_identify(ign_models/Pickup/meshes) by extension 'python'
[1.115s] Level 1:colcon.colcon_core.package_identification:_identify(ign_models/Pickup/meshes) by extensions ['python_setup_py']
[1.115s] Level 1:colcon.colcon_core.package_identification:_identify(ign_models/Pickup/meshes) by extension 'python_setup_py'
[1.116s] Level 1:colcon.colcon_core.package_identification:_identify(ign_models/Pickup/thumbnails) by extensions ['ignore', 'ignore_ament_install']
[1.116s] Level 1:colcon.colcon_core.package_identification:_identify(ign_models/Pickup/thumbnails) by extension 'ignore'
[1.116s] Level 1:colcon.colcon_core.package_identification:_identify(ign_models/Pickup/thumbnails) by extension 'ignore_ament_install'
[1.116s] Level 1:colcon.colcon_core.package_identification:_identify(ign_models/Pickup/thumbnails) by extensions ['colcon_pkg']
[1.116s] Level 1:colcon.colcon_core.package_identification:_identify(ign_models/Pickup/thumbnails) by extension 'colcon_pkg'
[1.116s] Level 1:colcon.colcon_core.package_identification:_identify(ign_models/Pickup/thumbnails) by extensions ['colcon_meta']
[1.117s] Level 1:colcon.colcon_core.package_identification:_identify(ign_models/Pickup/thumbnails) by extension 'colcon_meta'
[1.117s] Level 1:colcon.colcon_core.package_identification:_identify(ign_models/Pickup/thumbnails) by extensions ['ros']
[1.117s] Level 1:colcon.colcon_core.package_identification:_identify(ign_models/Pickup/thumbnails) by extension 'ros'
[1.117s] Level 1:colcon.colcon_core.package_identification:_identify(ign_models/Pickup/thumbnails) by extensions ['cmake', 'python']
[1.117s] Level 1:colcon.colcon_core.package_identification:_identify(ign_models/Pickup/thumbnails) by extension 'cmake'
[1.117s] Level 1:colcon.colcon_core.package_identification:_identify(ign_models/Pickup/thumbnails) by extension 'python'
[1.118s] Level 1:colcon.colcon_core.package_identification:_identify(ign_models/Pickup/thumbnails) by extensions ['python_setup_py']
[1.118s] Level 1:colcon.colcon_core.package_identification:_identify(ign_models/Pickup/thumbnails) by extension 'python_setup_py'
[1.118s] Level 1:colcon.colcon_core.package_identification:_identify(ign_models/Sofa) by extensions ['ignore', 'ignore_ament_install']
[1.118s] Level 1:colcon.colcon_core.package_identification:_identify(ign_models/Sofa) by extension 'ignore'
[1.119s] Level 1:colcon.colcon_core.package_identification:_identify(ign_models/Sofa) by extension 'ignore_ament_install'
[1.119s] Level 1:colcon.colcon_core.package_identification:_identify(ign_models/Sofa) by extensions ['colcon_pkg']
[1.119s] Level 1:colcon.colcon_core.package_identification:_identify(ign_models/Sofa) by extension 'colcon_pkg'
[1.119s] Level 1:colcon.colcon_core.package_identification:_identify(ign_models/Sofa) by extensions ['colcon_meta']
[1.119s] Level 1:colcon.colcon_core.package_identification:_identify(ign_models/Sofa) by extension 'colcon_meta'
[1.119s] Level 1:colcon.colcon_core.package_identification:_identify(ign_models/Sofa) by extensions ['ros']
[1.119s] Level 1:colcon.colcon_core.package_identification:_identify(ign_models/Sofa) by extension 'ros'
[1.119s] Level 1:colcon.colcon_core.package_identification:_identify(ign_models/Sofa) by extensions ['cmake', 'python']
[1.119s] Level 1:colcon.colcon_core.package_identification:_identify(ign_models/Sofa) by extension 'cmake'
[1.119s] Level 1:colcon.colcon_core.package_identification:_identify(ign_models/Sofa) by extension 'python'
[1.119s] Level 1:colcon.colcon_core.package_identification:_identify(ign_models/Sofa) by extensions ['python_setup_py']
[1.119s] Level 1:colcon.colcon_core.package_identification:_identify(ign_models/Sofa) by extension 'python_setup_py'
[1.120s] Level 1:colcon.colcon_core.package_identification:_identify(ign_models/Sofa/meshes) by extensions ['ignore', 'ignore_ament_install']
[1.120s] Level 1:colcon.colcon_core.package_identification:_identify(ign_models/Sofa/meshes) by extension 'ignore'
[1.120s] Level 1:colcon.colcon_core.package_identification:_identify(ign_models/Sofa/meshes) by extension 'ignore_ament_install'
[1.121s] Level 1:colcon.colcon_core.package_identification:_identify(ign_models/Sofa/meshes) by extensions ['colcon_pkg']
[1.121s] Level 1:colcon.colcon_core.package_identification:_identify(ign_models/Sofa/meshes) by extension 'colcon_pkg'
[1.121s] Level 1:colcon.colcon_core.package_identification:_identify(ign_models/Sofa/meshes) by extensions ['colcon_meta']
[1.121s] Level 1:colcon.colcon_core.package_identification:_identify(ign_models/Sofa/meshes) by extension 'colcon_meta'
[1.121s] Level 1:colcon.colcon_core.package_identification:_identify(ign_models/Sofa/meshes) by extensions ['ros']
[1.121s] Level 1:colcon.colcon_core.package_identification:_identify(ign_models/Sofa/meshes) by extension 'ros'
[1.121s] Level 1:colcon.colcon_core.package_identification:_identify(ign_models/Sofa/meshes) by extensions ['cmake', 'python']
[1.121s] Level 1:colcon.colcon_core.package_identification:_identify(ign_models/Sofa/meshes) by extension 'cmake'
[1.121s] Level 1:colcon.colcon_core.package_identification:_identify(ign_models/Sofa/meshes) by extension 'python'
[1.121s] Level 1:colcon.colcon_core.package_identification:_identify(ign_models/Sofa/meshes) by extensions ['python_setup_py']
[1.121s] Level 1:colcon.colcon_core.package_identification:_identify(ign_models/Sofa/meshes) by extension 'python_setup_py'
[1.122s] Level 1:colcon.colcon_core.package_identification:_identify(ign_models/Sofa/thumbnails) by extensions ['ignore', 'ignore_ament_install']
[1.122s] Level 1:colcon.colcon_core.package_identification:_identify(ign_models/Sofa/thumbnails) by extension 'ignore'
[1.123s] Level 1:colcon.colcon_core.package_identification:_identify(ign_models/Sofa/thumbnails) by extension 'ignore_ament_install'
[1.123s] Level 1:colcon.colcon_core.package_identification:_identify(ign_models/Sofa/thumbnails) by extensions ['colcon_pkg']
[1.123s] Level 1:colcon.colcon_core.package_identification:_identify(ign_models/Sofa/thumbnails) by extension 'colcon_pkg'
[1.123s] Level 1:colcon.colcon_core.package_identification:_identify(ign_models/Sofa/thumbnails) by extensions ['colcon_meta']
[1.123s] Level 1:colcon.colcon_core.package_identification:_identify(ign_models/Sofa/thumbnails) by extension 'colcon_meta'
[1.123s] Level 1:colcon.colcon_core.package_identification:_identify(ign_models/Sofa/thumbnails) by extensions ['ros']
[1.123s] Level 1:colcon.colcon_core.package_identification:_identify(ign_models/Sofa/thumbnails) by extension 'ros'
[1.123s] Level 1:colcon.colcon_core.package_identification:_identify(ign_models/Sofa/thumbnails) by extensions ['cmake', 'python']
[1.123s] Level 1:colcon.colcon_core.package_identification:_identify(ign_models/Sofa/thumbnails) by extension 'cmake'
[1.123s] Level 1:colcon.colcon_core.package_identification:_identify(ign_models/Sofa/thumbnails) by extension 'python'
[1.123s] Level 1:colcon.colcon_core.package_identification:_identify(ign_models/Sofa/thumbnails) by extensions ['python_setup_py']
[1.123s] Level 1:colcon.colcon_core.package_identification:_identify(ign_models/Sofa/thumbnails) by extension 'python_setup_py'
[1.123s] Level 1:colcon.colcon_core.package_identification:_identify(ign_models/Vanity) by extensions ['ignore', 'ignore_ament_install']
[1.124s] Level 1:colcon.colcon_core.package_identification:_identify(ign_models/Vanity) by extension 'ignore'
[1.124s] Level 1:colcon.colcon_core.package_identification:_identify(ign_models/Vanity) by extension 'ignore_ament_install'
[1.124s] Level 1:colcon.colcon_core.package_identification:_identify(ign_models/Vanity) by extensions ['colcon_pkg']
[1.124s] Level 1:colcon.colcon_core.package_identification:_identify(ign_models/Vanity) by extension 'colcon_pkg'
[1.124s] Level 1:colcon.colcon_core.package_identification:_identify(ign_models/Vanity) by extensions ['colcon_meta']
[1.124s] Level 1:colcon.colcon_core.package_identification:_identify(ign_models/Vanity) by extension 'colcon_meta'
[1.124s] Level 1:colcon.colcon_core.package_identification:_identify(ign_models/Vanity) by extensions ['ros']
[1.124s] Level 1:colcon.colcon_core.package_identification:_identify(ign_models/Vanity) by extension 'ros'
[1.124s] Level 1:colcon.colcon_core.package_identification:_identify(ign_models/Vanity) by extensions ['cmake', 'python']
[1.124s] Level 1:colcon.colcon_core.package_identification:_identify(ign_models/Vanity) by extension 'cmake'
[1.125s] Level 1:colcon.colcon_core.package_identification:_identify(ign_models/Vanity) by extension 'python'
[1.125s] Level 1:colcon.colcon_core.package_identification:_identify(ign_models/Vanity) by extensions ['python_setup_py']
[1.125s] Level 1:colcon.colcon_core.package_identification:_identify(ign_models/Vanity) by extension 'python_setup_py'
[1.125s] Level 1:colcon.colcon_core.package_identification:_identify(ign_models/Vanity/materials) by extensions ['ignore', 'ignore_ament_install']
[1.125s] Level 1:colcon.colcon_core.package_identification:_identify(ign_models/Vanity/materials) by extension 'ignore'
[1.126s] Level 1:colcon.colcon_core.package_identification:_identify(ign_models/Vanity/materials) by extension 'ignore_ament_install'
[1.126s] Level 1:colcon.colcon_core.package_identification:_identify(ign_models/Vanity/materials) by extensions ['colcon_pkg']
[1.126s] Level 1:colcon.colcon_core.package_identification:_identify(ign_models/Vanity/materials) by extension 'colcon_pkg'
[1.126s] Level 1:colcon.colcon_core.package_identification:_identify(ign_models/Vanity/materials) by extensions ['colcon_meta']
[1.126s] Level 1:colcon.colcon_core.package_identification:_identify(ign_models/Vanity/materials) by extension 'colcon_meta'
[1.126s] Level 1:colcon.colcon_core.package_identification:_identify(ign_models/Vanity/materials) by extensions ['ros']
[1.126s] Level 1:colcon.colcon_core.package_identification:_identify(ign_models/Vanity/materials) by extension 'ros'
[1.126s] Level 1:colcon.colcon_core.package_identification:_identify(ign_models/Vanity/materials) by extensions ['cmake', 'python']
[1.126s] Level 1:colcon.colcon_core.package_identification:_identify(ign_models/Vanity/materials) by extension 'cmake'
[1.126s] Level 1:colcon.colcon_core.package_identification:_identify(ign_models/Vanity/materials) by extension 'python'
[1.126s] Level 1:colcon.colcon_core.package_identification:_identify(ign_models/Vanity/materials) by extensions ['python_setup_py']
[1.126s] Level 1:colcon.colcon_core.package_identification:_identify(ign_models/Vanity/materials) by extension 'python_setup_py'
[1.127s] Level 1:colcon.colcon_core.package_identification:_identify(ign_models/Vanity/materials/textures) by extensions ['ignore', 'ignore_ament_install']
[1.127s] Level 1:colcon.colcon_core.package_identification:_identify(ign_models/Vanity/materials/textures) by extension 'ignore'
[1.128s] Level 1:colcon.colcon_core.package_identification:_identify(ign_models/Vanity/materials/textures) by extension 'ignore_ament_install'
[1.128s] Level 1:colcon.colcon_core.package_identification:_identify(ign_models/Vanity/materials/textures) by extensions ['colcon_pkg']
[1.128s] Level 1:colcon.colcon_core.package_identification:_identify(ign_models/Vanity/materials/textures) by extension 'colcon_pkg'
[1.128s] Level 1:colcon.colcon_core.package_identification:_identify(ign_models/Vanity/materials/textures) by extensions ['colcon_meta']
[1.128s] Level 1:colcon.colcon_core.package_identification:_identify(ign_models/Vanity/materials/textures) by extension 'colcon_meta'
[1.128s] Level 1:colcon.colcon_core.package_identification:_identify(ign_models/Vanity/materials/textures) by extensions ['ros']
[1.128s] Level 1:colcon.colcon_core.package_identification:_identify(ign_models/Vanity/materials/textures) by extension 'ros'
[1.128s] Level 1:colcon.colcon_core.package_identification:_identify(ign_models/Vanity/materials/textures) by extensions ['cmake', 'python']
[1.128s] Level 1:colcon.colcon_core.package_identification:_identify(ign_models/Vanity/materials/textures) by extension 'cmake'
[1.128s] Level 1:colcon.colcon_core.package_identification:_identify(ign_models/Vanity/materials/textures) by extension 'python'
[1.129s] Level 1:colcon.colcon_core.package_identification:_identify(ign_models/Vanity/materials/textures) by extensions ['python_setup_py']
[1.129s] Level 1:colcon.colcon_core.package_identification:_identify(ign_models/Vanity/materials/textures) by extension 'python_setup_py'
[1.129s] Level 1:colcon.colcon_core.package_identification:_identify(ign_models/Vanity/meshes) by extensions ['ignore', 'ignore_ament_install']
[1.129s] Level 1:colcon.colcon_core.package_identification:_identify(ign_models/Vanity/meshes) by extension 'ignore'
[1.129s] Level 1:colcon.colcon_core.package_identification:_identify(ign_models/Vanity/meshes) by extension 'ignore_ament_install'
[1.129s] Level 1:colcon.colcon_core.package_identification:_identify(ign_models/Vanity/meshes) by extensions ['colcon_pkg']
[1.130s] Level 1:colcon.colcon_core.package_identification:_identify(ign_models/Vanity/meshes) by extension 'colcon_pkg'
[1.130s] Level 1:colcon.colcon_core.package_identification:_identify(ign_models/Vanity/meshes) by extensions ['colcon_meta']
[1.130s] Level 1:colcon.colcon_core.package_identification:_identify(ign_models/Vanity/meshes) by extension 'colcon_meta'
[1.130s] Level 1:colcon.colcon_core.package_identification:_identify(ign_models/Vanity/meshes) by extensions ['ros']
[1.130s] Level 1:colcon.colcon_core.package_identification:_identify(ign_models/Vanity/meshes) by extension 'ros'
[1.130s] Level 1:colcon.colcon_core.package_identification:_identify(ign_models/Vanity/meshes) by extensions ['cmake', 'python']
[1.130s] Level 1:colcon.colcon_core.package_identification:_identify(ign_models/Vanity/meshes) by extension 'cmake'
[1.130s] Level 1:colcon.colcon_core.package_identification:_identify(ign_models/Vanity/meshes) by extension 'python'
[1.130s] Level 1:colcon.colcon_core.package_identification:_identify(ign_models/Vanity/meshes) by extensions ['python_setup_py']
[1.130s] Level 1:colcon.colcon_core.package_identification:_identify(ign_models/Vanity/meshes) by extension 'python_setup_py'
[1.131s] Level 1:colcon.colcon_core.package_identification:_identify(ign_models/Vanity/thumbnails) by extensions ['ignore', 'ignore_ament_install']
[1.131s] Level 1:colcon.colcon_core.package_identification:_identify(ign_models/Vanity/thumbnails) by extension 'ignore'
[1.131s] Level 1:colcon.colcon_core.package_identification:_identify(ign_models/Vanity/thumbnails) by extension 'ignore_ament_install'
[1.132s] Level 1:colcon.colcon_core.package_identification:_identify(ign_models/Vanity/thumbnails) by extensions ['colcon_pkg']
[1.132s] Level 1:colcon.colcon_core.package_identification:_identify(ign_models/Vanity/thumbnails) by extension 'colcon_pkg'
[1.132s] Level 1:colcon.colcon_core.package_identification:_identify(ign_models/Vanity/thumbnails) by extensions ['colcon_meta']
[1.132s] Level 1:colcon.colcon_core.package_identification:_identify(ign_models/Vanity/thumbnails) by extension 'colcon_meta'
[1.132s] Level 1:colcon.colcon_core.package_identification:_identify(ign_models/Vanity/thumbnails) by extensions ['ros']
[1.132s] Level 1:colcon.colcon_core.package_identification:_identify(ign_models/Vanity/thumbnails) by extension 'ros'
[1.132s] Level 1:colcon.colcon_core.package_identification:_identify(ign_models/Vanity/thumbnails) by extensions ['cmake', 'python']
[1.132s] Level 1:colcon.colcon_core.package_identification:_identify(ign_models/Vanity/thumbnails) by extension 'cmake'
[1.132s] Level 1:colcon.colcon_core.package_identification:_identify(ign_models/Vanity/thumbnails) by extension 'python'
[1.132s] Level 1:colcon.colcon_core.package_identification:_identify(ign_models/Vanity/thumbnails) by extensions ['python_setup_py']
[1.132s] Level 1:colcon.colcon_core.package_identification:_identify(ign_models/Vanity/thumbnails) by extension 'python_setup_py'
[1.133s] Level 1:colcon.colcon_core.package_identification:_identify(ign_models/mycar_description) by extensions ['ignore', 'ignore_ament_install']
[1.133s] Level 1:colcon.colcon_core.package_identification:_identify(ign_models/mycar_description) by extension 'ignore'
[1.135s] Level 1:colcon.colcon_core.package_identification:_identify(ign_models/mycar_description) by extension 'ignore_ament_install'
[1.135s] Level 1:colcon.colcon_core.package_identification:_identify(ign_models/mycar_description) by extensions ['colcon_pkg']
[1.135s] Level 1:colcon.colcon_core.package_identification:_identify(ign_models/mycar_description) by extension 'colcon_pkg'
[1.135s] Level 1:colcon.colcon_core.package_identification:_identify(ign_models/mycar_description) by extensions ['colcon_meta']
[1.135s] Level 1:colcon.colcon_core.package_identification:_identify(ign_models/mycar_description) by extension 'colcon_meta'
[1.136s] Level 1:colcon.colcon_core.package_identification:_identify(ign_models/mycar_description) by extensions ['ros']
[1.136s] Level 1:colcon.colcon_core.package_identification:_identify(ign_models/mycar_description) by extension 'ros'
[1.138s] Level 1:colcon.colcon_core.package_identification:_identify(ign_models/mycar_description) by extensions ['cmake', 'python']
[1.138s] Level 1:colcon.colcon_core.package_identification:_identify(ign_models/mycar_description) by extension 'cmake'
[1.139s] Level 1:colcon.colcon_core.package_identification:_identify(ign_models/mycar_description) by extension 'python'
[1.139s] Level 1:colcon.colcon_core.package_identification:_identify(ign_models/mycar_description) by extensions ['python_setup_py']
[1.139s] Level 1:colcon.colcon_core.package_identification:_identify(ign_models/mycar_description) by extension 'python_setup_py'
[1.140s] Level 1:colcon.colcon_core.package_identification:_identify(ign_models/mycar_description/mesh) by extensions ['ignore', 'ignore_ament_install']
[1.142s] Level 1:colcon.colcon_core.package_identification:_identify(ign_models/mycar_description/mesh) by extension 'ignore'
[1.142s] Level 1:colcon.colcon_core.package_identification:_identify(ign_models/mycar_description/mesh) by extension 'ignore_ament_install'
[1.143s] Level 1:colcon.colcon_core.package_identification:_identify(ign_models/mycar_description/mesh) by extensions ['colcon_pkg']
[1.144s] Level 1:colcon.colcon_core.package_identification:_identify(ign_models/mycar_description/mesh) by extension 'colcon_pkg'
[1.144s] Level 1:colcon.colcon_core.package_identification:_identify(ign_models/mycar_description/mesh) by extensions ['colcon_meta']
[1.145s] Level 1:colcon.colcon_core.package_identification:_identify(ign_models/mycar_description/mesh) by extension 'colcon_meta'
[1.145s] Level 1:colcon.colcon_core.package_identification:_identify(ign_models/mycar_description/mesh) by extensions ['ros']
[1.145s] Level 1:colcon.colcon_core.package_identification:_identify(ign_models/mycar_description/mesh) by extension 'ros'
[1.145s] Level 1:colcon.colcon_core.package_identification:_identify(ign_models/mycar_description/mesh) by extensions ['cmake', 'python']
[1.145s] Level 1:colcon.colcon_core.package_identification:_identify(ign_models/mycar_description/mesh) by extension 'cmake'
[1.145s] Level 1:colcon.colcon_core.package_identification:_identify(ign_models/mycar_description/mesh) by extension 'python'
[1.145s] Level 1:colcon.colcon_core.package_identification:_identify(ign_models/mycar_description/mesh) by extensions ['python_setup_py']
[1.145s] Level 1:colcon.colcon_core.package_identification:_identify(ign_models/mycar_description/mesh) by extension 'python_setup_py'
[1.146s] Level 1:colcon.colcon_core.package_identification:_identify(ign_models/mycar_description_detailed) by extensions ['ignore', 'ignore_ament_install']
[1.147s] Level 1:colcon.colcon_core.package_identification:_identify(ign_models/mycar_description_detailed) by extension 'ignore'
[1.147s] Level 1:colcon.colcon_core.package_identification:_identify(ign_models/mycar_description_detailed) by extension 'ignore_ament_install'
[1.147s] Level 1:colcon.colcon_core.package_identification:_identify(ign_models/mycar_description_detailed) by extensions ['colcon_pkg']
[1.147s] Level 1:colcon.colcon_core.package_identification:_identify(ign_models/mycar_description_detailed) by extension 'colcon_pkg'
[1.147s] Level 1:colcon.colcon_core.package_identification:_identify(ign_models/mycar_description_detailed) by extensions ['colcon_meta']
[1.147s] Level 1:colcon.colcon_core.package_identification:_identify(ign_models/mycar_description_detailed) by extension 'colcon_meta'
[1.147s] Level 1:colcon.colcon_core.package_identification:_identify(ign_models/mycar_description_detailed) by extensions ['ros']
[1.147s] Level 1:colcon.colcon_core.package_identification:_identify(ign_models/mycar_description_detailed) by extension 'ros'
[1.148s] Level 1:colcon.colcon_core.package_identification:_identify(ign_models/mycar_description_detailed) by extensions ['cmake', 'python']
[1.148s] Level 1:colcon.colcon_core.package_identification:_identify(ign_models/mycar_description_detailed) by extension 'cmake'
[1.148s] Level 1:colcon.colcon_core.package_identification:_identify(ign_models/mycar_description_detailed) by extension 'python'
[1.148s] Level 1:colcon.colcon_core.package_identification:_identify(ign_models/mycar_description_detailed) by extensions ['python_setup_py']
[1.148s] Level 1:colcon.colcon_core.package_identification:_identify(ign_models/mycar_description_detailed) by extension 'python_setup_py'
[1.149s] Level 1:colcon.colcon_core.package_identification:_identify(ign_models/mycar_description_detailed/mesh) by extensions ['ignore', 'ignore_ament_install']
[1.149s] Level 1:colcon.colcon_core.package_identification:_identify(ign_models/mycar_description_detailed/mesh) by extension 'ignore'
[1.149s] Level 1:colcon.colcon_core.package_identification:_identify(ign_models/mycar_description_detailed/mesh) by extension 'ignore_ament_install'
[1.150s] Level 1:colcon.colcon_core.package_identification:_identify(ign_models/mycar_description_detailed/mesh) by extensions ['colcon_pkg']
[1.150s] Level 1:colcon.colcon_core.package_identification:_identify(ign_models/mycar_description_detailed/mesh) by extension 'colcon_pkg'
[1.150s] Level 1:colcon.colcon_core.package_identification:_identify(ign_models/mycar_description_detailed/mesh) by extensions ['colcon_meta']
[1.150s] Level 1:colcon.colcon_core.package_identification:_identify(ign_models/mycar_description_detailed/mesh) by extension 'colcon_meta'
[1.150s] Level 1:colcon.colcon_core.package_identification:_identify(ign_models/mycar_description_detailed/mesh) by extensions ['ros']
[1.150s] Level 1:colcon.colcon_core.package_identification:_identify(ign_models/mycar_description_detailed/mesh) by extension 'ros'
[1.152s] Level 1:colcon.colcon_core.package_identification:_identify(ign_models/mycar_description_detailed/mesh) by extensions ['cmake', 'python']
[1.152s] Level 1:colcon.colcon_core.package_identification:_identify(ign_models/mycar_description_detailed/mesh) by extension 'cmake'
[1.152s] Level 1:colcon.colcon_core.package_identification:_identify(ign_models/mycar_description_detailed/mesh) by extension 'python'
[1.152s] Level 1:colcon.colcon_core.package_identification:_identify(ign_models/mycar_description_detailed/mesh) by extensions ['python_setup_py']
[1.152s] Level 1:colcon.colcon_core.package_identification:_identify(ign_models/mycar_description_detailed/mesh) by extension 'python_setup_py'
[1.152s] Level 1:colcon.colcon_core.package_identification:_identify(ign_models/mycar_description_detailed/mesh/diff_2w) by extensions ['ignore', 'ignore_ament_install']
[1.152s] Level 1:colcon.colcon_core.package_identification:_identify(ign_models/mycar_description_detailed/mesh/diff_2w) by extension 'ignore'
[1.152s] Level 1:colcon.colcon_core.package_identification:_identify(ign_models/mycar_description_detailed/mesh/diff_2w) by extension 'ignore_ament_install'
[1.153s] Level 1:colcon.colcon_core.package_identification:_identify(ign_models/mycar_description_detailed/mesh/diff_2w) by extensions ['colcon_pkg']
[1.153s] Level 1:colcon.colcon_core.package_identification:_identify(ign_models/mycar_description_detailed/mesh/diff_2w) by extension 'colcon_pkg'
[1.153s] Level 1:colcon.colcon_core.package_identification:_identify(ign_models/mycar_description_detailed/mesh/diff_2w) by extensions ['colcon_meta']
[1.153s] Level 1:colcon.colcon_core.package_identification:_identify(ign_models/mycar_description_detailed/mesh/diff_2w) by extension 'colcon_meta'
[1.153s] Level 1:colcon.colcon_core.package_identification:_identify(ign_models/mycar_description_detailed/mesh/diff_2w) by extensions ['ros']
[1.154s] Level 1:colcon.colcon_core.package_identification:_identify(ign_models/mycar_description_detailed/mesh/diff_2w) by extension 'ros'
[1.154s] Level 1:colcon.colcon_core.package_identification:_identify(ign_models/mycar_description_detailed/mesh/diff_2w) by extensions ['cmake', 'python']
[1.154s] Level 1:colcon.colcon_core.package_identification:_identify(ign_models/mycar_description_detailed/mesh/diff_2w) by extension 'cmake'
[1.154s] Level 1:colcon.colcon_core.package_identification:_identify(ign_models/mycar_description_detailed/mesh/diff_2w) by extension 'python'
[1.155s] Level 1:colcon.colcon_core.package_identification:_identify(ign_models/mycar_description_detailed/mesh/diff_2w) by extensions ['python_setup_py']
[1.155s] Level 1:colcon.colcon_core.package_identification:_identify(ign_models/mycar_description_detailed/mesh/diff_2w) by extension 'python_setup_py'
[1.155s] Level 1:colcon.colcon_core.package_identification:_identify(ign_models/mycar_description_detailed/mesh/diff_4w) by extensions ['ignore', 'ignore_ament_install']
[1.156s] Level 1:colcon.colcon_core.package_identification:_identify(ign_models/mycar_description_detailed/mesh/diff_4w) by extension 'ignore'
[1.156s] Level 1:colcon.colcon_core.package_identification:_identify(ign_models/mycar_description_detailed/mesh/diff_4w) by extension 'ignore_ament_install'
[1.156s] Level 1:colcon.colcon_core.package_identification:_identify(ign_models/mycar_description_detailed/mesh/diff_4w) by extensions ['colcon_pkg']
[1.156s] Level 1:colcon.colcon_core.package_identification:_identify(ign_models/mycar_description_detailed/mesh/diff_4w) by extension 'colcon_pkg'
[1.156s] Level 1:colcon.colcon_core.package_identification:_identify(ign_models/mycar_description_detailed/mesh/diff_4w) by extensions ['colcon_meta']
[1.156s] Level 1:colcon.colcon_core.package_identification:_identify(ign_models/mycar_description_detailed/mesh/diff_4w) by extension 'colcon_meta'
[1.156s] Level 1:colcon.colcon_core.package_identification:_identify(ign_models/mycar_description_detailed/mesh/diff_4w) by extensions ['ros']
[1.156s] Level 1:colcon.colcon_core.package_identification:_identify(ign_models/mycar_description_detailed/mesh/diff_4w) by extension 'ros'
[1.156s] Level 1:colcon.colcon_core.package_identification:_identify(ign_models/mycar_description_detailed/mesh/diff_4w) by extensions ['cmake', 'python']
[1.156s] Level 1:colcon.colcon_core.package_identification:_identify(ign_models/mycar_description_detailed/mesh/diff_4w) by extension 'cmake'
[1.157s] Level 1:colcon.colcon_core.package_identification:_identify(ign_models/mycar_description_detailed/mesh/diff_4w) by extension 'python'
[1.158s] Level 1:colcon.colcon_core.package_identification:_identify(ign_models/mycar_description_detailed/mesh/diff_4w) by extensions ['python_setup_py']
[1.158s] Level 1:colcon.colcon_core.package_identification:_identify(ign_models/mycar_description_detailed/mesh/diff_4w) by extension 'python_setup_py'
[1.158s] Level 1:colcon.colcon_core.package_identification:_identify(install) by extensions ['ignore', 'ignore_ament_install']
[1.158s] Level 1:colcon.colcon_core.package_identification:_identify(install) by extension 'ignore'
[1.158s] Level 1:colcon.colcon_core.package_identification:_identify(install) ignored
[1.159s] Level 1:colcon.colcon_core.package_identification:_identify(log) by extensions ['ignore', 'ignore_ament_install']
[1.159s] Level 1:colcon.colcon_core.package_identification:_identify(log) by extension 'ignore'
[1.159s] Level 1:colcon.colcon_core.package_identification:_identify(log) ignored
[1.159s] Level 1:colcon.colcon_core.package_identification:_identify(src) by extensions ['ignore', 'ignore_ament_install']
[1.159s] Level 1:colcon.colcon_core.package_identification:_identify(src) by extension 'ignore'
[1.159s] Level 1:colcon.colcon_core.package_identification:_identify(src) by extension 'ignore_ament_install'
[1.159s] Level 1:colcon.colcon_core.package_identification:_identify(src) by extensions ['colcon_pkg']
[1.159s] Level 1:colcon.colcon_core.package_identification:_identify(src) by extension 'colcon_pkg'
[1.159s] Level 1:colcon.colcon_core.package_identification:_identify(src) by extensions ['colcon_meta']
[1.159s] Level 1:colcon.colcon_core.package_identification:_identify(src) by extension 'colcon_meta'
[1.159s] Level 1:colcon.colcon_core.package_identification:_identify(src) by extensions ['ros']
[1.159s] Level 1:colcon.colcon_core.package_identification:_identify(src) by extension 'ros'
[1.159s] Level 1:colcon.colcon_core.package_identification:_identify(src) by extensions ['cmake', 'python']
[1.159s] Level 1:colcon.colcon_core.package_identification:_identify(src) by extension 'cmake'
[1.159s] Level 1:colcon.colcon_core.package_identification:_identify(src) by extension 'python'
[1.159s] Level 1:colcon.colcon_core.package_identification:_identify(src) by extensions ['python_setup_py']
[1.159s] Level 1:colcon.colcon_core.package_identification:_identify(src) by extension 'python_setup_py'
[1.161s] Level 1:colcon.colcon_core.package_identification:_identify(src/mycar) by extensions ['ignore', 'ignore_ament_install']
[1.161s] Level 1:colcon.colcon_core.package_identification:_identify(src/mycar) by extension 'ignore'
[1.161s] Level 1:colcon.colcon_core.package_identification:_identify(src/mycar) by extension 'ignore_ament_install'
[1.161s] Level 1:colcon.colcon_core.package_identification:_identify(src/mycar) by extensions ['colcon_pkg']
[1.161s] Level 1:colcon.colcon_core.package_identification:_identify(src/mycar) by extension 'colcon_pkg'
[1.161s] Level 1:colcon.colcon_core.package_identification:_identify(src/mycar) by extensions ['colcon_meta']
[1.161s] Level 1:colcon.colcon_core.package_identification:_identify(src/mycar) by extension 'colcon_meta'
[1.161s] Level 1:colcon.colcon_core.package_identification:_identify(src/mycar) by extensions ['ros']
[1.161s] Level 1:colcon.colcon_core.package_identification:_identify(src/mycar) by extension 'ros'
[1.161s] Level 1:colcon.colcon_core.package_identification:_identify(src/mycar) by extensions ['cmake', 'python']
[1.161s] Level 1:colcon.colcon_core.package_identification:_identify(src/mycar) by extension 'cmake'
[1.161s] Level 1:colcon.colcon_core.package_identification:_identify(src/mycar) by extension 'python'
[1.161s] Level 1:colcon.colcon_core.package_identification:_identify(src/mycar) by extensions ['python_setup_py']
[1.161s] Level 1:colcon.colcon_core.package_identification:_identify(src/mycar) by extension 'python_setup_py'
[1.162s] Level 1:colcon.colcon_core.package_identification:_identify(src/mycar/mycar_description) by extensions ['ignore', 'ignore_ament_install']
[1.163s] Level 1:colcon.colcon_core.package_identification:_identify(src/mycar/mycar_description) by extension 'ignore'
[1.163s] Level 1:colcon.colcon_core.package_identification:_identify(src/mycar/mycar_description) by extension 'ignore_ament_install'
[1.164s] Level 1:colcon.colcon_core.package_identification:_identify(src/mycar/mycar_description) by extensions ['colcon_pkg']
[1.164s] Level 1:colcon.colcon_core.package_identification:_identify(src/mycar/mycar_description) by extension 'colcon_pkg'
[1.164s] Level 1:colcon.colcon_core.package_identification:_identify(src/mycar/mycar_description) by extensions ['colcon_meta']
[1.164s] Level 1:colcon.colcon_core.package_identification:_identify(src/mycar/mycar_description) by extension 'colcon_meta'
[1.164s] Level 1:colcon.colcon_core.package_identification:_identify(src/mycar/mycar_description) by extensions ['ros']
[1.164s] Level 1:colcon.colcon_core.package_identification:_identify(src/mycar/mycar_description) by extension 'ros'
[1.179s] DEBUG:colcon.colcon_core.package_identification:Package 'src/mycar/mycar_description' with type 'ros.ament_cmake' and name 'mycar_description'
[1.182s] Level 1:colcon.colcon_core.package_identification:_identify(src/mycar/mycar_description_detailed) by extensions ['ignore', 'ignore_ament_install']
[1.182s] Level 1:colcon.colcon_core.package_identification:_identify(src/mycar/mycar_description_detailed) by extension 'ignore'
[1.182s] Level 1:colcon.colcon_core.package_identification:_identify(src/mycar/mycar_description_detailed) by extension 'ignore_ament_install'
[1.182s] Level 1:colcon.colcon_core.package_identification:_identify(src/mycar/mycar_description_detailed) by extensions ['colcon_pkg']
[1.182s] Level 1:colcon.colcon_core.package_identification:_identify(src/mycar/mycar_description_detailed) by extension 'colcon_pkg'
[1.182s] Level 1:colcon.colcon_core.package_identification:_identify(src/mycar/mycar_description_detailed) by extensions ['colcon_meta']
[1.182s] Level 1:colcon.colcon_core.package_identification:_identify(src/mycar/mycar_description_detailed) by extension 'colcon_meta'
[1.182s] Level 1:colcon.colcon_core.package_identification:_identify(src/mycar/mycar_description_detailed) by extensions ['ros']
[1.182s] Level 1:colcon.colcon_core.package_identification:_identify(src/mycar/mycar_description_detailed) by extension 'ros'
[1.183s] DEBUG:colcon.colcon_core.package_identification:Package 'src/mycar/mycar_description_detailed' with type 'ros.ament_cmake' and name 'mycar_description_detailed'
[1.184s] Level 1:colcon.colcon_core.package_identification:_identify(src/sim_gazebo) by extensions ['ignore', 'ignore_ament_install']
[1.184s] Level 1:colcon.colcon_core.package_identification:_identify(src/sim_gazebo) by extension 'ignore'
[1.184s] Level 1:colcon.colcon_core.package_identification:_identify(src/sim_gazebo) by extension 'ignore_ament_install'
[1.184s] Level 1:colcon.colcon_core.package_identification:_identify(src/sim_gazebo) by extensions ['colcon_pkg']
[1.184s] Level 1:colcon.colcon_core.package_identification:_identify(src/sim_gazebo) by extension 'colcon_pkg'
[1.184s] Level 1:colcon.colcon_core.package_identification:_identify(src/sim_gazebo) by extensions ['colcon_meta']
[1.184s] Level 1:colcon.colcon_core.package_identification:_identify(src/sim_gazebo) by extension 'colcon_meta'
[1.184s] Level 1:colcon.colcon_core.package_identification:_identify(src/sim_gazebo) by extensions ['ros']
[1.184s] Level 1:colcon.colcon_core.package_identification:_identify(src/sim_gazebo) by extension 'ros'
[1.184s] Level 1:colcon.colcon_core.package_identification:_identify(src/sim_gazebo) by extensions ['cmake', 'python']
[1.184s] Level 1:colcon.colcon_core.package_identification:_identify(src/sim_gazebo) by extension 'cmake'
[1.184s] Level 1:colcon.colcon_core.package_identification:_identify(src/sim_gazebo) by extension 'python'
[1.184s] Level 1:colcon.colcon_core.package_identification:_identify(src/sim_gazebo) by extensions ['python_setup_py']
[1.184s] Level 1:colcon.colcon_core.package_identification:_identify(src/sim_gazebo) by extension 'python_setup_py'
[1.185s] Level 1:colcon.colcon_core.package_identification:_identify(src/sim_gazebo/bridge_ign) by extensions ['ignore', 'ignore_ament_install']
[1.185s] Level 1:colcon.colcon_core.package_identification:_identify(src/sim_gazebo/bridge_ign) by extension 'ignore'
[1.185s] Level 1:colcon.colcon_core.package_identification:_identify(src/sim_gazebo/bridge_ign) by extension 'ignore_ament_install'
[1.185s] Level 1:colcon.colcon_core.package_identification:_identify(src/sim_gazebo/bridge_ign) by extensions ['colcon_pkg']
[1.185s] Level 1:colcon.colcon_core.package_identification:_identify(src/sim_gazebo/bridge_ign) by extension 'colcon_pkg'
[1.185s] Level 1:colcon.colcon_core.package_identification:_identify(src/sim_gazebo/bridge_ign) by extensions ['colcon_meta']
[1.185s] Level 1:colcon.colcon_core.package_identification:_identify(src/sim_gazebo/bridge_ign) by extension 'colcon_meta'
[1.185s] Level 1:colcon.colcon_core.package_identification:_identify(src/sim_gazebo/bridge_ign) by extensions ['ros']
[1.185s] Level 1:colcon.colcon_core.package_identification:_identify(src/sim_gazebo/bridge_ign) by extension 'ros'
[1.186s] DEBUG:colcon.colcon_core.package_identification:Package 'src/sim_gazebo/bridge_ign' with type 'ros.ament_cmake' and name 'bridge_ign'
[1.187s] Level 1:colcon.colcon_core.package_identification:_identify(src/sim_gazebo/demo_gazebo_sim) by extensions ['ignore', 'ignore_ament_install']
[1.187s] Level 1:colcon.colcon_core.package_identification:_identify(src/sim_gazebo/demo_gazebo_sim) by extension 'ignore'
[1.187s] Level 1:colcon.colcon_core.package_identification:_identify(src/sim_gazebo/demo_gazebo_sim) by extension 'ignore_ament_install'
[1.187s] Level 1:colcon.colcon_core.package_identification:_identify(src/sim_gazebo/demo_gazebo_sim) by extensions ['colcon_pkg']
[1.187s] Level 1:colcon.colcon_core.package_identification:_identify(src/sim_gazebo/demo_gazebo_sim) by extension 'colcon_pkg'
[1.187s] Level 1:colcon.colcon_core.package_identification:_identify(src/sim_gazebo/demo_gazebo_sim) by extensions ['colcon_meta']
[1.187s] Level 1:colcon.colcon_core.package_identification:_identify(src/sim_gazebo/demo_gazebo_sim) by extension 'colcon_meta'
[1.187s] Level 1:colcon.colcon_core.package_identification:_identify(src/sim_gazebo/demo_gazebo_sim) by extensions ['ros']
[1.187s] Level 1:colcon.colcon_core.package_identification:_identify(src/sim_gazebo/demo_gazebo_sim) by extension 'ros'
[1.188s] DEBUG:colcon.colcon_core.package_identification:Package 'src/sim_gazebo/demo_gazebo_sim' with type 'ros.ament_cmake' and name 'demo_gazebo_sim'
[1.188s] Level 1:colcon.colcon_core.package_identification:_identify(src/sim_stage) by extensions ['ignore', 'ignore_ament_install']
[1.188s] Level 1:colcon.colcon_core.package_identification:_identify(src/sim_stage) by extension 'ignore'
[1.188s] Level 1:colcon.colcon_core.package_identification:_identify(src/sim_stage) by extension 'ignore_ament_install'
[1.188s] Level 1:colcon.colcon_core.package_identification:_identify(src/sim_stage) by extensions ['colcon_pkg']
[1.188s] Level 1:colcon.colcon_core.package_identification:_identify(src/sim_stage) by extension 'colcon_pkg'
[1.188s] Level 1:colcon.colcon_core.package_identification:_identify(src/sim_stage) by extensions ['colcon_meta']
[1.188s] Level 1:colcon.colcon_core.package_identification:_identify(src/sim_stage) by extension 'colcon_meta'
[1.188s] Level 1:colcon.colcon_core.package_identification:_identify(src/sim_stage) by extensions ['ros']
[1.188s] Level 1:colcon.colcon_core.package_identification:_identify(src/sim_stage) by extension 'ros'
[1.188s] Level 1:colcon.colcon_core.package_identification:_identify(src/sim_stage) by extensions ['cmake', 'python']
[1.188s] Level 1:colcon.colcon_core.package_identification:_identify(src/sim_stage) by extension 'cmake'
[1.188s] Level 1:colcon.colcon_core.package_identification:_identify(src/sim_stage) by extension 'python'
[1.188s] Level 1:colcon.colcon_core.package_identification:_identify(src/sim_stage) by extensions ['python_setup_py']
[1.188s] Level 1:colcon.colcon_core.package_identification:_identify(src/sim_stage) by extension 'python_setup_py'
[1.189s] Level 1:colcon.colcon_core.package_identification:_identify(src/sim_stage/Stage) by extensions ['ignore', 'ignore_ament_install']
[1.189s] Level 1:colcon.colcon_core.package_identification:_identify(src/sim_stage/Stage) by extension 'ignore'
[1.189s] Level 1:colcon.colcon_core.package_identification:_identify(src/sim_stage/Stage) by extension 'ignore_ament_install'
[1.189s] Level 1:colcon.colcon_core.package_identification:_identify(src/sim_stage/Stage) by extensions ['colcon_pkg']
[1.189s] Level 1:colcon.colcon_core.package_identification:_identify(src/sim_stage/Stage) by extension 'colcon_pkg'
[1.189s] Level 1:colcon.colcon_core.package_identification:_identify(src/sim_stage/Stage) by extensions ['colcon_meta']
[1.189s] Level 1:colcon.colcon_core.package_identification:_identify(src/sim_stage/Stage) by extension 'colcon_meta'
[1.189s] Level 1:colcon.colcon_core.package_identification:_identify(src/sim_stage/Stage) by extensions ['ros']
[1.189s] Level 1:colcon.colcon_core.package_identification:_identify(src/sim_stage/Stage) by extension 'ros'
[1.189s] Level 1:colcon.colcon_core.package_identification:_identify(src/sim_stage/Stage) by extensions ['cmake', 'python']
[1.189s] Level 1:colcon.colcon_core.package_identification:_identify(src/sim_stage/Stage) by extension 'cmake'
[1.189s] Level 1:colcon.colcon_core.package_identification:_identify(src/sim_stage/Stage) by extension 'python'
[1.189s] Level 1:colcon.colcon_core.package_identification:_identify(src/sim_stage/Stage) by extensions ['python_setup_py']
[1.189s] Level 1:colcon.colcon_core.package_identification:_identify(src/sim_stage/Stage) by extension 'python_setup_py'
[1.190s] Level 1:colcon.colcon_core.package_identification:_identify(src/sim_stage/Stage/Stage) by extensions ['ignore', 'ignore_ament_install']
[1.190s] Level 1:colcon.colcon_core.package_identification:_identify(src/sim_stage/Stage/Stage) by extension 'ignore'
[1.190s] Level 1:colcon.colcon_core.package_identification:_identify(src/sim_stage/Stage/Stage) by extension 'ignore_ament_install'
[1.190s] Level 1:colcon.colcon_core.package_identification:_identify(src/sim_stage/Stage/Stage) by extensions ['colcon_pkg']
[1.190s] Level 1:colcon.colcon_core.package_identification:_identify(src/sim_stage/Stage/Stage) by extension 'colcon_pkg'
[1.190s] Level 1:colcon.colcon_core.package_identification:_identify(src/sim_stage/Stage/Stage) by extensions ['colcon_meta']
[1.190s] Level 1:colcon.colcon_core.package_identification:_identify(src/sim_stage/Stage/Stage) by extension 'colcon_meta'
[1.190s] Level 1:colcon.colcon_core.package_identification:_identify(src/sim_stage/Stage/Stage) by extensions ['ros']
[1.190s] Level 1:colcon.colcon_core.package_identification:_identify(src/sim_stage/Stage/Stage) by extension 'ros'
[1.190s] Level 1:colcon.colcon_core.package_identification:_identify(src/sim_stage/Stage/Stage) by extensions ['cmake', 'python']
[1.190s] Level 1:colcon.colcon_core.package_identification:_identify(src/sim_stage/Stage/Stage) by extension 'cmake'
[1.215s] Level 1:colcon.colcon_core.package_identification:_identify(src/sim_stage/Stage/Stage) by extension 'python'
[1.215s] DEBUG:colcon.colcon_core.package_identification:Package 'src/sim_stage/Stage/Stage' with type 'cmake' and name 'Stage'
[1.215s] Level 1:colcon.colcon_core.package_identification:_identify(src/sim_stage/demo_stage_sim) by extensions ['ignore', 'ignore_ament_install']
[1.216s] Level 1:colcon.colcon_core.package_identification:_identify(src/sim_stage/demo_stage_sim) by extension 'ignore'
[1.216s] Level 1:colcon.colcon_core.package_identification:_identify(src/sim_stage/demo_stage_sim) by extension 'ignore_ament_install'
[1.216s] Level 1:colcon.colcon_core.package_identification:_identify(src/sim_stage/demo_stage_sim) by extensions ['colcon_pkg']
[1.216s] Level 1:colcon.colcon_core.package_identification:_identify(src/sim_stage/demo_stage_sim) by extension 'colcon_pkg'
[1.216s] Level 1:colcon.colcon_core.package_identification:_identify(src/sim_stage/demo_stage_sim) by extensions ['colcon_meta']
[1.216s] Level 1:colcon.colcon_core.package_identification:_identify(src/sim_stage/demo_stage_sim) by extension 'colcon_meta'
[1.216s] Level 1:colcon.colcon_core.package_identification:_identify(src/sim_stage/demo_stage_sim) by extensions ['ros']
[1.216s] Level 1:colcon.colcon_core.package_identification:_identify(src/sim_stage/demo_stage_sim) by extension 'ros'
[1.219s] DEBUG:colcon.colcon_core.package_identification:Package 'src/sim_stage/demo_stage_sim' with type 'ros.ament_cmake' and name 'demo_stage_sim'
[1.220s] Level 1:colcon.colcon_core.package_identification:_identify(src/sim_stage/ira_laser_tools) by extensions ['ignore', 'ignore_ament_install']
[1.221s] Level 1:colcon.colcon_core.package_identification:_identify(src/sim_stage/ira_laser_tools) by extension 'ignore'
[1.221s] Level 1:colcon.colcon_core.package_identification:_identify(src/sim_stage/ira_laser_tools) by extension 'ignore_ament_install'
[1.221s] Level 1:colcon.colcon_core.package_identification:_identify(src/sim_stage/ira_laser_tools) by extensions ['colcon_pkg']
[1.221s] Level 1:colcon.colcon_core.package_identification:_identify(src/sim_stage/ira_laser_tools) by extension 'colcon_pkg'
[1.221s] Level 1:colcon.colcon_core.package_identification:_identify(src/sim_stage/ira_laser_tools) by extensions ['colcon_meta']
[1.221s] Level 1:colcon.colcon_core.package_identification:_identify(src/sim_stage/ira_laser_tools) by extension 'colcon_meta'
[1.221s] Level 1:colcon.colcon_core.package_identification:_identify(src/sim_stage/ira_laser_tools) by extensions ['ros']
[1.221s] Level 1:colcon.colcon_core.package_identification:_identify(src/sim_stage/ira_laser_tools) by extension 'ros'
[1.224s] DEBUG:colcon.colcon_core.package_identification:Package 'src/sim_stage/ira_laser_tools' with type 'ros.ament_cmake' and name 'ira_laser_tools'
[1.228s] Level 1:colcon.colcon_core.package_identification:_identify(src/sim_stage/stage_ros2) by extensions ['ignore', 'ignore_ament_install']
[1.228s] Level 1:colcon.colcon_core.package_identification:_identify(src/sim_stage/stage_ros2) by extension 'ignore'
[1.228s] Level 1:colcon.colcon_core.package_identification:_identify(src/sim_stage/stage_ros2) by extension 'ignore_ament_install'
[1.229s] Level 1:colcon.colcon_core.package_identification:_identify(src/sim_stage/stage_ros2) by extensions ['colcon_pkg']
[1.229s] Level 1:colcon.colcon_core.package_identification:_identify(src/sim_stage/stage_ros2) by extension 'colcon_pkg'
[1.229s] Level 1:colcon.colcon_core.package_identification:_identify(src/sim_stage/stage_ros2) by extensions ['colcon_meta']
[1.229s] Level 1:colcon.colcon_core.package_identification:_identify(src/sim_stage/stage_ros2) by extension 'colcon_meta'
[1.229s] Level 1:colcon.colcon_core.package_identification:_identify(src/sim_stage/stage_ros2) by extensions ['ros']
[1.229s] Level 1:colcon.colcon_core.package_identification:_identify(src/sim_stage/stage_ros2) by extension 'ros'
[1.229s] Level 1:colcon.colcon_core.package_identification:_identify(src/sim_stage/stage_ros2) by extensions ['cmake', 'python']
[1.229s] Level 1:colcon.colcon_core.package_identification:_identify(src/sim_stage/stage_ros2) by extension 'cmake'
[1.229s] Level 1:colcon.colcon_core.package_identification:_identify(src/sim_stage/stage_ros2) by extension 'python'
[1.229s] Level 1:colcon.colcon_core.package_identification:_identify(src/sim_stage/stage_ros2) by extensions ['python_setup_py']
[1.229s] Level 1:colcon.colcon_core.package_identification:_identify(src/sim_stage/stage_ros2) by extension 'python_setup_py'
[1.229s] Level 1:colcon.colcon_core.package_identification:_identify(src/sim_stage/stage_ros2/stage_ros2) by extensions ['ignore', 'ignore_ament_install']
[1.229s] Level 1:colcon.colcon_core.package_identification:_identify(src/sim_stage/stage_ros2/stage_ros2) by extension 'ignore'
[1.230s] Level 1:colcon.colcon_core.package_identification:_identify(src/sim_stage/stage_ros2/stage_ros2) by extension 'ignore_ament_install'
[1.230s] Level 1:colcon.colcon_core.package_identification:_identify(src/sim_stage/stage_ros2/stage_ros2) by extensions ['colcon_pkg']
[1.230s] Level 1:colcon.colcon_core.package_identification:_identify(src/sim_stage/stage_ros2/stage_ros2) by extension 'colcon_pkg'
[1.230s] Level 1:colcon.colcon_core.package_identification:_identify(src/sim_stage/stage_ros2/stage_ros2) by extensions ['colcon_meta']
[1.230s] Level 1:colcon.colcon_core.package_identification:_identify(src/sim_stage/stage_ros2/stage_ros2) by extension 'colcon_meta'
[1.230s] Level 1:colcon.colcon_core.package_identification:_identify(src/sim_stage/stage_ros2/stage_ros2) by extensions ['ros']
[1.230s] Level 1:colcon.colcon_core.package_identification:_identify(src/sim_stage/stage_ros2/stage_ros2) by extension 'ros'
[1.232s] DEBUG:colcon.colcon_core.package_identification:Package 'src/sim_stage/stage_ros2/stage_ros2' with type 'ros.ament_cmake' and name 'stage_ros2'
[1.232s] Level 1:colcon.colcon_core.package_discovery:discover_packages(recursive) using defaults
[1.232s] Level 1:colcon.colcon_core.package_discovery:discover_packages(ignore) discover
[1.232s] Level 1:colcon.colcon_core.package_discovery:discover_packages(ignore) using defaults
[1.232s] Level 1:colcon.colcon_core.package_discovery:discover_packages(path) discover
[1.232s] Level 1:colcon.colcon_core.package_discovery:discover_packages(path) using defaults
[1.318s] INFO:colcon.colcon_core.package_selection:Skipping not selected package 'Stage' in 'src/sim_stage/Stage/Stage'
[1.318s] INFO:colcon.colcon_core.package_selection:Skipping not selected package 'bridge_ign' in 'src/sim_gazebo/bridge_ign'
[1.319s] INFO:colcon.colcon_core.package_selection:Skipping not selected package 'demo_gazebo_sim' in 'src/sim_gazebo/demo_gazebo_sim'
[1.319s] INFO:colcon.colcon_core.package_selection:Skipping not selected package 'ira_laser_tools' in 'src/sim_stage/ira_laser_tools'
[1.319s] INFO:colcon.colcon_core.package_selection:Skipping not selected package 'mycar_description' in 'src/mycar/mycar_description'
[1.319s] INFO:colcon.colcon_core.package_selection:Skipping not selected package 'mycar_description_detailed' in 'src/mycar/mycar_description_detailed'
[1.319s] INFO:colcon.colcon_core.package_selection:Skipping not selected package 'stage_ros2' in 'src/sim_stage/stage_ros2/stage_ros2'
[1.320s] Level 1:colcon.colcon_core.package_discovery:discover_packages(prefix_path) check parameters
[1.320s] Level 1:colcon.colcon_core.package_discovery:discover_packages(prefix_path) discover
[1.330s] DEBUG:colcon.colcon_installed_package_information.package_discovery:Found 5 installed packages in /home/abc/ROS2_SIM_WS/install
[1.333s] DEBUG:colcon.colcon_installed_package_information.package_discovery:Found 336 installed packages in /opt/ros/humble
[1.334s] Level 1:colcon.colcon_core.package_discovery:discover_packages(prefix_path) using defaults
[1.479s] Level 5:colcon.colcon_core.verb:set package 'demo_stage_sim' build argument 'cmake_args' from command line to 'None'
[1.479s] Level 5:colcon.colcon_core.verb:set package 'demo_stage_sim' build argument 'cmake_target' from command line to 'None'
[1.479s] Level 5:colcon.colcon_core.verb:set package 'demo_stage_sim' build argument 'cmake_target_skip_unavailable' from command line to 'False'
[1.479s] Level 5:colcon.colcon_core.verb:set package 'demo_stage_sim' build argument 'cmake_clean_cache' from command line to 'False'
[1.479s] Level 5:colcon.colcon_core.verb:set package 'demo_stage_sim' build argument 'cmake_clean_first' from command line to 'False'
[1.479s] Level 5:colcon.colcon_core.verb:set package 'demo_stage_sim' build argument 'cmake_force_configure' from command line to 'False'
[1.479s] Level 5:colcon.colcon_core.verb:set package 'demo_stage_sim' build argument 'ament_cmake_args' from command line to 'None'
[1.479s] Level 5:colcon.colcon_core.verb:set package 'demo_stage_sim' build argument 'catkin_cmake_args' from command line to 'None'
[1.479s] Level 5:colcon.colcon_core.verb:set package 'demo_stage_sim' build argument 'catkin_skip_building_tests' from command line to 'False'
[1.479s] DEBUG:colcon.colcon_core.verb:Building package 'demo_stage_sim' with the following arguments: {'ament_cmake_args': None, 'build_base': '/home/abc/ROS2_SIM_WS/build/demo_stage_sim', 'catkin_cmake_args': None, 'catkin_skip_building_tests': False, 'cmake_args': None, 'cmake_clean_cache': False, 'cmake_clean_first': False, 'cmake_force_configure': False, 'cmake_target': None, 'cmake_target_skip_unavailable': False, 'install_base': '/home/abc/ROS2_SIM_WS/install/demo_stage_sim', 'merge_install': False, 'path': '/home/abc/ROS2_SIM_WS/src/sim_stage/demo_stage_sim', 'symlink_install': False, 'test_result_base': None}
[1.479s] INFO:colcon.colcon_core.executor:Executing jobs using 'parallel' executor
[1.482s] DEBUG:colcon.colcon_parallel_executor.executor.parallel:run_until_complete
[1.482s] INFO:colcon.colcon_ros.task.ament_cmake.build:Building ROS package in '/home/abc/ROS2_SIM_WS/src/sim_stage/demo_stage_sim' with build type 'ament_cmake'
[1.482s] INFO:colcon.colcon_cmake.task.cmake.build:Building CMake package in '/home/abc/ROS2_SIM_WS/src/sim_stage/demo_stage_sim'
[1.490s] INFO:colcon.colcon_core.plugin_system:Skipping extension 'colcon_core.shell.bat': Not used on non-Windows systems
[1.490s] INFO:colcon.colcon_core.shell:Skip shell extension 'powershell' for command environment: Not usable outside of PowerShell
[1.490s] DEBUG:colcon.colcon_core.shell:Skip shell extension 'dsv' for command environment
[1.511s] DEBUG:colcon.colcon_core.event_handler.log_command:Invoking command in '/home/abc/ROS2_SIM_WS/build/demo_stage_sim': CMAKE_PREFIX_PATH=/home/abc/ROS2_SIM_WS/install/stage_ros2:/home/abc/ROS2_SIM_WS/install/Stage:/home/abc/ROS2_SIM_WS/install/demo_stage_sim:/home/abc/ROS2_SIM_WS/install/mycar_description:/home/abc/ROS2_SIM_WS/install/demo_gazebo_sim:/opt/ros/humble /usr/bin/cmake --build /home/abc/ROS2_SIM_WS/build/demo_stage_sim -- -j4 -l4
[1.732s] DEBUG:colcon.colcon_core.event_handler.log_command:Invoked command in '/home/abc/ROS2_SIM_WS/build/demo_stage_sim' returned '0': CMAKE_PREFIX_PATH=/home/abc/ROS2_SIM_WS/install/stage_ros2:/home/abc/ROS2_SIM_WS/install/Stage:/home/abc/ROS2_SIM_WS/install/demo_stage_sim:/home/abc/ROS2_SIM_WS/install/mycar_description:/home/abc/ROS2_SIM_WS/install/demo_gazebo_sim:/opt/ros/humble /usr/bin/cmake --build /home/abc/ROS2_SIM_WS/build/demo_stage_sim -- -j4 -l4
[1.756s] DEBUG:colcon.colcon_core.event_handler.log_command:Invoking command in '/home/abc/ROS2_SIM_WS/build/demo_stage_sim': CMAKE_PREFIX_PATH=/home/abc/ROS2_SIM_WS/install/stage_ros2:/home/abc/ROS2_SIM_WS/install/Stage:/home/abc/ROS2_SIM_WS/install/demo_stage_sim:/home/abc/ROS2_SIM_WS/install/mycar_description:/home/abc/ROS2_SIM_WS/install/demo_gazebo_sim:/opt/ros/humble /usr/bin/cmake --install /home/abc/ROS2_SIM_WS/build/demo_stage_sim
[1.785s] Level 1:colcon.colcon_core.environment:create_environment_scripts_only(demo_stage_sim)
[1.789s] DEBUG:colcon.colcon_core.event_handler.log_command:Invoked command in '/home/abc/ROS2_SIM_WS/build/demo_stage_sim' returned '0': CMAKE_PREFIX_PATH=/home/abc/ROS2_SIM_WS/install/stage_ros2:/home/abc/ROS2_SIM_WS/install/Stage:/home/abc/ROS2_SIM_WS/install/demo_stage_sim:/home/abc/ROS2_SIM_WS/install/mycar_description:/home/abc/ROS2_SIM_WS/install/demo_gazebo_sim:/opt/ros/humble /usr/bin/cmake --install /home/abc/ROS2_SIM_WS/build/demo_stage_sim
[1.800s] Level 1:colcon.colcon_core.environment:checking '/home/abc/ROS2_SIM_WS/install/demo_stage_sim' for CMake module files
[1.802s] Level 1:colcon.colcon_core.environment:checking '/home/abc/ROS2_SIM_WS/install/demo_stage_sim' for CMake config files
[1.803s] Level 1:colcon.colcon_core.shell:create_environment_hook('demo_stage_sim', 'cmake_prefix_path')
[1.803s] INFO:colcon.colcon_core.shell:Creating environment hook '/home/abc/ROS2_SIM_WS/install/demo_stage_sim/share/demo_stage_sim/hook/cmake_prefix_path.ps1'
[1.808s] INFO:colcon.colcon_core.shell:Creating environment descriptor '/home/abc/ROS2_SIM_WS/install/demo_stage_sim/share/demo_stage_sim/hook/cmake_prefix_path.dsv'
[1.810s] INFO:colcon.colcon_core.shell:Creating environment hook '/home/abc/ROS2_SIM_WS/install/demo_stage_sim/share/demo_stage_sim/hook/cmake_prefix_path.sh'
[1.811s] Level 1:colcon.colcon_core.environment:checking '/home/abc/ROS2_SIM_WS/install/demo_stage_sim/bin'
[1.811s] Level 1:colcon.colcon_core.environment:checking '/home/abc/ROS2_SIM_WS/install/demo_stage_sim/lib/pkgconfig/demo_stage_sim.pc'
[1.811s] Level 1:colcon.colcon_core.environment:checking '/home/abc/ROS2_SIM_WS/install/demo_stage_sim/lib/python3.10/site-packages'
[1.812s] Level 1:colcon.colcon_core.environment:checking '/home/abc/ROS2_SIM_WS/install/demo_stage_sim/bin'
[1.813s] INFO:colcon.colcon_core.shell:Creating package script '/home/abc/ROS2_SIM_WS/install/demo_stage_sim/share/demo_stage_sim/package.ps1'
[1.815s] INFO:colcon.colcon_core.shell:Creating package descriptor '/home/abc/ROS2_SIM_WS/install/demo_stage_sim/share/demo_stage_sim/package.dsv'
[1.816s] INFO:colcon.colcon_core.shell:Creating package script '/home/abc/ROS2_SIM_WS/install/demo_stage_sim/share/demo_stage_sim/package.sh'
[1.818s] INFO:colcon.colcon_core.shell:Creating package script '/home/abc/ROS2_SIM_WS/install/demo_stage_sim/share/demo_stage_sim/package.bash'
[1.819s] INFO:colcon.colcon_core.shell:Creating package script '/home/abc/ROS2_SIM_WS/install/demo_stage_sim/share/demo_stage_sim/package.zsh'
[1.820s] Level 1:colcon.colcon_core.environment:create_file_with_runtime_dependencies(/home/abc/ROS2_SIM_WS/install/demo_stage_sim/share/colcon-core/packages/demo_stage_sim)
[1.821s] Level 1:colcon.colcon_core.environment:create_environment_scripts_only(demo_stage_sim)
[1.821s] Level 1:colcon.colcon_core.environment:checking '/home/abc/ROS2_SIM_WS/install/demo_stage_sim' for CMake module files
[1.822s] Level 1:colcon.colcon_core.environment:checking '/home/abc/ROS2_SIM_WS/install/demo_stage_sim' for CMake config files
[1.822s] Level 1:colcon.colcon_core.shell:create_environment_hook('demo_stage_sim', 'cmake_prefix_path')
[1.822s] INFO:colcon.colcon_core.shell:Creating environment hook '/home/abc/ROS2_SIM_WS/install/demo_stage_sim/share/demo_stage_sim/hook/cmake_prefix_path.ps1'
[1.823s] INFO:colcon.colcon_core.shell:Creating environment descriptor '/home/abc/ROS2_SIM_WS/install/demo_stage_sim/share/demo_stage_sim/hook/cmake_prefix_path.dsv'
[1.824s] INFO:colcon.colcon_core.shell:Creating environment hook '/home/abc/ROS2_SIM_WS/install/demo_stage_sim/share/demo_stage_sim/hook/cmake_prefix_path.sh'
[1.825s] Level 1:colcon.colcon_core.environment:checking '/home/abc/ROS2_SIM_WS/install/demo_stage_sim/bin'
[1.825s] Level 1:colcon.colcon_core.environment:checking '/home/abc/ROS2_SIM_WS/install/demo_stage_sim/lib/pkgconfig/demo_stage_sim.pc'
[1.825s] Level 1:colcon.colcon_core.environment:checking '/home/abc/ROS2_SIM_WS/install/demo_stage_sim/lib/python3.10/site-packages'
[1.826s] Level 1:colcon.colcon_core.environment:checking '/home/abc/ROS2_SIM_WS/install/demo_stage_sim/bin'
[1.826s] INFO:colcon.colcon_core.shell:Creating package script '/home/abc/ROS2_SIM_WS/install/demo_stage_sim/share/demo_stage_sim/package.ps1'
[1.827s] INFO:colcon.colcon_core.shell:Creating package descriptor '/home/abc/ROS2_SIM_WS/install/demo_stage_sim/share/demo_stage_sim/package.dsv'
[1.829s] INFO:colcon.colcon_core.shell:Creating package script '/home/abc/ROS2_SIM_WS/install/demo_stage_sim/share/demo_stage_sim/package.sh'
[1.830s] INFO:colcon.colcon_core.shell:Creating package script '/home/abc/ROS2_SIM_WS/install/demo_stage_sim/share/demo_stage_sim/package.bash'
[1.830s] INFO:colcon.colcon_core.shell:Creating package script '/home/abc/ROS2_SIM_WS/install/demo_stage_sim/share/demo_stage_sim/package.zsh'
[1.831s] Level 1:colcon.colcon_core.environment:create_file_with_runtime_dependencies(/home/abc/ROS2_SIM_WS/install/demo_stage_sim/share/colcon-core/packages/demo_stage_sim)
[1.831s] DEBUG:colcon.colcon_parallel_executor.executor.parallel:closing loop
[1.831s] DEBUG:colcon.colcon_parallel_executor.executor.parallel:loop closed
[1.831s] DEBUG:colcon.colcon_parallel_executor.executor.parallel:run_until_complete finished with '0'
[1.831s] DEBUG:colcon.colcon_core.event_reactor:joining thread
[1.853s] INFO:colcon.colcon_core.plugin_system:Skipping extension 'colcon_notification.desktop_notification.terminal_notifier': Not used on non-Darwin systems
[1.853s] INFO:colcon.colcon_core.plugin_system:Skipping extension 'colcon_notification.desktop_notification.win32': Not used on non-Windows systems
[1.853s] INFO:colcon.colcon_notification.desktop_notification:Sending desktop notification using 'notify2'
[2.054s] DEBUG:colcon.colcon_core.event_reactor:joined thread
[2.055s] INFO:colcon.colcon_core.shell:Creating prefix script '/home/abc/ROS2_SIM_WS/install/local_setup.ps1'
[2.056s] INFO:colcon.colcon_core.shell:Creating prefix util module '/home/abc/ROS2_SIM_WS/install/_local_setup_util_ps1.py'
[2.058s] INFO:colcon.colcon_core.shell:Creating prefix chain script '/home/abc/ROS2_SIM_WS/install/setup.ps1'
[2.060s] INFO:colcon.colcon_core.shell:Creating prefix script '/home/abc/ROS2_SIM_WS/install/local_setup.sh'
[2.062s] INFO:colcon.colcon_core.shell:Creating prefix util module '/home/abc/ROS2_SIM_WS/install/_local_setup_util_sh.py'
[2.065s] INFO:colcon.colcon_core.shell:Creating prefix chain script '/home/abc/ROS2_SIM_WS/install/setup.sh'
[2.066s] INFO:colcon.colcon_core.shell:Creating prefix script '/home/abc/ROS2_SIM_WS/install/local_setup.bash'
[2.068s] INFO:colcon.colcon_core.shell:Creating prefix chain script '/home/abc/ROS2_SIM_WS/install/setup.bash'
[2.069s] INFO:colcon.colcon_core.shell:Creating prefix script '/home/abc/ROS2_SIM_WS/install/local_setup.zsh'
[2.070s] INFO:colcon.colcon_core.shell:Creating prefix chain script '/home/abc/ROS2_SIM_WS/install/setup.zsh'
